"Taxon"	"NCBI_taxid"	"Synonyms"	"Taxonomic.level"	"Ecology"	"Diet_varies_by_lifestage"	"Other information"	"References"
"k__Metazoa;p__Platyhelminthes;c__Rhabditophora;o__Tricladida"	6159		"Order"	"Carnivores"	"No"		"Prasniski, M.E., Leal-Zanchet, A.M., 2009. Predatory behavior of the land flatworm Notogynaphallia abundans (Platyhelminthes: Tricladida). Zoologia (Curitiba Impresso) 26(4), 606-612."
"k__Metazoa;p__Platyhelminthes;c__Rhabditophora;o__Lecithoepitheliata;f__Prorhynchidae;g__Geocentrophora"	6171		"Genus"	"Detritivores"	"No"		"Adl, S.M., Ruiz‐Trillo, I., Wilson, M.L., 2006. Observations on a Geocentrophora sp. (Lecithoepitheliata) flatworm from forest soils in Nova Scotia. Journal of Natural History 40(23–24), 1381–1387. https://doi.org/10.1080/00222930600929285"
"k__Metazoa;p__Nematoda;c__Chromadorea;o__Rhabditida"	6236	"Strongylida"	"NA"	"NA"	"NA"	"Different feeding habits within the order"	
"k__Metazoa;p__Nematoda;c__Chromadorea;o__Rhabditida;f__Rhabditidae;g__Rhabditis"	6244	"Indorhabditis;Tribactis"	"Genus"	"Bacterivores"	"No"		"http://nemaplex.ucdavis.edu/"
"k__Metazoa;p__Nematoda;c__Chromadorea;o__Rhabditida;f__Ascarididae;g__Ascaris;s__Ascaris suum"	6253		"Species"	"Carnivores"	"No"		"Dărăbuş, G., Afrenie, M., Hotea, I., Imre, M., Morariu, S., 2014. Endoparasites in mammals from seven zoological gardens in Romania. Journal of Zoo and Wildlife Medicine 45(2), 239–246. https://doi.org/10.1638/2012-0170.1"
"k__Metazoa;p__Nematoda;c__Chromadorea;o__Rhabditida;f__Meloidogynidae;g__Meloidogyne;s__Meloidogyne arenaria"	6304	"Anguillula arenaria"	"Species"	"Herbivores"	"No"		"http://nemaplex.ucdavis.edu/"
"k__Metazoa;p__Nematoda;c__Chromadorea;o__Rhabditida;f__Meloidogynidae;g__Meloidogyne;s__Meloidogyne hapla"	6305		"Species"	"Herbivores"	"No"		"http://nemaplex.ucdavis.edu/"
"k__Metazoa;p__Nematoda;c__Enoplea;o__Trichinellida"	6329		"Order"	"Carnivores"	"No"		"http://nemaplex.ucdavis.edu/"
"k__Metazoa;p__Nematoda;c__Chromadorea;o__Strongylida;f__Heligmosomatidae;g__Heligmosomoides"	6338		"Genus"	"Carnivores"	"No"		"http://nemaplex.ucdavis.edu/"
"k__Metazoa;p__Annelida;c__Clitellata;o__Haplotaxida"	6382		"NA"	"NA"	"NA"		
"k__Metazoa;p__Annelida;c__Clitellata;o__Enchytraeida;f__Enchytraeidae"	6388		"Family"	"Detritivores"	"No"		"Conti, E., Mulder, C., 2022. Chemistry-driven Enchytraeidae assemblages acting as soil and ecosystem engineers in edaphic communities.Ecological Indicators 144, 109529.https://doi.org/10.1016/j.ecolind.2022.109529"
"k__Metazoa;p__Annelida;c__Clitellata;o__Crassiclitellata;f__Lumbricidae;g__Eisenia;s__Eisenia fetida"	6396	"Eisenia foetida;Eiseniella fetida;Enterion fetidum"	"Species"	"Detritivores"	"No"		"Reinecke, A.J., Viljoen, S.A., 1990. The influence of feeding patterns on growth and reproduction of the vermicomposting earthworm Eisenia fetida (Oligochaeta).Biology and Fertility of Soils 10(3), 184–187.https://doi.org/10.1007/bf00336133"
"k__Metazoa;p__Mollusca;c__Gastropoda"	6448		"NA"	"NA"	"NA"	"Different feeding habits within the class"	
"k__Metazoa;p__Mollusca;c__Gastropoda;o__;f__Planorbidae;g__Biomphalaria;s__Biomphalaria glabrata"	6526	"Australorbis glabratus;Planorbis glabratus"	"Species"	"Detritivores"	"No"		"Thomas, J.D., Nwanko, D.I., Sterry P.R., 1985. The feeding strategies of juvenile and adult Biomphalaria glabrata (Say) under simulated natural conditions and their relevance to ecological theory and snail control. Proceedings of the Royal Society of London, Series B  226, 177-209. http://doi.org/10.1098/rspb.1985.0090"
"k__Metazoa;p__Arthropoda;c__Branchiopoda;o__Cyclopoida;f__Daphniidae;g__Daphnia;s__Daphnia pulex"	6669		"NA"	"NA"	"NA"		
"k__Metazoa;p__Arthropoda;c__Arachnida;o__Araneae"	6893		"Order"	"Carnivores"	"No"		
"k__Metazoa;p__Arthropoda;c__Arachnida;o__Araneae;f__Agelenidae"	6906		"Family"	"Carnivores"	"No"		"Nyffeler, M., Benz, G., 1981. Field studies on the feeding ecology of spiders: observations in the region of Zurich (Switzerland). Anzeiger für Schädlingskunde, Pflanzenschutz, Umweltschutz 54, 33-39. / Nyffeler, M., Olson, E. J., Symondson, W. O. C., 2016. Plant-eating by spiders. Journal of Arachnology 44(1), 15–27. https://doi.org/10.1636/p15-45.1"
"k__Metazoa;p__Arthropoda;c__Arachnida;o__Ixodida;f__Ixodidae"	6939		"Family"	"Carnivores"	"No"	"Hematophagous"	"Sonenshine, D.E., 1991. Biology of ticks, vol. 1, Oxford University Press, New York."
"k__Metazoa;p__Arthropoda;c__Arachnida;o__Sarcoptiformes;f__Pyroglyphidae;g__Euroglyphus;s__Euroglyphus maynei"	6958	"Mealia maynei"	"Species"	"Detritivores"	"No"		"Mumcuoğlu, K.Y., Özkan, A.T., 2020. Preventive measures to avoid contact with house dust mites and their allergens. Acarological Studies 2(1), 1-6."
"k__Metazoa;p__Arthropoda;c__Insecta;o__Orthoptera"	6993	"Saltatoria"	"NA"	"NA"	"NA"	"Different feeding habits within the order"	
"k__Metazoa;p__Arthropoda;c__Insecta;o__Orthoptera;f__Gryllidae;g__Acheta;s__Acheta domesticus"	6997	"Gryllus domesticus"	"Species"	"Omnivores"	"No"		"Ogita, S., Tanaka, Y., Kuriwada, T., 2021. Effect of diet on body size and survival of omnivorous crickets. Entomological Science 24(4), 347–353. https://doi.org/10.1111/ens.12487"
"k__Metazoa;p__Arthropoda;c__Insecta;o__Orthoptera;f__Acrididae;g__Stauroderus;s__Stauroderus scalaris"	7019	"Chorthippus scalaris;Oedipoda scalaris"	"Species"	"Herbivores"	"No"	"Chorthippus (= Stauroderus) scalaris"	"Ibanez, S., Bison, M., Lavorel, S., Moretti, M., 2013. Herbivore species identity mediates interspecific competition between plants. Community Ecology 14(1), 41–47. https://doi.org/10.1556/comec.14.2013.1.5"
"k__Metazoa;p__Arthropoda;c__Insecta;o__Hemiptera;f__Aleyrodidae;g__Bemisia;s__Bemisia tabaci"	7038	"Aleurodes tabaci;Aleyrodes tabaci"	"Species"	"Herbivores"	"No"		"Lu, S., Chen, M., Li, J., Shi, Y., Gu, Q., Yan, F., 2019. Changes in Bemisia tabaci feeding behaviors caused directly and indirectly by cucurbit chlorotic yellows virus. Virology Journal 16(1). https://doi.org/10.1186/s12985-019-1215-8"
"k__Metazoa;p__Arthropoda;c__Insecta;o__Lepidoptera;f__Bombycidae;g__Bombyx;s__Bombyx mori"	7091	"Phalaena mori"	"Species"	"Herbivores"	"No"		"Zhang, Z.-J., Zhang, S.-S., Niu, B.-L., Ji, D.-F., Liu, X.-J., Li, M.-W., Bai, H., Palli, S. R., Wang, C.-Z., Tan, A.-J., 2019. A determining factor for insect feeding preference in the silkworm, Bombyx mori. PLOS Biology 17(2), e3000162. https://doi.org/10.1371/journal.pbio.3000162"
"k__Metazoa;p__Arthropoda;c__Insecta;o__Lepidoptera;f__Saturniidae;g__Antheraea;s__Antheraea pernyi"	7119	"Bombyx pernyi"	"Species"	"Herbivores"	"No"		"Li, W., Zhang, Z., Lin, L., Terenius, O., 2017. Antheraea pernyi (Lepidoptera: Saturniidae) and Its Importance in Sericulture, Food Consumption, and Traditional Chinese Medicine. Journal of Economic Entomology 110(4), 1404–1411. https://doi.org/10.1093/jee/tox140"
"k__Metazoa;p__Arthropoda;c__Insecta;o__Diptera;f__Chironomidae;g__Chironomus;s__Chironomus tentans"	7153	"Chironomus (Camptochironomus) tentans"	"Species"	"Detritivores"	"No"	"Larvae are detritiovres, adults don't feeds"	"Lacey, R., Watzin, M. C., McIntosh, A.W., 1999. Sediment organic matter content as a confounding factor in toxicity tests with Chironomus tentans. Environmental Toxicology and Chemistry 18(2), 231–236. https://doi.org/10.1002/etc.5620180219. / Hein, J., Mahadeva, M. N., 1992. Rearing & Maintaining Midge Cultures (Chironomus Tentans) for Laboratory Studies. The American Biology Teacher 54(4), 236–240. https://doi.org/10.2307/4449462"
"k__Metazoa;p__Arthropoda;c__Insecta;o__Diptera;f__Culicidae;g__Aedes;s__Aedes aegypti"	7159	"Aedes aegypti var. luciensis;Aedes (Stegomyia) aegypti;Culex aegypti;Stegomyia aegypti;Stegomyia fasciata var. luciensis"	"Species"	"Omnivores"	"Yes"	"Larvae are detritivores, adults female are hematophagous"	"Joy, T.K., Arik, A.J., Corby-Harris, V., Johnson, A.A., Riehle, M.A., 2010. The impact of larval and adult dietary restriction on lifespan, reproduction and growth in the mosquito Aedes aegypti. Experimental Gerontology 45(9), 685–690. https://doi.org/10.1016/j.exger.2010.04.009."
"k__Metazoa;p__Arthropoda;c__Insecta;o__Diptera;f__Culicidae;g__Culex;s__Culex pipiens"	7175	"Culex agilis;Culex autogenicus;Culex azoriensis;Culex bicolor;Culex bifurcatus;Culex calcitrans;Culex calloti;Culex comitatus;Culex consobrinus;Culex dipseticus;Culex disjunctus;Culex doliorum;Culex domesticus;Culex erectus;Culex fasciatus;Culex haematophagus;Culex longefurcatus;Culex luteus;Culex marginalis;Culex melanorhinus;Culex meridionalis;Culex osakaensis;Culex pallipes;Culex phytophagus;Culex quasimodestus;Culex rufinus;Culex rufus;Culex sternopunctatus;Culex thoracicus;Culex torridus;Culex trifurcatus;Culex unistriatus;Culex varioannulatus"	"Species"	"Omnivores"	"Yes"	"Larvae are detritivores, adults female are hematophagous"	"Rizzoli, A., Bolzoni, L., Chadwick, E.A., Capelli, G., Montarsi, F., Grisenti, M., de la Puente, J. M., Muñoz, J., Figuerola, J., Soriguer, R., Anfora, G., Di Luca, M., Rosà, R., 2015. Understanding West Nile virus ecology in Europe: Culex pipiens host feeding preference in a hotspot of virus emergence. Parasites & Vectors 8, 213. https://doi.org/10.1186/s13071-015-0831-4. / Brackenbury, J., 2001. Locomotion through use of the mouth brushes in the larva of Culex pipiens (Diptera: Culicidae). Proceedings of the Royal Society of London. Series B: Biological Sciences 268(1462), 101–106. https://doi.org/10.1098/rspb.2000.1336."
"k__Metazoa;p__Arthropoda;c__Insecta;o__Diptera;f__Culicidae;g__Culex;s__Culex quinquefasciatus"	7176	"Culex (Culex) quinquefasciatus;Culex fatigans;Culex pipiens fatigans;Culex pipiens quinquefasciatus"	"Species"	"Omnivores"	"Yes"	"Larvae are microbivores/detritivores, adults are hematophagous"	"Gil, M.F., Fassolari, M., Battaglia, M.E., Berón, C.M., 2021. Culex quinquefasciatus larvae development arrested when fed on Neochloris aquatica. PLOS Neglected Tropical Diseases 15(12). https://doi.org/10.1371/journal.pntd.0009988"
"k__Metazoa;p__Arthropoda;c__Insecta;o__Diptera;f__Drosophilidae;g__Drosophila"	7215		"Genus"	"Herbivores"	"No"		"Ahmad, M., Chaudhary, S.U., Afzal, A.J., Tariq, M., 2015. Starvation-Induced Dietary Behaviour in Drosophila melanogaster Larvae and Adults. Scientific Reports 5, 14285. https://doi.org/10.1038/srep14285."
"k__Metazoa;p__Arthropoda;c__Insecta;o__Diptera;f__Drosophilidae;g__Drosophila;s__Drosophila sechellia"	7238		"Species"	"Herbivores"	"No"		"Salazar-Jaramillo, L., Wertheim, B., 2021. Does Drosophila sechellia escape parasitoid attack by feeding on a toxic resource? PeerJ 9, e10528. https://doi.org/10.7717/peerj.10528"
"k__Metazoa;p__Arthropoda;c__Insecta;o__Diptera;f__Drosophilidae;g__Scaptomyza;s__Scaptomyza pallida"	7300		"Species"	"Detritivores"	"No"		"Snyder, G.B., Smith, O.M., Chapman, E.G., Crossley, M.S., Crowder, D.W., Fu, Z., Harwood, J.D., Jensen, A.S., Krey, K.L., Lynch, C.A., Snyder, W.E., 2022. Alternative prey mediate intraguild predation in the open field. Pest Management Science 78(9), 3939-3946. https://doi.org/10.1002/ps.6825"
"k__Metazoa;p__Arthropoda;c__Insecta;o__Diptera;f__Sarcophagidae;g__Sarcophaga"	7384		"Genus"	"Omnivores"	"Yes"	"Larvae feed on dead arthropods, snails and small vertebrates which they can use as scavengers, parasitoids or predators, adults feed on sugar, carrion and dung."	"Brousseau, P-M., Giroux, M., Handa, I.T, 2020. First record on the biology of Sarcophaga (Bulbostyla) (Diptera, Sarcophagidae). ZooKeys 909, 59-66. https://doi.org/10.3897/zookeys.909.46488"
"k__Metazoa;p__Arthropoda;c__Insecta;o__Hymenoptera"	7399		"Order"	"NA"	"NA"	"Different feeding habits within the order"	
"k__Metazoa;p__Arthropoda;c__Insecta;o__Hymenoptera;f__Ichneumonidae;g__Diadromus;s__Diadromus collaris"	7421		"Species"	"Carnivores"	"No"		"Zhao, W., Dong, S., Shi, M., Chen, X.-X., 2014. Morphology and Development of Immature Stage of Diadromus collaris (Hymenoptera: Ichneumonidae), an Important Endoparasitoid of Plutella xylostella (Lepidoptera: Plutellidae). Annals of the Entomological Society of America 107(1), 234–241. https://doi.org/10.1603/an12132"
"k__Metazoa;p__Arthropoda;c__Insecta;o__Hymenoptera;f__Apidae;g__Apis;s__Apis mellifera"	7460	"Apis mellifica"	"Species"	"Herbivores"	"No"		"Taha, E.K.A., 2015. A study on nectar and pollen sources for honeybee, Apis mellifera L. in Al-Ahsa Saudi Arabia. Journal of Entomology and Zoology Studies 3(3), 272-277."
"k__Metazoa;p__Arthropoda;c__Insecta;o__Hymenoptera;f__Trichogrammatidae;g__Trichogramma"	7490		"Genus"	"Omnivores"	"Yes"	"Larvae are parassitoids, adults feed on nectar"	"Gurr, G.M., Nicol, H.I., 2000. Effect of food on longevity of adults of Trichogramma carverae Oatman and Pinto and Trichogramma nr brassicae Bezdenko (Hymenoptera: Trichogrammatidae). Australian Journal of Entomology 39, 185-187. https://doi.org/10.1046/j.1440-6055.2000.00159.x"
"k__Metazoa;p__Arthropoda;c__Insecta;o__Mantodea;f__Mantidae"	7505		"Family"	"Carnivores"	"No"		"Gullan, P.J., Cranston, P.S., 2014. The Insects: An Outline of Entomology, Fifth ed. Wiley-Blackwell,"
"k__Metazoa;p__Arthropoda;c__Insecta;o__Siphonaptera"	7509		"Order"	"Omnivores"	"Yes"	"Larvae are detritivores, adults are hematophagous"	"https://ucmp.berkeley.edu/arthropoda/uniramia/siphonaptera.html"
"k__Metazoa;p__Arthropoda;c__Insecta;o__Hemiptera"	7524		"Order"	"NA"	"NA"	"Different feeding habits within the order"	
"k__Metazoa;p__Arthropoda;c__Chilopoda"	7540		"Class"	"Carnivores"	"No"		"Potapov, A.M., Beaulieu, F., Birkhofer, K., Bluhm, S.L., Degtyarev, M.I., Devetter, M., Goncharov, A.A., Gongalsky, K.B., Klarner, B., Korobushkin, D.I., Liebke, D.F., Maraun, M., Mc Donnell, R.J., Pollierer, M.M., Schaefer, I., Shrubovych, J., Semenyuk, I.I., Sendra, A., Tuma, J., Tůmová, M., Vassilieva, A.B., Chen, T.-W., Geisen, S., Schmidt, O., Tiunov, A.V., Scheu, S., 2022. Feeding habits and multifunctional classification of soil-associated consumers from protists to vertebrates. Biological Reviews 97(3), 1057-1117. https://doi.org/10.1111/brv.12832"
"k__Metazoa;p__Arthropoda;c__Chilopoda;o__Lithobiomorpha;f__Lithobiidae;g__Lithobius;s__Lithobius forficatus"	7552	"Scolopendra forficata"	"Species"	"Carnivores"	"No"		"Schneider, F.D., Scheu, S., Brose, U., 2012. Body mass constraints on feeding rates determine the consequences of predator loss. Ecology Letters 15(5), 436–443. https://doi.org/10.1111/j.1461-0248.2012.01750.x"
"k__Metazoa;p__Arthropoda;c__Diplopoda"	7553		"NA"	"NA"	"NA"		
"k__Metazoa;p__Arthropoda;c__Insecta;o__Orthoptera;f__Acrididae;g__Chorthippus"	13008		"Genus"	"Herbivores"	"No"		"Hudewenz, A., Klein, A.-M., Scherber, C., Stanke, L., Tscharntke, T., Vogel, A., Weigelt, A., Weisser, W. W., Ebeling, A., 2012. Herbivore and pollinator responses to grassland management intensity along experimental changes in plant species richness. Biological Conservation 150(1), 42–52. https://doi.org/10.1016/j.biocon.2012.02.024"
"k__Metazoa;p__Arthropoda;c__Insecta;o__Dermaptera;f__Forficulidae;g__Forficula"	13067		"Genus"	"Omnivores"	"No"		"Shylesha, A.N., Jalali, S.K., Gupta, A., Varshney, R., Venkatesan, T., Shetty, P., Ojha, R., Ganiger, P.C., Navik, O., Subaharan, K., Bakthavatsalam, N., Ballal, C.R., Raghavendra, A., 2018. Studies on new invasive pest Spodoptera frugiperda (J.E. Smith) (Lepidoptera: Noctuidae) and its natural enemies. Journal of Biological control 32(3), 145-151. https://doi.org/10.18311/JBC/2018/21707.  / Johnson, J.B., McCaffrey, J.P., Merickel, F.W., 1992. Endemic phytophagous insects associated with yellow starthistle in northern Idaho. Pan-Pacific Entomologist 68(3), 169-173."
"k__Metazoa;p__Arthropoda;c__Insecta;o__Hemiptera;f__Aphididae;g__Melaphis;s__Melaphis rhois"	13142	"Byrsocrypta rhois"	"Species"	"Herbivores"	"No"		"Fernandes, G.W., Castro, F.M.C., Frazier, E., 1999. Leaflet abscission caused by a gall induced by Melaphis rhois (Homoptera: Aphididae) on Rhus glabra (Anacardiaceae). International Journal of Ecology and Environmental Sciences 25(1), 63–69."
"k__Metazoa;p__Arthropoda;c__Insecta;o__Hemiptera;f__Aphididae;g__Myzus;s__Myzus persicae"	13164	"Aphis persicae;Myzus (Nectarosiphon) persicae"	"Species"	"Herbivores"	"No"		"Ali, J., Bayram, A., Mukarram, M., Zhou, F., Karim, M.F., Hafez, M.M.A., Shamsi, I.H., 2023. Peach–potato aphid Myzus persicae: Current management strategies, challenges, and proposed solutions. Sustainability 15(14), 11150. https://doi.org/10.3390/su151411150"
"k__Metazoa;p__Arthropoda;c__Insecta;o__Hemiptera;f__Aphididae;g__Pemphigus"	13192		"Genus"	"Herbivores"	"No"		"https://www.fs.usda.gov/Internet/FSE_DOCUMENTS/stelprdb5351722.pdf"
"k__Metazoa;p__Arthropoda;c__Insecta;o__Diptera;f__Calliphoridae;g__Lucilia;s__Lucilia sericata"	13632	"Musca sericata;Phaenicia sericata"	"Species"	"Omnivores"	"Yes"	"Larvae are detritivores, adults feed on sugary substances"	"Martin, C., Verheggen, F., 2018. Behavioural response of Lucilia sericata to a decaying body infested by necrophagous insects. Physiological Entomology 43(3), 188–195. https://doi.org/10.1111/phen.12244. / Alqurashi, S., English, S., Wall, R., 2019. Nutritional requirements for reproduction and survival in the blowfly Lucilia sericata. Medical and Veterinary Entomology 34(2), 207–214. https://doi.org/10.1111/mve.12425"
"k__Metazoa;p__Annelida;c__Clitellata;o__Arhynchobdellida"	27386	"Arhynchobdellae;Arhynchobdelliformes"	"Order"	"Carnivores"	"No"	"In addition to the sanguivorous aquatic and terrestrial jungle leeches, other arhynchobdellid groups occupy various niches as non-sanguivorous predators of oligochaetes or of aquatic invertebrate larvae"	"Borda, E., Siddall, M .E., 2004 .Arhynchobdellida (Annelida: Oligochaeta: Hirudinida): phylogenetic relationships and evolution .Molecular Phylogenetics and Evolution 30(1), 213–225 .https://doi.org/10.1016/j.ympev.2003.09.002 ."
"k__Metazoa;p__Arthropoda;c__Insecta;o__Dermaptera"	27434		"Order"	"NA"	"NA"	"Different feeding habits within the order"	
"k__Metazoa;p__Arthropoda;c__Insecta;o__Diptera;f__Tephritidae;g__Bactrocera;s__Bactrocera dorsalis"	27457	"Bactrocera (Bactrocera) dorsalis;Bactrocera (Bactrocera) invadens;Bactrocera invadens;Bactrocera papayae;Bactrocera philippinensis;Dacus dorsalis"	"Species"	"Herbivores"	"No"		"Hou, Q.-L., Chen, E.-H., Dou, W., Wang, J.-J., 2020. Assessment of Bactrocera dorsalis (Diptera: Tephritidae) Diets on Adult Fecundity and Larval Development: Insights Into Employing the Sterile Insect Technique. Journal of Insect Science 20(1). https://doi.org/10.1093/jisesa/iez128."
"k__Metazoa;p__Arthropoda;c__Insecta;o__Zygentoma;f__Lepismatidae"	27551		"Family"	"Detritivores"	"No"		"Triplehorn, C.A., Johnson, N.F., 2005. Borror and DeLong's Introduction to the Study of Insects, seventh ed. Brooks/Cole, Pacific Grove, CA."
"k__Metazoa;p__Nematoda;c__Enoplea;o__Mermithida"	27838		"NA"	"NA"	"NA"		
"k__Metazoa;p__Nematoda;c__Enoplea;o__Mermithida;f__Mermithidae"	27840	"Mermitidae"	"Family"	"Carnivores"	"No"		"http://nemaplex.ucdavis.edu/"
"k__Metazoa;p__Platyhelminthes;c__Trematoda;o__Plagiorchiida"	27871		"Class"	"Carnivores"	"No"		"Gibson, D.I., Jones, A., Bray, R.A., 2002. Keys to the Trematoda, vol. 1. CABI Publishing and The Natural History Museum, Wallingford."
"k__Metazoa;p__Platyhelminthes;c__Rhabditophora;o__Rhabdocoela;f__Typhloplanidae"	27902	"Carcharodopharyngidae"	"NA"	"NA"	"NA"	"Different feeding habits within the family"	
"k__Metazoa;p__Arthropoda;c__Insecta;o__Hymenoptera;f__Apidae;g__Bombus"	28641		"Genus"	"Herbivores"	"No"		"Wood, T.J., Ghisbain, G., Rasmont, P., Kleijn, D., Raemakers, I., Praz, C., Killewald, M., Gibbs, J., Bobiwash, K., Boustani, M., Martinet, B., Michez, D., 2021. Global patterns in bumble bee pollen collection show phylogenetic conservation of diet. Journal of Animal Ecology 90(10), 2421–2430. https://doi.org/10.1111/1365-2656.13553"
"k__Metazoa;p__Arthropoda;c__Insecta;o__Coleoptera;f__Staphylinidae"	29026		"NA"	"Carnivores"	"No"		
"k__Metazoa;p__Arthropoda;c__Insecta;o__Coleoptera;f__Staphylinidae;g__Carpelimus"	29027		"Genus"	"Microbivores"	"No"	"Feed on algae"	"Svobodová, Z., Skoková Habuštová, O., Boháč, J., Sehnal, F., 2016. Functional diversity of staphylinid beetles (Coleoptera: Staphylinidae) in maize fields: testing the possible effect of genetically modified, insect resistant maize. Bulletin of Entomological Research 106(4), 432–445. https://doi.org/10.1017/s000748531500111x"
"k__Metazoa;p__Arthropoda;c__Protura"	29999	"Myrientomata"	"Class"	"Fungivores"	"No"		"Galli, L., Capurro, M., Colasanto, E., Molyneux, T., Murray, A., Torti, C., Zinni, M., 2020. A synopsis of the ecology of Protura (Arthropoda: Hexapoda). Revue suisse de Zoologie 126(2), 155-164. https://doi.org/10.5281/zenodo.3463443"
"k__Metazoa;p__Arthropoda;c__Collembola;o__Poduromorpha;f__Hypogastruridae;g__Hypogastrura"	30003		"NA"	"NA"	"NA"		
"k__Metazoa;p__Arthropoda;c__Insecta;o__Hemiptera;f__Cicadellidae;g__Graminella;s__Graminella nigrifrons"	30127		"Species"	"Herbivores"	"No"		"Hunt, R.E., Nault, L.R., 1991. Roles of interplant movement, acoustic communication, and phototaxis in mate-location behavior of the leafhopper Graminella nigrifrons. Behavioral Ecology and Sociobiology 28(5), 315–320. https://doi.org/10.1007/bf00164380"
"k__Metazoa;p__Arthropoda;c__Insecta;o__Thysanoptera"	30262		"NA"	"NA"	"NA"	"Different feeding habits within the order"	
"k__Metazoa;p__Nematoda;c__Chromadorea;o__Rhabditida;f__Rhabditidae;g__Rhabditella"	31237	"Rhabdibicauda"	"Genus"	"Bacterivores"	"No"		"http://nemaplex.ucdavis.edu/"
"k__Metazoa;p__Arthropoda;c__Arachnida;o__Trombidiformes;f__Tetranychidae;s__Tetranychus urticae"	32264		"Species"	"Herbivores"	"No"	"Pest on many crop plants, and their feeding activity is based on sucking leaf cell contents"	"Parmagnani, A.S., Mannino, G., Brillada, C., Novero, M., Dall’Osto, L., Maffei, M.E., 2023. Biology of Two-Spotted Spider Mite (Tetranychus urticae): Ultrastructure, Photosynthesis, Guanine Transcriptomics, Carotenoids and Chlorophylls Metabolism, and Decoyinine as a Potential Acaricide. International Journal of Molecular Sciences 24(2), 1715. https://doi.org/10.3390/ijms24021715"
"k__Metazoa;p__Nematoda;c__Chromadorea;o__Tylenchida"	33283	"Tylenchida"	"NA"	"NA"	"NA"	"Different feeding habits within the order"	
"k__Metazoa;p__Arthropoda;c__Malacostraca;o__Isopoda;f__Trichoniscidae;g__Trichoniscus;s__Trichoniscus pusillus"	33330		"Species"	"Detritivores"	"No"		"Kautz, G., Zimmer, M., Topp, W., 2000 Responses of the parthenogenetic isopod, Trichoniscus pusillus (Isopoda: Oniscidea), to changes in food quality. Pedobiologia 44, 75-85. https://doi.org/10.1078/S0031-4056(04)70029-3"
"k__Metazoa;p__Nematoda;c__Chromadorea;o__Rhabditida;f__Aphelenchoididae"	33823	"Aphelenchoidoididae"	"NA"	"NA"	"NA"	"Different feeding habits within the family"	
"k__Metazoa;p__Nematoda;c__Chromadorea;o__Rhabditida;f__Steinernematidae;g__Steinernema;s__Steinernema carpocapsae"	34508	"Neoaplectana carpocapsae"	"Species"	"Bacterivores"	"No"		"http://nemaplex.ucdavis.edu/"
"k__Metazoa;p__Nematoda;c__Chromadorea;o__Rhabditida;f__Heteroderidae;g__Heterodera"	34509	"Afenestrata"	"Genus"	"Herbivores"	"No"		"http://nemaplex.ucdavis.edu/"
"k__Metazoa;p__Nematoda;c__Chromadorea;o__Rhabditida;f__Heteroderidae;g__Heterodera;s__Heterodera avenae"	34510		"Species"	"Herbivores"	"No"		"http://nemaplex.ucdavis.edu/"
"k__Metazoa;p__Arthropoda;c__Arachnida;o__Ixodida;f__Ixodidae;g__Ixodes;s__Ixodes ricinus"	34613		"Species"	"Carnivores"	"No"	"Hematophagous"	"Matuschka, F.-R., Fischer, P., Musgrave, K., Richter, D., Spielman, A., 1991. Hosts on Which Nymphal Ixodes ficinus Most Abundantly Feed. The American Journal of Tropical Medicine and Hygiene 44(1), 100–107. https://doi.org/10.4269/ajtmh.1991.44.100"
"k__Metazoa;p__Arthropoda;c__Arachnida;o__Araneae;f__Theridiidae"	34643		"Family"	"Carnivores"	"No"		"Moura, R.R., Pêgo, P.T., Sobczak, J.F., Gonzaga, M.O., 2023. Individual diet specialization in the spider Tidarren haemorrhoidale (Bertkau, 1880) (Theridiidae). Ethology 129, 559–569. https://doi.org/10.1111/eth.13392"
"k__Metazoa;p__Nematoda;c__Chromadorea;o__Rhabditida;f__Rhabditidae;g__Pelodera;s__Pelodera strongyloides"	35557	"Pelodytes strongyloides"	"Species"	"Bacterivores"	"No"		"http://nemaplex.ucdavis.edu/"
"k__Metazoa;p__Nemertea;c__Enopla;o__Monostilifera;f__Tetrastemmatidae;g__Prostoma"	35727		"Genus"	"Carnivores"	"No"		"http://nemaplex.ucdavis.edu/"
"k__Metazoa;p__Arthropoda;c__Collembola;o__Poduromorpha;f__Neanuridae"	36138		"Family"	"Carnivores"	"No"	"Species within this family occupy high trophic positions, which was interpreted as feeding on nematodes or other microfauna "	"Potapov, A.M., Beaulieu, F., Birkhofer, K., Bluhm, S.L., Degtyarev, M.I., Devetter, M., Goncharov, A.A., Gongalsky, K.B., Klarner, B., Korobushkin, D.I., Liebke, D.F., Maraun, M., Mc Donnell, R.J., Pollierer, M.M., Schaefer, I., Shrubovych, J., Semenyuk, I.I., Sendra, A., Tuma, J., Tůmová, M., Vassilieva, A.B., Chen, T.-W., Geisen, S., Schmidt, O., Tiunov, A.V., Scheu, S., 2022. Feeding habits and multifunctional classification of soil-associated consumers from protists to vertebrates. Biological Reviews 97(3), 1057-1117. https://doi.org/10.1111/brv.12832"
"k__Metazoa;p__Arthropoda;c__Collembola;o__Entomobryomorpha;f__Isotomidae;g__Isotomurus"	36142		"Genus"	"Microbivores"	"No"	"Algivores"	"Rusek, J., 1998. Biodiversity of Collembola and their functional role in the ecosystem. Biodiversity and Conservation 7(9), 1207–1219. https://doi.org/10.1023/a:1008887817883"
"k__Metazoa;p__Arthropoda;c__Insecta;o__Hemiptera;f__Cixiidae"	36152	"Cixidae"	"Family"	"Herbivores"	"No"		"https://bugguide.net/node/view/9957"
"k__Metazoa;p__Arthropoda;c__Insecta;o__Diptera;f__Phoridae;g__Megaselia"	36165		"Genus"	"NA"	"NA"	"Different feeding habits within the genus"	
"k__Metazoa;p__Arthropoda;c__Insecta;o__Diptera;f__Phoridae;g__Megaselia;s__Megaselia scalaris"	36166	"Phora scalaris"	"Species"	"Omnivores"	"No"	"Larvae and adults are omnivores"	"Chen, R., Huval, F., Reagan, T.E., Carlton, C., 2022. Megaselia scalaris, Scuttle Fly (Diptera: Phoridae). BUG BIZ, pest management and insect identification series, LSU AgCenter. Available at: https://www.lsuagcenter.com/~/media/system/1/e/3/f/1e3fe4d44d75da57e962f042ddad3334/p3850_bugbizscuttlefly_1122pdf.pdf"
"k__Metazoa;p__Arthropoda;c__Insecta;o__Blattodea;f__Rhinotermitidae"	36985		"Family"	"Detritivores"	"No"		"Yoshimura, T., Imamura, Y., Tsunoda, K., Takahashi, M., 1995. Biodegradation of wood fragments in the digestive tube of Coptotermes formosanus Shiraki (Isoptera: Rhinotermitidae). Holzforschung, 49(5), 385-388."
"k__Metazoa;p__Nematoda;c__Chromadorea;o__Rhabditida;f__Steinernematidae;g__Steinernema;s__Steinernema glaseri"	37863	"Neoaplectana glaseri"	"Species"	"Bacterivores"	"No"		"http://nemaplex.ucdavis.edu/"
"k__Metazoa;p__Arthropoda;c__Insecta;o__Hemiptera;f__Fulgoridae"	38096		"Family"	"Herbivores"	"No"		"https://sites.udel.edu/planthoppers/north-america/north-american-fulgoridae/"
"k__Metazoa;p__Arthropoda;c__Insecta;o__Hemiptera;f__Gelastocoridae"	38102		"Family"	"Carnivores"	"No"		"Hadicke, C.W., Redei, D., Kment, P., 2017. The diversity of feeding habits recorded for water boatmen (Heteroptera: Corixoidea) world-wide with implications for evaluating information on the diet of aquatic insects. European Journal of Entomology 114, 147–159. https://doi.org/10.14411/eje.2017.020"
"k__Metazoa;p__Arthropoda;c__Collembola;o__Symphypleona;f__Sminthuridae"	39131		"Family"	"Microbivores"	"No"	"Feed on decaying plant matter, fungal spores, and single celled algae"	"https://www.waterbugkey.vcsu.edu/php/familydetail.php?idnum=4&f=Sminthuridae&ls=larvae"
"k__Metazoa;p__Platyhelminthes;c__Rhabditophora;o__Lecithoepitheliata;f__Prorhynchidae;g__Prorhynchus"	39219		"NA"	"NA"	"NA"		
"k__Metazoa;p__Platyhelminthes;c__Catenulida"	39236		"NA"	"NA"	"NA"	"Different feeding habits within the class"	
"k__Metazoa;p__Platyhelminthes;c__Catenulida;o__;f__Stenostomidae"	39237		"NA"	"NA"	"NA"		" "
"k__Metazoa;p__Platyhelminthes;c__Catenulida;o__;f__Catenulidae"	39239		"Family"	"Omnivores"	"No"		"Larsson, K., 2008. Taxonomy and phylogeny of Catenulida (Platyhelminthes) with emphasis on the Swedish Fauna. Acta Universitatis Upsaliensis, PhD Thesis, 48 pp. https://uu.diva-portal.org/smash/get/diva2:171454/FULLTEXT01.pdf"
"k__Metazoa;p__Arthropoda;c__Collembola;o__Symphypleona;f__Sminthuridae;g__Allacma;s__Allacma fusca"	39272		"Species"	"Microbivores"	"No"	"Feeds on algae"	"Fanciulli, P.P., Carapelli, A., Belloni, M., Dallai, R., Frati, F., 2009. Allozyme variation in the springtails Allacma fusca and A. gallica (Collembola, Sminthuridae). Pedobiologia 52(5), 309–324. https://doi.org/10.1016/j.pedobi.2008.11.004"
"k__Metazoa;p__Arthropoda;c__Insecta;o__Diptera;f__Cecidomyiidae;g__Mayetiola;s__Mayetiola destructor"	39758	"Cecidomyia destructor"	"Species"	"Herbivores"	"No"		"Tooker, J.F., De Moraes, C.M., 2010. Feeding by Hessian Fly (Mayetiola destructor [Say]) Larvae on Wheat Increases Levels of Fatty Acids and Indole-3-Acetic Acid but not Hormones Involved in Plant-Defense Signaling. Journal of Plant Growth Regulation 30(2), 158–165. https://doi.org/10.1007/s00344-010-9177-5"
"k__Metazoa;p__Arthropoda;c__Insecta;o__Hymenoptera;f__Proctotrupidae"	40310	"Serphidae"	"Family"	"Carnivores"	"No"	"Parasitoid"	"Marchiori, C., Malheiros, K., Santana, M., 2024. Biology, ecology, and taxonomy of the parasitoids of the families of Austroniidae, Peradeniidae, Proctorenyxidae, Roproniidae, and Vanhorniidae (Hymenoptera: Proctotrupoidea). Open Access Research Journal of Life Sciences 7(2), 9–16. https://doi.org/10.53022/oarjls.2024.7.2.0062"
"k__Metazoa;p__Arthropoda;c__Insecta;o__Diptera;f__Tipulidae;g__Tipula"	41043		"NA"	"NA"	"NA"		
"k__Metazoa;p__Arthropoda;c__Insecta;o__Coleoptera;f__Carabidae;g__Pterostichus"	41078		"Genus"	"Carnivores"	"No"		"Brandl, R., Topp, W., 1985. Size structure of  Pterostichus spp. (Carabidae): aspects of competition. Oikos, 234–238."
"k__Metazoa;p__Arthropoda;c__Insecta;o__Coleoptera;f__Chrysomelidae;g__Chrysolina "	41125		"Genus"	"Herbivores"	"No"		"Petitpierre, E., Mikhailov, Y., 2009. Chromosomal Evolution And Trophic Affiliation In The Genus Chrysolina (Coleoptera: Chrysomelidae). Research on Chrysomelidae 2, 225–234. https://doi.org/10.1163/ej.9789004169470.1-299.91"
"k__Metazoa;p__Arthropoda;c__Insecta;o__Coleoptera;f__Staphylinidae;g__Xantholinus"	41150		"Genus"	"Carnivores"	"No"		"Anlaş, S., 2019. Notes on the genus Xantholinus Dejean, 1821 (Coleoptera, Staphylinidae, Staphylininae, Xantholinini) from the western Palearctic Region. Turkish Journal of Entomology 43(2), 211–225. https://doi.org/10.16970/entoted.516235"
"k__Metazoa;p__Arthropoda;c__Insecta;o__Coleoptera;f__Curculionidae;g__Phyllobius"	41160		"Genus"	"Herbivores"	"No"		"Gosik, R., Sprick, P., 2020. Description of the mature larvae of eight Phyllobius Germar, 1824 species with notes about life cycles, host plant use and vertical distribution (Curculionidae: Entiminae: Phyllobiini). Weevil News 89, 1–39."
"k__Metazoa;p__Arthropoda;c__Insecta;o__Coleoptera;f__Curculionidae;g__Otiorhynchus"	41162		"Genus"	"Herbivores"	"No"		"Lachowska, D., Rożek, M., Holecová, M., 2008. Cytotaxonomy and karyology of the tribe Otiorhynchini (Coleoptera: Curculionidae). European Journal of Entomology 105(2), 175. https://doi.org/10.14411/eje.2008.026"
"k__Metazoa;p__Arthropoda;c__Insecta;o__Coleoptera;f__Carabidae;g__Notiophilus"	41307		"Genus"	"Carnivores"	"No"	"Hunt mainly collembola and mites"	"Thiele, H.-U., 2012. Carabid beetles in their environments: A study on habitat selection by adaptations in physiology and behaviour, Springer-Verlag, Berlin, Heidelberg. https://doi.org/10.1007/978-3-642-81154-8"
"k__Metazoa;p__Gastrotricha;c__;o__Chaetonotida"	41320		"NA"	"NA"	"NA"		
"k__Metazoa;p__Arthropoda;c__Diplopoda;o__Julida;f__Julidae"	41449		"NA"	"NA"	"NA"		
"k__Metazoa;p__Arthropoda;c__Insecta;o__Coleoptera;f__Carabidae;g__Cychrus"	42030		"Genus"	"Carnivores"	"No"	"Specializes in hunting snails"	"Thiele, H.-U., 2012. Carabid beetles in their environments: A study on habitat selection by adaptations in physiology and behaviour, Springer-Verlag, Berlin, Heidelberg. https://doi.org/10.1007/978-3-642-81154-8"
"k__Metazoa;p__Tardigrada"	42241		"NA"	"NA"	"NA"	"Different feeding habits within the phylum"	
"k__Metazoa;p__Tardigrada;c__Eutardigrada;o__Parachela;f__Macrobiotidae;g__Macrobiotus"	42244		"Genus"	"Omnivores"	"No"		"Collins, M., Goudie, I., 2020. The tardigrade and associated micrometazoa of the textured lungwort lichen, Lobaria scrobiculata, in eastern Newfoundland, Canada. Journal of Agriculture & Life Sciences 7. https://doi.org/10.30845/jals.v7n2p2."
"k__Metazoa;p__Nematoda;c__Chromadorea;o__Rhabditida;f__Meloidogynidae;g__Meloidogyne;s__Meloidogyne artiellia"	42426		"Species"	"Herbivores"	"No"		"http://nemaplex.ucdavis.edu/"
"k__Metazoa;p__Nematoda;c__Chromadorea;o__Rhabditida;f__Rhabditidae;g__Oscheius"	42476	"Dolichorhabditis;Heterorhabditidoides"	"Genus"	"Bacterivores"	"No"		"http://nemaplex.ucdavis.edu/"
"k__Metazoa;p__Arthropoda;c__Insecta;o__Hemiptera;f__Aphididae;g__Rhopalosiphum;s__Rhopalosiphum maidis"	43146		"Species"	"Herbivores"	"No"		"Moraes, J.C., Goussain, M.M., Carvalho, G.A., Costa, R.R., 2005. Feeding non-preference of the corn leaf aphid Rhopalosiphum maidis (Fitch, 1856) (Hemiptera: Aphididae) to corn plants (Zea mays L.) treated with silicon. Ciência e Agrotecnologia 29(4), 761–766. https://doi.org/10.1590/s1413-70542005000400007"
"k__Metazoa;p__Arthropoda;c__Insecta;o__Hymenoptera;f__Ceraphronidae"	44358		"Family"	"Carnivores"	"No"		"Marsh, P.M., 1994. Hymenoptera of the World: An Identification Guide to Families. American Entomologist 40(2), 115–116. https://doi.org/10.1093/ae/40.2.115"
"k__Metazoa;p__Rotifera;c__Eurotatoria;o__Bdelloidea"	44578	"Bdelloida;Digononta"	"NA"	"NA"	"NA"		
"k__Metazoa;p__Arthropoda;c__Insecta;o__Hemiptera;f__Aphididae;g__Sitobion;s__Sitobion avenae"	44664	"Sitobion (Sitobion) avenae;Sitobion (Sitobium) avenae;Sitobium avenae"	"Species"	"Herbivores"	"No"		"Hu, X., Zhao, H., Hu, Z., Li, D., Zhang, Y., 2008. EPG Comparison of Sitobion avenae (Fab.) Feeding Behavior on Three Wheat Varieties. Agricultural Sciences in China 7(2), 180–186. https://doi.org/10.1016/s1671-2927(08)60037-1"
"k__Metazoa;p__Arthropoda;c__Insecta;o__Thysanoptera;f__Thripidae"	45053		"NA"	"NA"	"NA"	"Different feeding habits within the family"	
"k__Metazoa;p__Arthropoda;c__Insecta;o__Thysanoptera;f__Thripidae;g__Taeniothrips;s__Taeniothrips inconsequens"	45055		"Species"	"Herbivores"	"No"		"Teulon, D.A.J., Groninger, J.W., Cameron, E.A., 1994. Distribution and Host Plant Associations of Taeniothrips inconsequens (Thysanoptera: Thripidae). Environmental Entomology 23(3), 587–611. https://doi.org/10.1093/ee/23.3.587"
"k__Metazoa;p__Nematoda;c__Chromadorea;o__Rhabditida;f__Pratylenchidae;g__Pratylenchus"	45927		"Genus"	"Herbivores"	"No"		"http://nemaplex.ucdavis.edu/"
"k__Metazoa;p__Nematoda;c__Chromadorea;o__Rhabditida;f__Pratylenchidae;g__Pratylenchus;s__Pratylenchus penetrans"	45929	"Tylenchus penetrans"	"Species"	"Herbivores"	"No"		"http://nemaplex.ucdavis.edu/"
"k__Metazoa;p__Nematoda;c__Chromadorea;o__Rhabditida;f__Pratylenchidae;g__Pratylenchus;s__Pratylenchus vulnus"	45931		"Species"	"Herbivores"	"No"		"http://nemaplex.ucdavis.edu/"
"k__Metazoa;p__Nematoda;c__Chromadorea;o__Rhabditida;f__Pratylenchidae;g__Pratylenchus;s__Pratylenchus crenatus"	45934		"Species"	"Herbivores"	"No"		"http://nemaplex.ucdavis.edu/"
"k__Metazoa;p__Nematoda;c__Chromadorea;o__Rhabditida;f__Pratylenchidae;g__Pratylenchus;s__Pratylenchus thornei"	45935		"Species"	"Herbivores"	"No"		"http://nemaplex.ucdavis.edu/"
"k__Metazoa;p__Nematoda;c__Chromadorea;o__Rhabditida;f__Pratylenchidae;g__Pratylenchus;s__Pratylenchus scribneri"	45936		"Species"	"Herbivores"	"No"		"http://nemaplex.ucdavis.edu/"
"k__Metazoa;p__Nematoda;c__Enoplea;o__Dorylaimida;f__Longidoridae;g__Xiphinema"	46002		"Genus"	"Herbivores"	"No"		"http://nemaplex.ucdavis.edu/"
"k__Metazoa;p__Nematoda;c__Enoplea;o__Dorylaimida;f__Longidoridae;g__Xiphinema;s__Xiphinema index"	46003		"Species"	"Herbivores"	"No"		"http://nemaplex.ucdavis.edu/"
"k__Metazoa;p__Arthropoda;c__Insecta;o__Diptera;f__Tipulidae;g__Nephrotoma;s__Nephrotoma altissima"	46211		"NA"	"NA"	"NA"		
"k__Metazoa;p__Arthropoda;c__Insecta;o__Diptera;f__Ceratopogonidae;g__Culicoides;s__Culicoides variipennis"	46212	"Ceratopogon variipennis"	"Species"	"Omnivores"	"Yes"	"Larvae are detritivores, females are ematophagous"	"Hopken, M.W., Ryan, B.M., Huyvaert, K.P., Piaggio, A.J., 2017. Picky eaters are rare: DNA-based blood meal analysis of Culicoides (Diptera: Ceratopogonidae) species from the United States. Parasites & Vectors 10(1). https://doi.org/10.1186/s13071-017-2099-3. / Tabachnick, W.J., 1996. Culicoides variipennis and Bluetongue Virus Epidemiology in the United States. Annual Review of Entomology 41(1), 23–43. https://doi.org/10.1146/annurev.ento.41.1.23"
"k__Metazoa;p__Arthropoda;c__Insecta;o__Diptera;f__Chironomidae;g__Ablabesmyia;s__Ablabesmyia rhamphe"	46217		"Species"	"Omnivores"	"Yes"	"Larvae are predators, adults feeds on sugary substances"	"Roback, S.S., Bereza, D.J., Vidrine, M.F., 1979. Description of an Ablabesmyia [Diptera: Chironomidae: Tanypodinae] symbiont of unionid fresh-water mussels [Mollusca: Bivalvia: Unionacea], with notes on its biology and zoogeography. Transactions of the American Entomological Society 105(4), 577-i. http://www.jstor.org/stable/25078249. / Burtt, E.T., Perry, R.J.O., McLachlan, A.J., 1986. Feeding and sexual dimorphism in adult midges (Diptera: Chironomidae). Ecography 9(1), 27–32. https://doi.org/10.1111/j.1600-0587.1986.tb01188.x."
"k__Metazoa;p__Arthropoda;c__Collembola;o__Entomobryomorpha;f__Orchesellidae;g__Orchesella;s__Orchesella cincta"	48709	"Podura cincta"	"Species"	"Microbivores"	"No"	"Phycophagy, mycophagy"	"Verhoef, H.A., Prast, J.E., Verweij, R.A., 1988. Relative Importance of Fungi and Algae in the Diet and Nitrogen Nutrition of Orchesella cincta (L.) and Tomocerus minor (Lubbock) (Collembola). Functional Ecology 2(2), 195. https://doi.org/10.2307/2389695"
"k__Metazoa;p__Arthropoda;c__Collembola;o__Entomobryomorpha;f__Orchesellidae;g__Orchesella;s__Orchesella flavescens"	48711	"Heterotoma flavescens"	"Species"	"Omnivores"	"No"		"Malcicka, M., Berg, M. P., Ellers, J., 2017. Ecomorphological adaptations in Collembola in relation to feeding strategies and microhabitat. European Journal of Soil Biology 78, 82–91. https://doi.org/10.1016/j.ejsobi.2016.12.004"
"k__Metazoa;p__Arthropoda;c__Collembola;o__Poduromorpha;f__Onychiuridae;g__Tetrodontophora;s__Tetrodontophora bielanensis"	48717	"Achorutes bielanensis"	"Species"	"Detritivores"	"No"	"Feeds on detrital materials originating from all trophic levels of the food web, i.e. plant and animal tissues, bacteria, algae and fungi"	"Mitov, P.G., 2018. The Giant Springtail Tetrodontophora bielanensis (Waga, 1842) (Hexapoda: Collembola) – New to the Fauna of Bulgaria. Acta Zoologica Bulgarica 70(3), 309-314."
"k__Metazoa;p__Arthropoda;c__Arachnida;o__Mesostigmata;f__Laelapidae"	48831	"Laelaptidae"	"Family"	"Carnivores"	"No"		"Amin, M.R., Khanjani, M., Zahiri, B., 2014. Preimaginal development and fecundity of Gaeolaelaps aculeifer (Acari: Laelapidae) feeding on Rhizoglyphus echinopus (Acari: Acaridae) at constant temperatures. Journal of Crop Protection 3(5), 581–587."
"k__Metazoa;p__Arthropoda;c__Arachnida;o__Mesostigmata;f__Laelapidae;g__Cosmolaelaps"	48832		"Genus"	"Carnivores"	"No"		"Sierra-Monroy, J.A., Muñoz-Cárdenas, K., Joharchi, O., Rueda-Ramírez, D., 2022. A New Predacious Species of Cosmolaelaps (Mesostigmata: Laelapidae) from Rose Greenhouses in The Netherlands with Extensive Morphological Analyses and Ontogeny. Taxonomy 2(4), 471–487. https://doi.org/10.3390/taxonomy2040030"
"k__Metazoa;p__Arthropoda;c__Arachnida;o__Mesostigmata;f__Megisthanidae;g__Megisthanus;s__Megisthanus floridanus"	48838		"Species"	"Carnivores"	"No"	"Adults eat Collembola, Collembola eggs, carabid beetles, house fly, mealworms"	"Butler, L., Hunter, P.E., 1968. Redescription of Megisthanus floridanus with Observations on Its Biology (Acarina: Megisthanidae). The Florida Entomologist 51(3), 187. https://doi.org/10.2307/3493553"
"k__Metazoa;p__Arthropoda;c__Collembola;o__Entomobryomorpha;f__Entomobryidae;g__Lepidocyrtus"	49178		"NA"	"NA"	"NA"		
"k__Metazoa;p__Arthropoda;c__Insecta;o__Coleoptera;f__Carabidae;g__Calosoma"	49408	"Calodrepa"	"Genus"	"Carnivores"	"No"	"Feed mainly on butterfy caterpillars "	"Thiele, H.-U., 2012. Carabid beetles in their environments: A study on habitat selection by adaptations in physiology and behaviour, Springer-Verlag, Berlin, Heidelberg. https://doi.org/10.1007/978-3-642-81154-8"
"k__Metazoa;p__Arthropoda;c__Arachnida;o__Trombidiformes;f__Tenuipalpidae"	50007		"Family"	"Herbivores"	"No"	"Plant parasites "	"Walter, D.E., Latonas, S., 2011. Almanac of Alberta Acari Part II, The Royal Alberta Museum, Edmonton (AB). / Pontier, K. J., de Moraes, G. J., Kreiter, S., 2000. Biology of Tenuipalpus heveae (Acari, Tenuipalpidae) on rubber tree leaves. Acarologia 41(4), 423-427."
"k__Metazoa;p__Arthropoda;c__Arachnida;o__Trombidiformes;f__Tetranychidae;g__Bryobia"	50010		"Genus"	"Herbivores"	"No"		"Umina, P., Hangartner, S., McDonald, G., 2015. Bryobia mite. PestNotes, Cesar Australia. Available at: https://cesaraustralia.com/pestnotes/mites/bryobia-mite/"
"k__Metazoa;p__Arthropoda;c__Insecta;o__Coleoptera;f__Chrysomelidae;g__Diabrotica;s__Diabrotica virgifera"	50389		"Species"	"Herbivores"	"No"		"Robert, C.A.M., Erb, M., Duployer, M., Zwahlen, C., Doyen, G.R., Turlings, T.C.J., 2012. Herbivore‐induced plant volatiles mediate host selection by a root herbivore. New Phytologist 194(4), 1061–1069. https://doi.org/10.1111/j.1469-8137.2012.04127.x"
"k__Metazoa;p__Arthropoda;c__Collembola;o__Poduromorpha;f__Poduridae"	50587		"NA"	"NA"	"NA"		
"k__Metazoa;p__Arthropoda;c__Insecta;o__Mecoptera;f__Panorpidae;g__Panorpa;s__Panorpa germanica"	50603		"Species"	"Detritivores"	"No"		"Sivell, D., Mitchell, R., Crowley, L.M., 2024. The genome sequence of the German scorpionfly, Panorpa germanica Linnaeus, 1758. Wellcome Open Research 9, 285. https://doi.org/10.12688/wellcomeopenres.22259.1"
"k__Metazoa;p__Arthropoda;c__Insecta;o__Embioptera"	50657	"Embiidina"	"Order"	"NA"	"NA"	"Different feeding habits within the order "	
"k__Metazoa;p__Arthropoda;c__Insecta;o__Diptera;f__Asilidae"	50673		"Family"	"Carnivores"	"No"		"Finn, E.M., 2004. Robber Flies, Asilidae (Insecta: Diptera: Asilidae). EDIS, Gainesville, FL. Available at: https://doi.org/10.32473/edis-in557-2003 (Accessed 7 Apr. 2025)."
"k__Metazoa;p__Arthropoda;c__Arachnida;o__Pseudoscorpiones"	51799	"Pseudoscorpionida"	"Order"	"Carnivores"	"No"		"Levi, H.W., 1948. Notes on the Life History of the Pseudoscorpion Chelifer cancroides (Linn.) (Chelonethida). Transactions of the American Microscopical Society 67(3), 290-298. https://doi.org/10.2307/3223197"
"k__Metazoa;p__Arthropoda;c__Arachnida;o__Sarcoptiformes;f__Steganacaridae;g__Steganacarus;s__Steganacarus magnus"	52000	"Steganacarus anomalus"	"Species"	"Detritivores"	"No"		"Webb, N.R., Elmes, G.W., 1972. Energy Budget for Adult Steganacarus Magnus (Acari). Oikos 23(3), 359. https://doi.org/10.2307/3543175"
"k__Metazoa;p__Nematoda;c__Chromadorea;o__Rhabditida;f__Steinernematidae;g__Steinernema;s__Steinernema feltiae"	52066	"Neoaplectana feltiae"	"Species"	"Bacterivores"	"No"		"http://nemaplex.ucdavis.edu/"
"k__Metazoa;p__Platyhelminthes;c__Rhabditophora;o__Tricladida;f__Geoplanidae"	52317		"Family"	"Carnivores"	"No"		"Cuevas-Caballé, C., Riutort, M., Álvarez-Presas, M., 2019. Diet assessment of two land planarian species using high-throughput sequencing data. Scientific Reports 9(1), 8679. https://doi.org/10.1038/s41598-019-44952-3"
"k__Metazoa;p__Arthropoda;c__Insecta;o__Diptera;f__Trichoceridae"	52747		"Family"	"Detritivores"	"No"		"Smith, K.G.V., 1989. An introduction to the immature stages of British flies. Handbooks for the identification of British insects 10(14), 1-280."
"k__Metazoa;p__Nematoda;c__Chromadorea;o__Rhabditida;f__Rhabditidae;g__Cruznema"	53473	"Epimenides"	"Genus"	"Bacterivores"	"No"		"http://nemaplex.ucdavis.edu/"
"k__Metazoa;p__Nematoda;c__Chromadorea;o__Rhabditida;f__Rhabditidae;g__Mesorhabditis"	53475	"Lesjan;Operculorhabditis;Uniovaria"	"Genus"	"Bacterivores"	"No"		"http://nemaplex.ucdavis.edu/"
"k__Metazoa;p__Arthropoda;c__Insecta;o__Diptera;f__Mycetophilidae;g__Cordyla"	53858		"Genus"	"Fungivores"	"No"	"Larvae feed on fungi"	"Kurina, O., 2001. On the identification of Palaearctic species in the genus Cordyla Meigen (Diptera, Mycetophilidae); preliminary results. Norwegian Journal of Entomology 48, 231-235."
"k__Metazoa;p__Nematoda;c__Chromadorea;o__Rhabditida;f__Neodiplogasteridae;g__Pristionchus"	54125	"Mesodiplogaster"	"Genus"	"Carnivores"	"No"		"http://nemaplex.ucdavis.edu/"
"k__Metazoa;p__Nematoda;c__Chromadorea;o__Rhabditida;f__Bunonematidae;g__Bunonema"	55749		"Genus"	"Bacterivores"	"No"		"http://nemaplex.ucdavis.edu/"
"k__Metazoa;p__Nematoda;c__Chromadorea;o__Rhabditida;f__Panagrolaimidae;g__Panagrolaimus"	55784		"Genus"	"Bacterivores"	"No"		"http://nemaplex.ucdavis.edu/"
"k__Metazoa;p__Nematoda;c__Chromadorea;o__Rhabditida;f__Cephalobidae;g__Acrobeles"	55786		"Genus"	"Bacterivores"	"No"		"http://nemaplex.ucdavis.edu/"
"k__Metazoa;p__Nematoda;c__Chromadorea;o__Rhabditida;f__Rhabditidae;g__Diploscapter"	55799	"Carinoscapter"	"Genus"	"Bacterivores"	"No"		"http://nemaplex.ucdavis.edu/"
"k__Metazoa;p__Annelida;c__Clitellata;o__Crassiclitellata;f__Aeolosomatidae"	55815		"Family"	"Detritivores"	"No"	"Aeolosomatidae can feed macrophagously on individual microalgae or large detritus particles or microphagously on microbial films and small detrital particles"	"Jumars, P.A., Dorgan, K .M., Lindsay, S .M., 2015 . Diet of Worms Emended: An Update of Polychaete Feeding Guilds .Annual Review of Marine Science 7(1), 497–520 .https://doi.org/10.1146/annurev-marine-010814-020007"
"k__Metazoa;p__Arthropoda;c__Insecta;o__Hymenoptera;f__Braconidae;g__Ephedrus;s__Ephedrus validus"	55916	"Aphidius validus"	"Species"	"Carnivores"	"No"		"Akhtar, M.S., Dey, D., Usmani, M.K., 2011. A catalogue of aphid parasitoids (Hymenoptera: Braconidae: Aphidiinae) from India. Insecta Mundi, 1–31. https://digitalcommons.unl.edu/insectamundi/670."
"k__Metazoa;p__Nematoda;c__Enoplea;o__Enoplida"	57287		"NA"	"NA"	"NA"	"Different feeding habits within the order"	
"k__Metazoa;p__Nematoda;c__Chromadorea;o__Rhabditida;f__Heteroderidae;g__Heterodera;s__Heterodera goettingiana"	57557		"Species"	"Herbivores"	"No"		"http://nemaplex.ucdavis.edu/"
"k__Metazoa;p__Tardigrada;c__Eutardigrada;o__Parachela;f__Hypsibiidae;g__Hypsibius"	58670		"Genus"	"Microbivores"	"No"		"García Rodríguez, Y.M., Núñez, P.G., Vázquez, R., 2023. Diet types of organisms of the phylum Tardigrada. Revista Mexicana de Astronomía y Astrofísica, Serie de Conferencias 55, 120."
"k__Metazoa;p__Arthropoda;c__Chilopoda;o__Geophilomorpha;f__Geophilidae"	60155		"Family"	"Carnivores"	"No"		"Lewis, J.G.E., 1981. Feeding and digestion. In: The Biology of Centipedes. Cambridge University Press, 167–188. https://doi.org/10.1017/cbo9780511565649.011"
"k__Metazoa;p__Arthropoda;c__Chilopoda;o__Scutigeromorpha;f__Scutigeridae;g__Thereuopoda;s__Thereuopoda clunifera"	60460	"Cermatia clunifera"	"Species"	"Carnivores"	"No"		"Sakagami, K., Funamoto, D., Sugiura, S., 2021. Nocturnal ambush predators and their potential impact on flower-visiting moths. Ecology 102(11), e03482. https://doi.org/10.1002/ecy.3482"
"k__Metazoa;p__Arthropoda;c__Insecta;o__Coleoptera;f__Carabidae;g__Amara"	60755		"Genus"	"Herbivores"	"No"	"Granivores"	"Fawki, S., Toft, S., 2005. Food preferences and the value of animal food for the carabid beetle Amara similata (Gyll.) (Col., Carabidae). Journal of Applied Entomology 129, 551-556. https://doi.org/10.1111/j.1439-0418.2005.00992.x"
"k__Metazoa;p__Arthropoda;c__Insecta;o__Coleoptera;f__Carabidae;g__Bembidion"	60800		"Genus"	"Carnivores"	"No"		"Maddison, D.R., 2012. Phylogeny of Bembidion and related ground beetles (Coleoptera: Carabidae: Trechinae: Bembidiini: Bembidiina). Molecular Phylogenetics and Evolution 63(3), 533–576. https://doi.org/10.1016/j.ympev.2012.01.01"
"k__Metazoa;p__Arthropoda;c__Insecta;o__Coleoptera;f__Carabidae;g__Dyschirius"	60815		"Genus"	"Carnivores"	"No"	"Feeding for the larger part on staphylinids"	"Thiele, H.-U., 2012. Carabid beetles in their environments: A study on habitat selection by adaptations in physiology and behaviour, Springer-Verlag, Berlin, Heidelberg. https://doi.org/10.1007/978-3-642-81154-8"
"k__Metazoa;p__Arthropoda;c__Diplopoda;o__Julida;f__Julidae;g__Cylindroiulus;s__Cylindroiulus punctatus"	61981	"Iulus punctatus"	"Species"	"Detritivores"	"No"		"Banerjee, B., 1964. Biology of some Diplopoda, with special reference to Cylindroiulus punctatus. University of London, PhD Thesis, 100 pp. https://www.proquest.com/docview/10096695"
"k__Metazoa;p__Arthropoda;c__Diplura;o__Diplura;f__Campodeidae"	61993		"Family"	"Detritivores"	"No"		"Carpenter, A., 1988. The biology of Campodea staphylinus (Campodeidae: Diplura) in a grassland soil. Pedobiologia 32(1–2), 31–38. https://doi.org/10.1016/s0031-4056(23)00213-5"
"k__Metazoa;p__Arthropoda;c__Insecta;o__Odonata;f__Libellulidae;g__Sympetrum;s__Sympetrum fonscolombii"	62016	"Libellula fonscolombii;Sympetrum fonscolombei"	"Species"	"Carnivores"	"No"		"Brockhaus, T., 2004.  Interspezifische Konkurrenz zwischen Sympetrum fonscolombii und Orthetrum cancellatum in Mitteleuropa? (Odonata: Libellulidae). Libellula 23, 77-86."
"k__Metazoa;p__Arthropoda;c__Diplopoda;o__Polydesmida;f__Polydesmidae;g__Polydesmus;s__Polydesmus coriaceus"	62152		"NA"	"NA"	"NA"		
"k__Metazoa;p__Arthropoda;c__Malacostraca;o__Isopoda;f__Porcellionidae;g__Porcellio;s__Porcellio scaber"	64697		"Species"	"Detritivores"	"No"		"Hornung, E., Farkas, S., Fischer, E., 1998. Tests on the isopod Porcellio scaber. In: Løkke H, van Gestel CAM (Eds) Handbook of Soil Invertebrate Toxicity Tests. John Wiley & Sons, Chichester, pp. 207–226."
"k__Metazoa;p__Arthropoda;c__Insecta;o__Psocodea;f__Philopteridae"	66236		"Family"	"Detritivores"	"No"		"Valim, M.P., 2006. Tyranniphilopterus caiolukasi sp. n. (Phthiraptera: Philopteridae) from the yellow-olive flycatcher (Aves: Tyrannidae), with observations on gut contents. Lundiana: International Journal of Biodiversity 7(1), 55–58. https://doi.org/10.35699/2675-5327.2006.22186"
"k__Metazoa;p__Arthropoda;c__Insecta;o__Psocodea;f__Philopteridae;g__Saemundssonia;s__Saemundssonia lari"	66254	"Pediculus lari"	"Species"	"Detritivores"	"No"		"El-Den Nasser, M.G., 2015. Chewing Lice: Tiny Insects in Raging Seas. Journal of Marine Science: Research and Development 5(03). https://doi.org/10.4172/2155-9910.1000e137"
"k__Metazoa;p__Arthropoda;c__Insecta;o__Coleoptera;f__Staphylinidae;g__Oxytelus"	66345		"Genus"	"Detritivores"	"No"		"Lü, L., Zhou, H.-Z., 2012. Taxonomy of the genus Oxytelus Gravenhorst (Coleoptera: Staphylinidae: Oxytelinae) from China. Zootaxa 3576(1). https://doi.org/10.11646/zootaxa.3576.1.1"
"k__Metazoa;p__Arthropoda;c__Arachnida;o__Sarcoptiformes;f__Acaridae;g__Acarus;s__Acarus siro"	66546		"Species"	"Detritivores"	"No"		"Pekár, S., Žďárková, E., 2004. A model of the biological control of Acarus siro by Cheyletus eruditus (Acari: Acaridae, Cheyletidae) on grain. Journal of Pest Science 77(1), 1–10. https://doi.org/10.1007/s10340-003-0019-0"
"k__Metazoa;p__Arthropoda;c__Arachnida;o__Sarcoptiformes;f__Alicorhagiidae"	66548		"Family"	"Omnivores"	"No"	"Ingest solid fragments of fungi and/or other small- and soft-bodied invertebrates"	"Walter, D.E., Latonas, S., 2011. Almanac of Alberta Acari Part II, The Royal Alberta Museum, Edmonton (AB). /Dunlop, J. A., Garwood, R. J., 2017. Terrestrial invertebrates in the Rhynie chert ecosystem. Philosophical Transactions of the Royal Society B: Biological Sciences 373(1739). https://doi.org/10.1098/rstb.2016.0493"
"k__Metazoa;p__Arthropoda;c__Arachnida;o__Sarcoptiformes;f__Trhypochthoniidae;g__Allonothrus;s__Allonothrus russeolus"	66555		"NA"	"NA"	"NA"		
"k__Metazoa;p__Arthropoda;c__Arachnida;o__Sarcoptiformes;f__Euzetidae;g__Euzetes;s__Euzetes globulosus"	66571		"NA"	"NA"	"NA"		
"k__Metazoa;p__Arthropoda;c__Arachnida;o__Sarcoptiformes;f__Gehypochthoniidae;g__Gehypochthonius"	66573		"NA"	"NA"	"NA"		
"k__Metazoa;p__Arthropoda;c__Arachnida;o__Sarcoptiformes;f__Histiostomatidae"	66576	"Anoetidae;Nodipalpidae"	"Family"	"NA"	"NA"	"Different feeding habits within the family"	
"k__Metazoa;p__Arthropoda;c__Arachnida;o__Sarcoptiformes;f__Hypochthoniidae;g__Hypochthonius;s__Hypochthonius rufulus"	66581	"Hypochtonius rufulus"	"Species"	"Omnivores"	"No"		"Schneider, K., Maraun, M., 2005. Feeding preferences among dark pigmented fungal taxa (“Dematiacea”) indicate limited trophic niche differentiation of oribatid mites (Oribatida, Acari). Pedobiologia 49(1), 61–67. https://doi.org/10.1016/j.pedobi.2004.07.010"
"k__Metazoa;p__Arthropoda;c__Arachnida;o__Trombidiformes;f__Labidostommatidae"	66583	"Labidostomatidae"	"Family"	"Carnivores"	"No"	"Feed on small arthropods"	"Alberti, G., 2013. Fine structure of pustules of Labidostoma luteum Kramer (Acari, Actinotrichida, Labidostomatidae) with further remarks on the complex cuticle of this mite. Acarologia 53(2), 129–143. https://doi.org/10.1051/acarologia/20132083"
"k__Metazoa;p__Arthropoda;c__Arachnida;o__Sarcoptiformes;f__Lohmanniidae"	66590		"Family"	"Detritivores"	"No"		"Norton, R.A., 2010. Systematic relationships of Lohmanniidae (Acari: Oribatida). In: Sabelis, M., Bruin, J. (eds) Trends in Acarology. Springer, Dordrecht, pp. 9-16. https://doi.org/10.1007/978-90-481-9837-5_2"
"k__Metazoa;p__Arthropoda;c__Arachnida;o__Sarcoptiformes;f__Nehypochthoniidae;g__Nehypochthonius;s__Nehypochthonius porosus"	66599		"NA"	"NA"	"NA"		
"k__Metazoa;p__Arthropoda;c__Arachnida;o__Sarcoptiformes;f__Nothridae;g__Nothrus;s__Nothrus silvestris"	66602	"Nothrus sylvestris"	"Species"	"Detritivores"	"No"		"Remén, C., Fransson, P., Persson, T., 2010. Population responses of oribatids and enchytraeids to ectomycorrhizal and saprotrophic fungi in plant–soil microcosms. Soil Biology and Biochemistry 42(6), 978–985. https://doi.org/10.1016/j.soilbio.2010.02.017"
"k__Metazoa;p__Gastrotricha;c__;o__Chaetonotida;f__Chaetonotidae;g__Chaetonotus"	68038		"NA"	"NA"	"NA"		
"k__Metazoa;p__Nematoda;c__Chromadorea;o__Rhabditida;f__Cephalobidae;g__Cephalobus"	70199		"Genus"	"Bacterivores"	"No"		"http://nemaplex.ucdavis.edu/"
"k__Metazoa;p__Nematoda;c__Chromadorea;o__Monhysterida"	70219		"Order"	"Bacterivores"	"No"		"http://nemaplex.ucdavis.edu/"
"k__Metazoa;p__Nematoda;c__Chromadorea;o__Rhabditida;f__Aphelenchidae;g__Aphelenchus"	70225		"Genus"	"Fungivores"	"No"		"http://nemaplex.ucdavis.edu/"
"k__Metazoa;p__Nematoda;c__Chromadorea;o__Rhabditida;f__Aphelenchoididae;g__Aphelenchus;s__Aphelenchus avenae"	70226	"Aphelenchus avenae"	"Species"	"Fungivores"	"No"		"http://nemaplex.ucdavis.edu/"
"k__Metazoa;p__Nematoda;c__Enoplea;o__Dorylaimida;f__Longidoridae;g__Longidorus;s__Longidorus elongatus"	70231	"Dorylaimus elongatus"	"Species"	"Herbivores"	"No"		"http://nemaplex.ucdavis.edu/"
"k__Metazoa;p__Nematoda;c__Enoplea;o__Mononchida"	70232		"NA"	"NA"	"NA"		
"k__Metazoa;p__Nematoda;c__Enoplea;o__Mononchida;f__Mylonchulidae;g__Mylonchulus"	70233		"Genus"	"Carnivores"	"No"		"http://nemaplex.ucdavis.edu/"
"k__Metazoa;p__Nematoda;c__Enoplea;o__Mononchida;f__Mylonchulidae;g__Mylonchulus;s__Mylonchulus arenicolus"	70234		"Species"	"Carnivores"	"No"		"http://nemaplex.ucdavis.edu/"
"k__Metazoa;p__Nematoda;c__Enoplea;o__Triplonchida;f__Prismatolaimidae;g__Prismatolaimus"	70238		"Genus"	"Bacterivores"	"No"		"http://nemaplex.ucdavis.edu/"
"k__Metazoa;p__Nematoda;c__Enoplea;o__Triplonchida;f__Prismatolaimidae;g__Prismatolaimus;s__Prismatolaimus intermedius"	70239	"Monhystera intermedia"	"Species"	"Bacterivores"	"No"		"http://nemaplex.ucdavis.edu/"
"k__Metazoa;p__Nematoda;c__Chromadorea;o__Chromadorida"	70242		"NA"	"NA"	"NA"	"Different feding habits within the order"	
"k__Metazoa;p__Nematoda;c__Enoplea;o__Triplonchida;f__Trichodoridae;g__Trichodorus"	70243		"Genus"	"Herbivores"	"No"		"http://nemaplex.ucdavis.edu/"
"k__Metazoa;p__Nematoda;c__Enoplea;o__Triplonchida;f__Trichodoridae;g__Trichodorus;s__Trichodorus primitivus"	70244	"Dorylaimus primitivus"	"Species"	"Herbivores"	"No"		"http://nemaplex.ucdavis.edu/"
"k__Metazoa;p__Nematoda;c__Enoplea;o__Triplonchida;f__Trichodoridae;g__Paratrichodorus;s__Paratrichodorus pachydermus"	70245	"Trichodorus pachydermus"	"Species"	"Herbivores"	"No"		"http://nemaplex.ucdavis.edu/"
"k__Metazoa;p__Nematoda;c__Chromadorea;o__Rhabditida;f__Teratocephalidae;g__Teratocephalus;s__Teratocephalus lirellus"	70247		"Species"	"Bacterivores"	"No"		"http://nemaplex.ucdavis.edu/"
"k__Metazoa;p__Arthropoda;c__Insecta;o__Odonata;f__Corduliidae"	70381		"Family"	"Carnivores"	"No"		"https://cfb.unh.edu/StreamKey/html/organisms/OOdonata/SO_Anisoptera/FCorduliidae/Corduliidae.html#:~:text=Corduliidae%20are%20carnivorous%20predators.,such%20as%20microcrustacea%20(3)."
"k__Metazoa;p__Nematoda;c__Chromadorea;o__Rhabditida;f__Neodiplogasteridae;g__Pristionchus;s__Pristionchus lheritieri"	70414	"Diplogaster lheritieri"	"Species"	"Carnivores"	"No"		"http://nemaplex.ucdavis.edu/"
"k__Metazoa;p__Nematoda;c__Enoplea;o__Mermithida;f__Mermithidae;g__Mermis;s__Mermis nigrescens"	70421		"Species"	"Carnivores"	"No"		"https://entnemdept.ufl.edu/creatures/beneficial/misc/mermis_nigrescens.htm"
"k__Metazoa;p__Nematoda;c__Chromadorea;o__Oxyurida"	70426	"Oxyurida"	"NA"	"NA"	"NA"		
"k__Metazoa;p__Nematoda;c__Chromadorea;o__Rhabditida;f__Heterorhabditidae;g__Heterorhabditis;s__Heterorhabditis hepialus"	70531		"Species"	"Carnivores"	"No"		"http://nemaplex.ucdavis.edu/"
"k__Metazoa;p__Arthropoda;c__Insecta;o__Hymenoptera;f__Formicidae;g__Formica;s__Formica cunicularia"	72780		"Species"	"Omnivores"	"No"		"Myrmecology Lab. Formica cunicularia. Università degli Studi di Parma. Available at: https://myrmecologylab.wordpress.com/wp-content/uploads/2013/09/formica-cunicularia-scheda.pdf (Accessed: 7 April 2025)."
"k__Metazoa;p__Arthropoda;c__Arachnida;o__Araneae;f__Lycosidae"	74973		"Family"	"Carnivores"	"No"		"Cuff, J.P., Drake, L.E., Tercel, M.P.T.G., Stockdale, J.E., Orozco‐terWengel, P., Bell, J.R., Vaughan, I.P., Müller, C.T., Symondson, W.O.C., 2020. Money spider dietary choice in pre‐ and post‐harvest cereal crops using metabarcoding. Ecological Entomology 46(2), 249–261. https://doi.org/10.1111/een.12957"
"k__Metazoa;p__Arthropoda;c__Insecta;o__Hymenoptera;f__Braconidae;g__Binodoxys;s__Binodoxys angelicae"	77492	"Aphidius angelicae"	"Species"	"Carnivores"	"No"		"Mifsud, D., Zammit, M. Stary, P., 2013. Further contributions to the tritrophic plant-aphidparasitoid associations in Malta with special reference to Aphis nerii (Hemiptera: Aphidoidea) as a prevalent refugium of Aphidiinae (Hymenoptera, Braconidae). BullESM 6, 129- 135."
"k__Metazoa;p__Arthropoda;c__Insecta;o__Hymenoptera;f__Braconidae;g__Lysiphlebus;s__Lysiphlebus testaceipes"	77504		"Species"	"Carnivores"	"No"		"Hopkinson, J.E., Zalucki, M.P., Murray, D.A.H., 2013. Host selection and parasitism behavior of Lysiphlebus testaceipes: role of plant, aphid species and instar. Biological Control 64(3), 283-290. https://doi.org/10.1016/j.biocontrol.2012.11.016"
"k__Metazoa;p__Gastrotricha;c__;o__Chaetonotida;f__Chaetonotidae;g__Heterolepidoderma"	78241		"NA"	"NA"	"NA"		
"k__Metazoa;p__Arthropoda;c__Collembola;o__Symphypleona"	79705		"NA"	"NA"	"NA"		
"k__Metazoa;p__Arthropoda;c__Collembola;o__Symphypleona;f__Dicyrtomidae"	79710		"Family"	"Microbivores"	"No"		"Buse, T., Ruess, L., Filser, J., 2013. New trophic biomarkers for Collembola reared on algal diets. Pedobiologia 56(3), 153–159. https://doi.org/10.1016/j.pedobi.2013.03.005"
"k__Metazoa;p__Arthropoda;c__Insecta;o__Hymenoptera;f__Platygastridae"	81078		"Family"	"Carnivores"	"No"		"Marsh, P.M., 1994. Hymenoptera of the World: An Identification Guide to Families. American Entomologist 40(2), 115–116. https://doi.org/10.1093/ae/40.2.115"
"k__Metazoa;p__Annelida;c__Clitellata;o__Crassiclitellata;f__Lumbricidae;g__Lumbricus;s__Lumbricus castaneus"	81491	"Enterion castaneum"	"Species"	"Detritivores"	"No"		"Piearce, T.G., 1972. The Calcium Relations of Selected Lumbricidae.The Journal of Animal Ecology 41(1), 167-188.https://doi.org/10.2307/3511"
"k__Metazoa;p__Arthropoda;c__Arachnida;o__Araneae;f__Linyphiidae"	81835		"Family"	"Carnivores"	"No"		"Cuff, J.P., Drake, L.E., Tercel, M.P.T.G., Stockdale, J.E., Orozco‐terWengel, P., Bell, J.R., Vaughan, I.P., Müller, C.T., Symondson, W.O.C., 2020. Money spider dietary choice in pre‐ and post‐harvest cereal crops using metabarcoding. Ecological Entomology 46(2), 249–261. https://doi.org/10.1111/een.12957"
"k__Metazoa;p__Arthropoda;c__Insecta;o__Diptera;f__Chironomidae;g__Paratanytarsus"	82133		"Genus"	"Detritivores"	"No"	"Larvae are detritivores"	"Ergović, V., Čerba, D., Vučković, N., Mihaljević, Z., 2024. Chironomid Pupal Exuviae Technique in Ecological Research of Man-Made Water Bodies. Water 16(20), 2917. https://doi.org/10.3390/w16202917"
"k__Metazoa;p__Mollusca;c__Gastropoda;o__Stylommatophora;f__Cochlicopidae;g__Cochlicopa;s__Cochlicopa lubrica"	82567	"Cionella lubrica;Helix lubrica"	"NA"	"NA"	"NA"		
"k__Metazoa;p__Arthropoda;c__Insecta;o__Lepidoptera;f__Geometridae"	82593		"Family"	"Herbivores"	"No"		"Seifert, C.L., Strutzenberger P., Hausmann A., Fiedler K., 2022. Dietary specialization mirrors Rapoport’s rule in European geometrid moths. Global Ecology and Biogeography 31, 1161–1171. https://doi.org/10.1111/geb.13493"
"k__Metazoa;p__Arthropoda;c__Arachnida;o__Sarcoptiformes"	83137		"NA"	"NA"	"NA"	"Different feeding habits within the order"	
"k__Metazoa;p__Arthropoda;c__Arachnida;o__Sarcoptiformes;f__Glycyphagidae"	83156		"Family"	"NA"	"NA"		
"k__Metazoa;p__Platyhelminthes;c__Rhabditophora;o__Rhabdocoela;f__Polycystididae;g__Gyratrix;s__Gyratrix hermaphroditus"	84080		"Species"	"Carnivores"	"No"		"Tessens, B., Gijbels, M., Artois, T., 2009. Mating and feeding behaviour of the euryhaline cosmopolitan flatworm Gyratrix hermaphroditus. In: VLIZ Special Publication 43. Vlaams Instituut voor de Zee (VLIZ), Oostende, Belgium, pp. xiii+ 221."
"k__Metazoa;p__Arthropoda;c__Ostracoda;o__Podocopida;f__Cyprididae;g__Heterocypris"	84330		"NA"	"NA"	"NA"		
"k__Metazoa;p__Rotifera;c__Eurotatoria;o__Ploima"	84394	"Ploimida"	"NA"	"NA"	"NA"		
"k__Metazoa;p__Tardigrada;c__Eutardigrada;o__Parachela;f__Doryphoribiidae;g__Thulinius;s__Thulinius stephaniae"	86846	"Isohypsibius stephaniae;Thulinia stephaniae"	"NA"	"NA"	"NA"		
"k__Metazoa;p__Arthropoda;c__Diplopoda;o__Julida;f__Blaniulidae;g__Proteroiulus;s__Proteroiulus fuscus"	88024	"Blaniulus fuscus Am"	"Species"	"Detritivores"	"No"		"Bhakat, S., 2020. Population ecology of Trigoniulus corallinus (Gervais) (Diplopoda: Spirobolida). Cold Spring Harbor Laboratory. https://doi.org/10.1101/2020.08.23.263855"
"k__Metazoa;p__Arthropoda;c__Insecta;o__Zygentoma;f__Lepismatidae;g__Thermobia"	89054		"Genus"	"Detritivores"	"No"		"Tigar, B.J., Osborne, P.E., 1999. The influence of the lunar cycle on ground-dwelling invertebrates in an Arabian desert. Journal of Arid Environments 43(2), 171–182. https://doi.org/10.1006/jare.1999.0541"
"k__Metazoa;p__Arthropoda;c__Insecta;o__Zygentoma;f__Lepismatidae;g__Thermobia;s__Thermobia domestica"	89055	"Lepisma domestica"	"Species"	"Detritivores"	"No"		"Sweetman, H.L., 1938. Physical Ecology of the Firebrat, Thermobia Domestica (Packard). Ecological Monographs 8, 285-311. https://doi.org/10.2307/1943252"
"k__Metazoa;p__Nematoda;c__Chromadorea;o__Rhabditida;f__Aphelenchoididae;g__Aphelenchoides"	90723		"Genus"	"Fungivores"	"No"		"http://nemaplex.ucdavis.edu/"
"k__Metazoa;p__Nematoda;c__Chromadorea;o__Rhabditida;f__Aphelenchoididae;g__Aphelenchoides;s__Aphelenchoides fragariae"	90724	"Aphelenchus fragariae"	"Species"	"Fungivores"	"No"		"http://nemaplex.ucdavis.edu/"
"k__Metazoa;p__Arthropoda;c__Arachnida;o__Mesostigmata;f__Ologamasidae"	91337		"Family"	"Carnivores"	"No"		"Castilho, R.C., Silva, E.S., de Moraes, G.J., Halliday, B., 2016. Catalogue of the family Ologamasidae Ryke (Acari: Mesostigmata). Zootaxa 4197(1). https://doi.org/10.11646/zootaxa.4197.1.1"
"k__Metazoa;p__Arthropoda;c__Arachnida;o__Trombidiformes;f__Trombidiidae;g__Allothrombium"	92077	"Allothrombidium"	"Genus"	"Carnivores"	"No"	"Ectoparasites"	"Zhang, Z.-Q., Xin, J.-L., 1992. Review of larval Allothrombium (Acari: Trombidioidea), with description of a new species ectoparasitic on aphids in China. Journal of Natural History 26(2), 383–393. https://doi.org/10.1080/00222939200770211"
"k__Metazoa;p__Arthropoda;c__Arachnida;o__Trombidiformes;f__Calyptostomatidae"	92089		"Family"	"Carnivores"	"No"	"Ectoparasites"	"Pilgrim, J., Thongprem, P., Davison, H.R., Siozios, S., Baylis, M., Zakharov, E. V., Ratnasingham, S., deWaard, J. R., Macadam, C. R., Smith, M. A., Hurst, G. D. D., 2021. Torix Rickettsia are widespread in arthropods and reflect a neglected symbiosis. GigaScience 10(3). https://doi.org/10.1093/gigascience/giab021"
"k__Metazoa;p__Arthropoda;c__Arachnida;o__Trombidiformes;f__Erythraeidae"	92103	"Erythraeiidae;Erythraidae"	"Family"	"Carnivores"	"No"		"Alonso, A., Garrido, J., 2009. Arthropods in shag (Phalacrocorax aristotelis) nests from the National Park of the Atlantic Islands (NW Spain): occurrence and abundance at different breeding phases. Vie et Milieu/Life & Environment, 59–68."
"k__Metazoa;p__Arthropoda;c__Arachnida;o__Trombidiformes;f__Anystidae"	92248		"Family"	"Carnivores"	"No"		"Walter, D.E., Latonas, S., 2011. Almanac of Alberta Acari Part II, The Royal Alberta Museum, Edmonton (AB)."
"k__Metazoa;p__Arthropoda;c__Arachnida;o__Trombidiformes;f__Trombiculidae"	92251		"Family"	"Carnivores"	"No"		"Walter, D.E., Latonas, S., 2011. Almanac of Alberta Acari Part II, The Royal Alberta Museum, Edmonton (AB)."
"k__Metazoa;p__Arthropoda;c__Insecta;o__Diptera;f__Dolichopodidae"	92558		"Family"	"Carnivores"	"No"		"Meuffels, H.J.G., Paul, L.Th. Beuk, V.S. van der Goot, 2024. Family Dolichopodidae. In: Beuk, Paul, L.Th. (Ed.), Checklist of the Diptera of the Netherlands, Available at: https://diptera-info.nl/news.php?fam=Dolichopodidae"
"k__Metazoa;p__Arthropoda;c__Insecta;o__Diptera;f__Empididae;g__Hilara;s__Hilara maura"	92585		"NA"	"NA"	"NA"		
"k__Metazoa;p__Arthropoda;c__Arachnida;o__Araneae;f__Thomisidae"	94016	"Aphantochilidae"	"Family"	"Carnivores"	"No"		"Pekár, S., Šoltysová, V., Booysen, R., Arnedo, M., 2024. Evolution of spider- and ant-eating habits in crab spiders (Araneae: Thomisidae). Zoological Journal of the Linnean Society 203(3). https://doi.org/10.1093/zoolinnean/zlae068"
"k__Metazoa;p__Arthropoda;c__Arachnida;o__Araneae;f__Salticidae"	94017	"Lyssomanidae"	"Family"	"Carnivores"	"No"		"Forster, L.M., 1977. A qualitative analysis of hunting behaviour in jumping spiders (Araneae: Salticidae). New Zealand Journal of Zoology 4(1), 51–62. https://doi.org/10.1080/03014223.1977.9517936"
"k__Metazoa;p__Arthropoda;c__Arachnida;o__Araneae;f__Linyphiidae;g__Linyphia"	94030		"Genus"	"Carnivores"	"No"		"Turnbull, A.L., 1960. The prey of the spider linyphia triangularis (Clerck) (Araneae, Linyphiidae). Canadian Journal of Zoology 38(5), 859–873. https://doi.org/10.1139/z60-09 / Cuff, J. P., Drake, L. E., Tercel, M. P. T. G., Stockdale, J. E., Orozco‐terWengel, P., Bell, J. R., Vaughan, I. P., Müller, C. T., Symondson, W. O. C., 2020. Money spider dietary choice in pre‐ and post‐harvest cereal crops using metabarcoding. Ecological Entomology 46(2), 249–261. https://doi.org/10.1111/een.12957"
"k__Metazoa;p__Arthropoda;c__Arachnida;o__Trombidiformes;f__Rhagidiidae"	94823		"Family"	"Carnivores"	"No"	"Predators of small athropods"	"Walter, D.E., Latonas, S., 2011. Almanac of Alberta Acari Part II, The Royal Alberta Museum, Edmonton (AB)."
"k__Metazoa;p__Arthropoda;c__Arachnida;o__Trombidiformes;f__Bdellidae"	94829		"Family"	"Carnivores"	"No"	"Predators of small arthropods"	"Hernandes, F.A., Skvarla, M.J., Fisher, J.R., Dowling, A.P.G., Ochoa, R., Ueckermann, E.A., Bauchan, G.R., 2016. Catalogue of snout mites (Acariformes: Bdellidae) of the world. Zootaxa 4152(1). https://doi.org/10.11646/zootaxa.4152.1.1"
"k__Metazoa;p__Arthropoda;c__Insecta;o__Diptera;f__Scathophagidae;g__Scathophaga"	95462	"Scatophaga"	"NA"	"NA"	"NA"		
"k__Metazoa;p__Rotifera;c__Eurotatoria;o__Ploima;f__Lecanidae"	96444		"NA"	"NA"	"NA"		
"k__Metazoa;p__Nematoda;c__Chromadorea;o__Rhabditida;f__Cephalobidae;g__Acrobeloides;s__Acrobeloides bodenheimeri"	96596	"Acrobeles bodenheimeri"	"Species"	"Bacterivores"	"No"		"http://nemaplex.ucdavis.edu/"
"k__Metazoa;p__Nematoda;c__Chromadorea;o__Rhabditida;f__Cephalobidae;g__Acrobeloides;s__Acrobeloides thornei"	96599		"Species"	"Bacterivores"	"No"		"http://nemaplex.ucdavis.edu/"
"k__Metazoa;p__Nematoda;c__Chromadorea;o__Rhabditida;f__Rhabditidae;g__Pelodera;s__Pelodera punctata"	96649	"Rhabditis punctata"	"Species"	"Bacterivores"	"No"		"http://nemaplex.ucdavis.edu/"
"k__Metazoa;p__Nematoda;c__Chromadorea;o__Rhabditida;f__Rhabditidae;g__Pelodera;s__Pelodera teres"	96650		"Species"	"Bacterivores"	"No"		"http://nemaplex.ucdavis.edu/"
"k__Metazoa;p__Nematoda;c__Chromadorea;o__Rhabditida;f__Rhabditidae;g__Rhabditoides;s__Rhabditoides inermiformis"	96653		"Species"	"Bacterivores"	"No"		"http://nemaplex.ucdavis.edu/"
"k__Metazoa;p__Nematoda;c__Chromadorea;o__Rhabditida;f__Rhabditidae;g__Poikilolaimus"	96658	"Peplorhabditis;Praeputirhabditis"	"Genus"	"Bacterivores"	"No"		"http://nemaplex.ucdavis.edu/"
"k__Metazoa;p__Nematoda;c__Chromadorea;o__Rhabditida;f__Rhabditidae;g__Rhabditoides;s__Rhabditoides inermis"	96661	"Leptodera inermis"	"Species"	"Bacterivores"	"No"		"http://nemaplex.ucdavis.edu/"
"k__Metazoa;p__Nematoda;c__Chromadorea;o__Rhabditida;f__Rhabditidae;g__Distolabrellus;s__Distolabrellus veechi"	96664		"Species"	"Bacterivores"	"No"		"http://nemaplex.ucdavis.edu/"
"k__Metazoa;p__Nematoda;c__Chromadorea;o__Rhabditida;f__Rhabditidae;g__Protorhabditis"	96770		"Genus"	"Bacterivores"	"No"		"http://nemaplex.ucdavis.edu/"
"k__Metazoa;p__Nematoda;c__Chromadorea;o__Rhabditida;f__Heteroderidae;g__Heterodera;s__Heterodera schachtii"	97005		"Species"	"Herbivores"	"No"		"http://nemaplex.ucdavis.edu/"
"k__Metazoa;p__Arthropoda;c__Arachnida;o__Mesostigmata;f__Phytoseiidae;g__Amblyseius"	99210	"Iphiseiodes"	"Genus"	"Carnivores"	"No"		"El Badry, E. A., 1968. The Genus Amblyseius in the Sudan. Annals of the Entomological Society of America 61(5), 1087–1090. https://doi.org/10.1093/aesa/61.5.1087"
"k__Metazoa;p__Arthropoda;c__Arachnida;o__Mesostigmata;f__Parasitidae"	99213		"Family"	"Carnivores"	"No"		"Hrúzová, K., Fenďa, P., 2018. The family Parasitidae (Acari: Mesostigmata) - history, current problems and challenges. Acarologia 58(Suppl), 25–42. https://doi.org/10.24349/acarologia/20184280"
"k__Metazoa;p__Arthropoda;c__Arachnida;o__Mesostigmata;f__Macrochelidae;g__Macrocheles"	99225		"Genus"	"Carnivores"	"No"		"Walter, D.E., Latonas, S., 2011. Almanac of Alberta Acari Part II, The Royal Alberta Museum, Edmonton (AB)."
"k__Metazoa;p__Arthropoda;c__Arachnida;o__Mesostigmata;f__Veigaiidae;g__Veigaia"	99236		"Genus"	"Carnivores"	"No"	"Predators of Collembola and other small arthopods"	"Hurlbutt, H.W., 1965. Systematics and biology of the genus Veigaia (Acarina: Mesostigmata) from Maryland. Acarologia 7(4), 598-623."
"k__Metazoa;p__Arthropoda;c__Insecta;o__Coleoptera;f__Ptiliidae;g__Ptilium"	100461		"Genus"	"Fungivores"	"No"		"Hall, W.E., 1999. Generic revision of the tribe nanosellini (Coleoptera: Ptiliidae: Ptiliinae). Transactions of the American Entomological Society 125(1-2), 39-126."
"k__Metazoa;p__Arthropoda;c__Insecta;o__Coleoptera;f__Carabidae;g__Abax;s__Abax parallelepipedus"	102642	"Carabus parallelepipedus"	"Species"	"Carnivores"	"No"		"Fawki, S., Smerup, S., Toft, S., 2005. Food preferences and food value for the carabid beetles Pterostichus melanarius, P. versicolor and Carabus nemoralis. In: Proceedings of the 11th European Carabidologist Meeting, pp. 99–109."
"k__Metazoa;p__Arthropoda;c__Insecta;o__Coleoptera;f__Curculionidae;g__Ips;s__Ips bonanseai"	102825		"Species"	"Herbivores"	"No"	"Feeds on the inner bark"	"Lantschner, M.V., Corley, J.C. Liebhold, A.M., 2020. Drivers of global Scolytinae invasion patterns. Ecological Application 30(5), e02103. https://doi.org/10.1002/eap.2103"
"k__Metazoa;p__Rotifera;c__Eurotatoria;o__Ploima;f__Brachionidae;g__Brachionus;s__Brachionus calyciflorus"	104777		"Species"	"Detritivores"	"No"		"Starkweather, P.L., Gilbert, J.J., Frost, T.M., 1979. Bacterial feeding by the rotifer Brachionus calyciflorus: Clearance and ingestion rates, behavior and population dynamics. Oecologia 44(1), 26–30. https://doi.org/10.1007/bf00346392"
"k__Metazoa;p__Rotifera;c__Eurotatoria;o__Adinetida"	104779		"NA"	"NA"	"NA"		
"k__Metazoa;p__Rotifera;c__Eurotatoria;o__Adinetida;f__Adinetidae;g__Adineta;s__Adineta vaga"	104782	"Callidina vaga"	"NA"	"NA"	"NA"		
"k__Metazoa;p__Arthropoda;c__Insecta;o__Coleoptera;f__Carabidae;g__Pterostichus;s__Pterostichus niger"	106386		"Species"	"Carnivores"	"No"		"Hatteland, B.A., Grutle, K., Mong, C.E., Skartveit, J., Symondson, W.O.C., Solhøy, T., 2010. Predation by beetles (Carabidae, Staphylinidae) on eggs and juveniles of the Iberian slug Arion lusitanicusin the laboratory. Bulletin of Entomological Research 100(5), 559–567. https://doi.org/10.1017/s0007485309990629"
"k__Metazoa;p__Arthropoda;c__Collembola;o__Poduromorpha;f__Neanuridae;g__Friesea"	106927		"Genus"	"Carnivores"	"No"	"Feed on micro-fauna, eggs and moults of small animals"	"Ponge, J.-F., 2000. Vertical distribution of Collembola (Hexapoda) and their food resources in organic horizons of beech forests. Biology and Fertility of Soils 32(6), 508–522. https://doi.org/10.1007/s003740000285"
"k__Metazoa;p__Arthropoda;c__Collembola;o__Symphypleona;f__Sminthuridae;g__Sminthurus;s__Sminthurus viridis"	109609	"Podura viridis"	"Species"	"Herbivores"	"No"		"Crotty, F.V., Fychan, R., Benefer, C.M., Allen, D., Shaw, P., Marley, C.L., 2016. First documented pest outbreak of the herbivorous springtail Sminthurus viridis (Collembola) in Europe. Grass Forage Sci 71, 699-704. https://doi.org/10.1111/gfs.12235"
"k__Metazoa;p__Mollusca;c__Gastropoda;o__;f__Physidae;g__Physella;s__Physella acuta"	109671	"Haitia acuta;Physa acuta;Physa heterostropha;Physa integra;Physella heterostropha;Physella integra"	"NA"	"NA"	"NA"		
"k__Metazoa;p__Arthropoda;c__Insecta;o__Orthoptera;f__Acrididae;g__Podisma;s__Podisma pedestris"	109886	"Gryllus pedestris"	"NA"	"NA"	"NA"		
"k__Metazoa;p__Arthropoda;c__Insecta;o__Coleoptera;f__Scirtidae;g__Contacyphon;s__Contacyphon hilaris"	110012	"Cyphon hilaris"	"NA"	"NA"	"NA"		
"k__Metazoa;p__Nematoda;c__Chromadorea;o__Rhabditida;f__Pratylenchidae;g__Pratylenchus;s__Pratylenchus convallariae"	110514		"Species"	"Herbivores"	"No"		"http://nemaplex.ucdavis.edu/"
"k__Metazoa;p__Arthropoda;c__Insecta;o__Hymenoptera;f__Tenthredinidae;g__Pachynematus"	112295	"Alpinematus;Amauronematus;Bacconematus;Brachycoluma;Cryptocampus;Decanematus;Eitelius;Epicenematus;Epitactus;Eupontania;Gemmura;Holcocnema;Holcocneme;Holcocnemis;Kontuniemiana;Larinematus;Lindqvistia;Luea;Pachynematus;Phyllocolpa;Pikonema;Polynematus;Pontania;Pontopristia;Pteronidea;Tubpontania"	"Genus"	"Herbivores"	"No"		"Haris, A., 2009. Checklist and distribution of Swedish Nematinae: Cladiini and Nematini (Hymenoptera: Tenthredinidae). Entomologisk Tidskrift 130(3-4), 209-222."
"k__Metazoa;p__Nematoda;c__Chromadorea;o__Rhabditida;f__Cephalobidae;g__Acrobeles;s__Acrobeles ciliatus"	114846	"Acrobeles ciliatus von"	"Species"	"Bacterivores"	"No"		"http://nemaplex.ucdavis.edu/"
"k__Metazoa;p__Nematoda;c__Chromadorea;o__Rhabditida;f__Cephalobidae;g__Cephalobus;s__Cephalobus cubaensis"	114851		"Species"	"Bacterivores"	"No"		"http://nemaplex.ucdavis.edu/"
"k__Metazoa;p__Nematoda;c__Chromadorea;o__Rhabditida;f__Cephalobidae;g__Cervidellus"	114856		"Genus"	"Bacterivores"	"No"		"http://nemaplex.ucdavis.edu/"
"k__Metazoa;p__Nematoda;c__Chromadorea;o__Araeolaimida"	114861	"Araeolaimina"	"NA"	"NA"	"NA"		
"k__Metazoa;p__Nematoda;c__Chromadorea;o__Araeolaimida;f__Diplopeltidae;g__Cylindrolaimus"	114862		"Genus"	"Bacterivores"	"No"		"http://nemaplex.ucdavis.edu/"
"k__Metazoa;p__Nematoda;c__Chromadorea;o__Rhabditida;f__Panagrolaimidae;g__Halicephalobus"	114867		"Genus"	"Bacterivores"	"No"		"http://nemaplex.ucdavis.edu/"
"k__Metazoa;p__Nematoda;c__Chromadorea;o__Rhabditida;f__Panagrolaimidae;g__Panagrobelus;s__Panagrobelus stammeri"	114870		"Species"	"Bacterivores"	"No"		"http://nemaplex.ucdavis.edu/"
"k__Metazoa;p__Nematoda;c__Chromadorea;o__Rhabditida;f__Alloionematidae;g__Rhabditophanes"	114889		"Genus"	"Bacterivores"	"No"		"http://nemaplex.ucdavis.edu/"
"k__Metazoa;p__Nematoda;c__Chromadorea;o__Rhabditida;f__Tylenchidae"	114893		"NA"	"NA"	"NA"	"Different feeding habits within the family"	
"k__Metazoa;p__Nematoda;c__Chromadorea;o__Rhabditida;f__Anguinidae"	114907		"NA"	"NA"	"NA"	"Different feeding habits within the family"	
"k__Metazoa;p__Nematoda;c__Chromadorea;o__Plectida;f__Plectidae;g__Tylocephalus;s__Tylocephalus auriculatus"	114912	"Plectus auriculatus"	"Species"	"Bacterivores"	"No"		"http://nemaplex.ucdavis.edu/"
"k__Metazoa;p__Arthropoda;c__Insecta;o__Coleoptera;f__Coccinellidae;g__Scymnus"	115351		"Genus"	"Carnivores"	"No"		"Montgomery, M.E., Keena, M.A., 2011. Scymnus (Neopullus) lady beetles from China. In: Onken, B., Reardon, R. (Eds.), Implementation and Status of Biological Control of the Hemlock Woolly Adelgid. US Department of Agriculture, Forest Service, Forest Health Technology Enterprise Team, Morgantown, pp. 53–76."
"k__Metazoa;p__Arthropoda;c__Insecta;o__Coleoptera;f__Oedemeridae;g__Oedemera"	116145	"Oedemeronia"	"Genus"	"Omnivores"	"Yes"	"Larvae feed on decaying wood or plant material, adults feed on flowers"	"Philp, B., 2021. False blister beetles of the genus Oedemera in Scotland. The Glasgow Naturalist 27(4), 3–6. https://doi.org/10.37208/tgn27404 / https://bugswithmike.com/factsheet/oedemeridae"
"k__Metazoa;p__Arthropoda;c__Diplopoda;o__Julida;f__Julidae;g__Ophyiulus;s__Ophyiulus pilosus"	118470	"Iulus pilosus;Ophyiulus pilosis"	"Species"	"Detritivores"	"No"		"Parker, A.N., Minor, M.A., 2015. Native and adventive detritivores (Diplopoda, Isopoda and Amphipoda) in a modified landscape: influence of forest type and edge. New Zealand Journal of Ecology 39(2), 323-331."
"k__Metazoa;p__Arthropoda;c__Arachnida;o__Mesostigmata;f__Zerconidae"	118550		"Family"	"Carnivores"	"No"	"Diets include eggs, larvae, nymphs of other mites and springtails, and also nematodes "	"Karaca, M., 2021. Zerconid mites (Acari: Mesostigmata: Zerconidae) of the Kazdağı National Park, Turkey, with altitude and habitat preferences of the species. Biharean Biologist 15(1), 6-13."
"k__Metazoa;p__Arthropoda;c__Arachnida;o__Opiliones;f__Phalangiidae;g__Phalangium;s__Phalangium opilio"	118624		"Species"	"Carnivores"	"No"	"Feed on pest species (e.g., Colorado potato beetle larvae, various aphid species, and lepidopteran eggs)"	"Allard, C.M., Yeargan, K.V., 2005. Effect of diet on development and reproduction of the harvestman Phalangium opilio (Opiliones: Phalangiidae). Environmental Entomology 34(1), 6–13. https://doi.org/10.1603/0046-225x-34.1.6"
"k__Metazoa;p__Nematoda;c__Enoplea"	119088		"NA"	"NA"	"NA"	"Different feeding habits within the class"	
"k__Metazoa;p__Nematoda;c__Chromadorea"	119089	"Adenophorea"	"NA"	"NA"	"NA"	"Different feeding habits within the class"	
"k__Metazoa;p__Arthropoda;c__Insecta;o__Diptera;f__Culicidae;g__Ochlerotatus;s__Ochlerotatus caspius"	120870	"Aedes capsium;Aedes caspius;Culex caspius"	"Species"	"Omnivores"	"Yes"	"Larvae are microbivores/detritivores, adults are hematophagous"	"Toma, L., Severini, F., Romi, R., Luca, M. D., 2017. Preliminary study on 2 colour patterns in Ochlerotatus caspius (Pallas, 1771) (Diptera, Culicidae). Veterinaria Italiana 53(2), 167-170. https://doi.org/10.12834/VetIt.598.2877.3 / Mokany, A., Shine, R., 2003. Competition between tadpoles and mosquito larvae. Oecologia 135(4), 615–620. https://doi.org/10.1007/s00442-003-1215-6."
"k__Metazoa;p__Arthropoda;c__Arachnida;o__Opiliones;f__Nemastomatidae;g__Nemastoma;s__Nemastoma bimaculatum"	121211		"Species"	"Carnivores"	"No"		"https://srs.britishspiders.org.uk/portal.php/p/Summary/s/nemastoma+bimaculatum#:~:text=These%20presumably%20act%20like%20fly,will%20eat%20freshly%20dead%20invertebrates. (Accessed: 7 April 2025)."
"k__Metazoa;p__Arthropoda;c__Insecta;o__Psocodea;f__Pediculidae;g__Pediculus;s__Pediculus humanus"	121225		"Species"	"Carnivores"	"No"		"Ortega-Insaurralde, I., Barrozo, R.B., 2022. The closer the better: Sensory tools and host-association in blood-sucking insects. Journal of Insect Physiology 136, 104346. https://doi.org/10.1016/j.jinsphys.2021.104346"
"k__Metazoa;p__Arthropoda;c__Insecta;o__Hemiptera;f__Calophyidae;g__Calophya;s__Calophya schini"	121824		"Species"	"Herbivores"	"No"		"Overholt, W.A., Diaz, R., Rosskopf, E., Green, S.J., Overholt, W.A., 2015. Deep Characterization of the Microbiomes of Calophya spp. (Hemiptera: Calophyidae) Gall-Inducing Psyllids Reveals the Absence of Plant Pathogenic Bacteria and Three Dominant Endosymbionts. PLOS ONE 10(7), e0132248. https://doi.org/10.1371/journal.pone.0132248"
"k__Metazoa;p__Arthropoda;c__Insecta;o__Hemiptera;f__Aphalaridae;g__Blastopsylla;s__Blastopsylla occidentalis"	121832	"Bastopsylla occidentalis"	"Species"	"Herbivores"	"No"		"Soufo, L., Tamesse, J.L., 2015. Population Dynamic of Blastopsylla occidentalis Taylor (Hemiptera: Psyllidae), a Psyllid Pest of Eucalypts. Neotropical Entomology 44(5), 504–512. https://doi.org/10.1007/s13744-015-0304-7"
"k__Metazoa;p__Arthropoda;c__Insecta;o__Hemiptera;f__Psyllidae;g__Diaphorina;s__Diaphorina citri"	121845	"Diaphornia citri"	"Species"	"Herbivores"	"No"		"Luo, X., Yen, A.L., Powell, K.S., Wu, F., Wang, Y., Zeng, L., Yang, Y., Cen, Y., 2015. Feeding Behavior of Diaphorina citri (Hemiptera: Liviidae) and Its Acquisition of ‘Candidatus Liberibacter Asiaticus’, on Huanglongbing-Infected Citrus reticulata Leaves of Several Maturity Stages. Florida Entomologist 98(1), 186–192. https://doi.org/10.1653/024.098.0132"
"k__Metazoa;p__Arthropoda;c__Insecta;o__Hemiptera;f__Aphalaridae;g__Glycaspis;s__Glycaspis brimblecombei"	121847		"Species"	"Herbivores"	"No"		"Bella, S., Rapisarda, C., 2013. First record from Greece of the invasive red gum lerp psyllid Glycaspis brimblecombei Moore (Hemiptera: Psyllidae) and its associated parasitoid Psyllaephagus bliteus Riek (Hymenoptera: Encyrtidae). Redia 96, 33-35."
"k__Metazoa;p__Arthropoda;c__Arachnida;o__Mesostigmata;f__Trematuridae;g__Trichouropoda"	122106		"Genus"	"Detritivores"	"No"		"Lindquist, E.E., Krantz, G.W., Walter, D.E., 2009. Order Mesostigmata. In: Krantz, G.W., Walter, D.E. (Eds). A manual of acarology, third ed. Texas Tech University Press 20, 124-232."
"k__Metazoa;p__Arthropoda;c__Arachnida;o__Sarcoptiformes;f__Terpnacaridae"	122108		"Family"	"Fungivores"	"No"		"Walter, D.E., Latonas, S., 2011. Almanac of Alberta Acari Part II, The Royal Alberta Museum, Edmonton (AB)."
"k__Metazoa;p__Arthropoda;c__Insecta;o__Coleoptera;f__Curculionidae;g__Polydrusus"	122852		"Genus"	"Herbivores"	"No"		"Gosik, R., Sprick, P., 2020. Description of the mature larvae of eight Phyllobius Germar, 1824 species with notes about life cycles, host plant use and vertical distribution (Curculionidae: Entiminae: Phyllobiini). Weevil News 89, 1–39."
"k__Metazoa;p__Arthropoda;c__Insecta;o__Coleoptera;f__Curculionidae;g__Sitona"	122856		"Genus"	"Herbivores"	"No"		"Gözüaçik, C., 2023. Diversity of sitona species (coleoptera, curculionidae) in cultivated plants belonging to the fabaceae family. Applied Ecology and Environmental Research 21(4), 3275–3284. https://doi.org/10.15666/aeer/2104_32753284"
"k__Metazoa;p__Arthropoda;c__Insecta;o__Coleoptera;f__Curculionidae;g__Tanymecus"	122859		"NA"	"NA"	"NA"		
"k__Metazoa;p__Arthropoda;c__Insecta;o__Coleoptera;f__Curculionidae;g__Myrmex;s__Myrmex floridanus"	122884		"NA"	"NA"	"NA"		
"k__Metazoa;p__Arthropoda;c__Chilopoda;o__Geophilomorpha;f__Linotaeniidae;g__Strigamia"	126956		"Genus"	"Carnivores"	"No"		"Bonato, L., Bortolin, F., Drago, L., Orlando, M., Dányi, L., 2017. Evolution of Strigamia centipedes (Chilopoda): a first molecular assessment of phylogeny and divergence times. Zoologica Scripta 46(4), 486–495. https://doi.org/10.1111/zsc.12234."
"k__Metazoa;p__Arthropoda;c__Arachnida;o__Sarcoptiformes;f__Camisiidae;g__Platynothrus;s__Platynothrus peltifer"	128015	"Heminothrus peltifer;Nothrus peltifer"	"Species"	"Detritivores"	"No"		"Hartenstein, R., 1962. Soil Oribatei V. Investigations on Platynothrus peltifer (Acarina: Camisiidae). Annals of the Entomological Society of America 55(6), 709–713. https://doi.org/10.1093/aesa/55.6.709"
"k__Metazoa;p__Arthropoda;c__Arachnida;o__Palpigradi;f__Eukoeneniidae;g__Eukoenenia"	129188		"Genus"	"Carnivores"	"No"		"Balestra, V., Lana, E., Vanin, S., 2022. Observations on the habitat and feeding behaviour of the hypogean genus Eukoenenia (Palpigradi, Eukoeneniidae) in the Western Italian Alps. Subterranean Biology 42, 23–41. https://doi.org/10.3897/subtbiol.42.75784"
"k__Metazoa;p__Arthropoda;c__Insecta;o__Lepidoptera;f__Pieridae;g__Aporia;s__Aporia crataegi"	129397	"Papilio crataegi"	"Species"	"Herbivores"	"No"		"Krasnyuk, P.I., 1928. Bojaryshnitsa (Aporia crataegi L.). Bulletins of Mleew Horticultural Experiment Station 12, 44."
"k__Metazoa;p__Nematoda;c__Chromadorea;o__Monhysterida;f__Monhysteridae;g__Geomonhystera"	129859		"Genus"	"Bacterivores"	"No"		"http://nemaplex.ucdavis.edu/"
"k__Metazoa;p__Nematoda;c__Chromadorea;o__Desmoscolecida;f__Desmoscolecidae;g__Desmoscolex"	130202		"NA"	"NA"	"NA"		
"k__Metazoa;p__Arthropoda;c__Insecta;o__Hemiptera;f__Aphididae;g__Prociphilus;s__Prociphilus fraxinifolii"	133103		"Species"	"Herbivores"	"No"		"Bieńkowski, A., Orlova-Bienkowskaja, M., 2018. Woolly Ash Aphid Prociphilus Fraxinifolii (Riley, 1879) (Hemiptera: Eriosomatidae), A New Invasive Alien Pest of Ash Trees (Fraxinus) in Russia. BioRxiv 254078 https://doi.org/10.1101/254078."
"k__Metazoa;p__Arthropoda;c__Insecta;o__Thysanoptera;f__Thripidae;g__Frankliniella;s__Frankliniella occidentalis"	133901	"Euthrips occidentalis;Frankliniella brunnescens;Frankliniella californica;Frankliniella occidentalis brunnescens"	"Species"	"Herbivores"	"No"		"De Kogel, W.J., Bosco, D., Van Der Hoek, M., Mollema, C., 2013. Effect of host plant on body size of Frankliniella occidentalis (Thysanoptera: Thripidae) and its correlation with reproductive capacity. European Journal of Entomology 96(4), 365–368."
"k__Metazoa;p__Arthropoda;c__Insecta;o__Coleoptera;f__Staphylinidae;g__Drusilla;s__Drusilla canaliculata"	135868		"Species"	"Carnivores"	"No"		"Balog, A., Mehrparvar, M., Weisser, W.W., 2013. Polyphagous predatory rove beetles (Coleoptera: Staphylinidae) induce winged morphs in the pea aphid Acythosiphon pisum (Hemiptera: Aphididae). European Journal of Entomology 110(1), 153–157. https://doi.org/10.14411/eje.2013.021"
"k__Metazoa;p__Nematoda;c__Chromadorea;o__Rhabditida;f__Rhabditidae;g__Oscheius;s__Oscheius tipulae"	141969	"Oscheius sp. CEW1;Oscheius sp. FVV-1;Oscheius sp. JU179;Oscheius sp. PS1131;Oscheius sp. PS2070;Oscheius sp. PS959;Oscheius sp. PS966;Oscheius sp. SB128;Rhabditis tipulae"	"Species"	"Bacterivores"	"No"		"http://nemaplex.ucdavis.edu/"
"k__Metazoa;p__Arthropoda;c__Insecta;o__Plecoptera;f__Nemouridae;g__Nemurella;s__Nemurella pictetii"	143722		"Species"	"Omnivores"	"No"		"Lieske, R., Zwick, P., 2007. Food preference, growth and maturation of Nemurella pictetii (Plecoptera: Nemouridae). Freshwater Biology 52(7), 1187–1197. https://doi.org/10.1111/j.1365-2427.2007.01755.x"
"k__Metazoa;p__Arthropoda;c__Insecta;o__Plecoptera;f__Nemouridae;g__Amphinemura;s__Amphinemura sulcicollis"	143724		"Species"	"Omnivores"	"No"		"Madsen, B.L., 1974. A note on the food of Amphinemoura sulcicollis (Plecoptera). Hydrobiologia 45(2–3), 169–175. https://doi.org/10.1007/bf00013999"
"k__Metazoa;p__Arthropoda;c__Insecta;o__Plecoptera;f__Taeniopterygidae;g__Brachyptera;s__Brachyptera seticornis"	143732		"Species"	"Microbivores"	"No"	"Nymphs are microbiovores"	"Dangles, O., 2002. Functional plasticity of benthic macroinvertebrates: implications for trophic dynamics in acid streams. Canadian Journal of Fisheries and Aquatic Sciences 59(9), 1563–1573. https://doi.org/10.1139/f02-122"
"k__Metazoa;p__Arthropoda;c__Insecta;o__Plecoptera;f__Chloroperlidae;g__Siphonoperla;s__Siphonoperla torrentium"	143750		"Species"	"Omnivores"	"No"		"Tixier, G., Felten, V., Guérold, F., 2012. Population characteristics and feeding habits of Siphonoperla torrentium subject to varying prey, predator, and competitor abundance across an acidification gradient. Freshwater Science 31(1), 191–204. https://doi.org/10.1899/11-006.1"
"k__Metazoa;p__Rotifera;c__Eurotatoria;o__Ploima;f__Lecanidae;g__Monostyla"	145460		"NA"	"NA"	"NA"	"Different feeding habits within the genus"	
"k__Metazoa;p__Mollusca;c__Gastropoda;o__Stylommatophora;f__Agriolimacidae;g__Deroceras;s__Deroceras reticulatum"	145610	"Deroceras (Agriolimax) reticulatum;Limax reticulatus"	"Species"	"Omnivores"	"No"		"Barrada, M., Iglesias, J., Castillejo, J., 2004. Utilization of Weeds and Crop Plants by the Pest Slug, Deroceras reticulatum (Müller, 1774). Biological Agriculture & Horticulture 22(2), 185–198. https://doi.org/10.1080/01448765.2004.9755000"
"k__Metazoa;p__Platyhelminthes;c__Rhabditophora"	147100		"NA"	"NA"	"NA"	"Different feeding habits within the class"	
"k__Metazoa;p__Tardigrada;c__Eutardigrada;o__Parachela"	149990		"NA"	"NA"	"NA"	"Different feeding habits within the order"	
"k__Metazoa;p__Arthropoda;c__Arachnida;o__Sarcoptiformes;f__Acaridae;g__Rhizoglyphus"	150114		"Genus"	"Herbivores"	"No"		"Diaz, A., Okabe, K., Eckenrode, C.J., Villani, M.G., Oconnor, B.M., 2000. Biology, ecology, and management of the bulb mites of the genus Rhizoglyphus (Acari: Acaridae). Experimental & applied acarology 24, 85-113. https://doi.org/10.1023/a:1006304300657"
"k__Metazoa;p__Annelida;c__Annelida_Incertae_Sedis;o__Annelida_Incertae_Sedis;f__Annelida_Incertae_Sedis;g__Hrabeiella;s__Hrabeiella periglandulata"	152469		"NA"	"NA"	"NA"		
"k__Metazoa;p__Annelida;c__Polychaeta;o__Polychaeta_incertae_sedis;f__Parergodrilidae"	152567		"Family"	"Detritivores"	"No"		"Fauchald, K., Jumars, P.A., 1979. The diets of worms: A study of Polychaete feeding guilds. Oceanography and Marine Biology Annual Review 17, 193–284. https://doi.org/10.5179/benthos1970.1981.65"
"k__Metazoa;p__Arthropoda;c__Collembola;o__Entomobryomorpha;f__Isotomidae;g__Folsomia"	158440		"Genus"	"NA"	"NA"	"Different feeding habits within the genus"	
"k__Metazoa;p__Arthropoda;c__Collembola;o__Entomobryomorpha;f__Isotomidae;g__Folsomia;s__Folsomia candida"	158441		"Species"	"Fungivores"	"No"	"Feed on fungal hyphae (prefers fungi growing on the surfaces of leaf litter rather than on soil particles )"	"Fountain, M.T., Hopkin, S. P., 2005. Folsomia candida (Collembola): A “Standard” Soil Arthropod. Annual Review of Entomology 50(1), 201–222. https://doi.org/10.1146/annurev.ento.50.071803.130331"
"k__Metazoa;p__Arthropoda;c__Insecta;o__Psocodea;f__Philopteridae;g__Anaticola;s__Anaticola crassicornis"	160206	"Esthiopterum crassicorne"	"Species"	"Detritivores"	"No"		"Bulgarella, M., Quenu, M., Shepherd, L.D., Morgan-Richards, M., 2018. The ectoparasites of hybrid ducks in New Zealand (Mallard x Grey Duck). International Journal for Parasitology: Parasites and Wildlife, 7(3), 335–342. https://doi.org/10.1016/j.ijppaw.2018.09.005"
"k__Metazoa;p__Arthropoda;c__Insecta;o__Thysanoptera;f__Thripidae;g__Thrips;s__Thrips palmi"	161013		"Species"	"Herbivores"	"No"		"Ghosh, A., Jagdale, S.S., Basavaraj, Dietzgen, R.G., Jain, R.K., 2019. Genetics of Thrips palmi (Thysanoptera: Thripidae). Journal of Pest Science 93(1), 27–39. https://doi.org/10.1007/s10340-019-01160-2"
"k__Metazoa;p__Arthropoda;c__Insecta;o__Thysanoptera;f__Thripidae;g__Thrips;s__Thrips tabaci"	161014		"Species"	"Herbivores"	"No"		"Shiberu, T., Mahammed, A., 2014. The Importance and Management Option of Onion thrips, Thrips tabaci (L.) (Thysanoptera: Thripidae) in Ethiopia: A Review. Journal of Horticulture 1(2), 1-8. https://doi.org/10.4172/2376-0354.1000107"
"k__Metazoa;p__Nematoda;c__Chromadorea;o__Rhabditida;f__Steinernematidae;g__Steinernema;s__Steinernema affine"	162469	"Neoaplectana affinis"	"Species"	"Bacterivores"	"No"		"http://nemaplex.ucdavis.edu/"
"k__Metazoa;p__Arthropoda;c__Insecta;o__Thysanoptera;f__Thripidae;g__Frankliniella;s__Frankliniella intonsa"	163893	"Thrips intonsa"	"Species"	"Herbivores"	"No"		"Ikegawa, Y., Mori, K., Ohasa, M., Fujita, I., Watanabe, T., Ezoe, H., Namba, T., 2016. A theoretical study on effects of cultivation management on biological pest control: A spatially explicit model. Biological Control 93, 37–48. https://doi.org/10.1016/j.biocontrol.2015.11.008"
"k__Metazoa;p__Arthropoda;c__Collembola;o__Poduromorpha;f__Onychiuridae;g__Onychiurus;s__Onychiurus yodai"	165479		"NA"	"NA"	"NA"		
"k__Metazoa;p__Nematoda;c__Chromadorea;o__Rhabditida;f__Anguinidae;g__Ditylenchus"	166009		"Genus"	"Fungivores"	"No"		"http://nemaplex.ucdavis.edu/"
"k__Metazoa;p__Nematoda;c__Chromadorea;o__Rhabditida;f__Anguinidae;g__Ditylenchus;s__Ditylenchus dipsaci"	166011	"Anguillula dipsaci"	"Species"	"Fungivores"	"No"		"http://nemaplex.ucdavis.edu/"
"k__Metazoa;p__Arthropoda;c__Insecta;o__Hemiptera;f__Delphacidae;g__Javesella;s__Javesella obscurella"	166223		"Species"	"Herbivores"	"No"		"Novotný, V., 1994. Association of Polyphagy in Leafhoppers (Auchenorrhyncha, Hemiptera) with Unpredictable Environments. Oikos 70(2), 223-232. https://doi.org/10.2307/3545633"
"k__Metazoa;p__Arthropoda;c__Insecta;o__Coleoptera;f__Curculionidae;g__Leptopius"	166874		"Genus"	"Herbivores"	"No"	"Feed upon the foliage of broad-leaved plants, particularly Acacia species"	"Tilley, D.B., Barrows, T. T., Zimmerman, E. C., 1997. Bauxitic insect pupal cases from northern Australia. Alcheringa: An Australasian Journal of Palaeontology 21(2), 157–160. https://doi.org/10.1080/03115519708619182"
"k__Metazoa;p__Annelida;c__Clitellata;o__Crassiclitellata;f__Lumbricidae;g__Eisenia;s__Eisenia andrei"	168636	"Eisenia fetida andrei;Eiseniella andrei"	"Species"	"Detritivores"	"No"		"Jager T., Fleuren R.H.L.J., Roelofs W., de Groot A.C.2003. Feeding activity of the earthworm Eisenia andrei in artificial soil.Soil Biology and Biochemistry, 35: 313-322.https://doi.org/10.1016/S0038-0717(02)00282-1"
"k__Metazoa;p__Arthropoda;c__Insecta;o__Diptera;f__Scatopsidae;g__Coboldia;s__Coboldia fuscipes"	170625		"Species"	"Detritivores"	"No"	"Larvae feed on fungi and detritus"	"Pan, J.-Z., Zhang, C., Zhang, Y., Yang, J.-P., He, L., Yang, H., Dai, R.-H., 2024. Fitness of two mushroom flies Bradysia minpleuroti (Diptera: Sciaridae) and Coboldia fuscipes (Diptera: Scatopsidae) fed on two edible mushrooms. Journal of Applied Entomology 148, 870–881. https://doi.org/10.1111/jen.13294"
"k__Metazoa;p__Arthropoda;c__Insecta;o__Hemiptera;f__Pseudococcidae;g__Planococcus;s__Planococcus citri"	170843	"Coccus citri;Phenacoccus citri"	"Species"	"Herbivores"	"No"		"Kerns, D., Wright, G., Loghry, J., 2004. Citrus mealybug (Planococcus citri). In: Citrus Arthropod Pest Management in Arizona. University of Arizona Cooperative Extension. Available at: https://cales.arizona.edu/crop/citrus/insects/citrusmealy.pdf"
"k__Metazoa;p__Arthropoda;c__Insecta;o__Lepidoptera;f__Geometridae;g__Alcis;s__Alcis repandata"	174269	"Alcis repandatus;Phalaena repandata"	"Species"	"Herbivores"	"No"		"Hatcher, P.E., 1989. Host plants and nutrition in conifer-feeding Lepidoptera. Oxford Polytechnic, PhD Thesis."
"k__Metazoa;p__Arthropoda;c__Insecta;o__Coleoptera;f__Elateridae;g__Ampedus"	174912		"Genus"	"NA"	"NA"	"Different feeding habits within the genus"	
"k__Metazoa;p__Arthropoda;c__Insecta;o__Coleoptera;f__Elateridae;g__Ampedus;s__Ampedus balteatus"	174913		"Species"	"Omnivores"	"Yes"	"Larvae are detritivores, adults feed on pollen and nectar"	"Molleman, F., Depoilly, A., Vernon, P., Müller, J., Bailey, R., Jarzabek-Müller, A., Prinzing, A., 2016. The island rule of body size demonstrated on individual hosts: phytophagous click beetle species grow larger and predators smaller on phylogenetically isolated trees. Journal of Biogeography 43(7), 1388-1399. https://doi.org/10.1111/jbi.12725"
"k__Metazoa;p__Arthropoda;c__Insecta;o__Coleoptera;f__Byrrhidae;g__Byrrhus"	174915		"Genus"	"Herbivores"	"No"	"Feed on mosses"	"Pyszko, P., Plášek, V., Drozd, P., 2020. Don’t eat where you sleep: unexpected diversity of food web for beetles feeding on mosses. Insect Conservation and Diversity 14(3), 325–334. https://doi.org/10.1111/icad.12453"
"k__Metazoa;p__Arthropoda;c__Insecta;o__Diptera;f__Empididae;g__Empis"	178771		"Genus"	"Omnivores"	"Yes"	"Larve are predators, adults are predators but numerous of them feed also or exclusively on flower nectar and pollen"	"Niesiołowski, S., 2006. Morphology, biology, phenology and occurrence of the genus Empis Linnaeus (Empididae, Diptera) in Poland. Fragmenta Faunistica 49(1), 1–39. https://doi.org/10.3161/00159301ff2006.49.1.001"
"k__Metazoa;p__Arthropoda;c__Insecta;o__Psocodea;f__Menoponidae;g__Trinoton;s__Trinoton querquedulae"	179177		"Species"	"Carnivores"	"No"		"Saxena, A.K., Agarwal, G.P., Chandra, S., Singh, O.P., 1985. Haematophagous nature of Trinoton querquedulae (Phthiraptera: Amblycera). Angewandte Parasitologie 26(4), 205–208."
"k__Metazoa;p__Arthropoda;c__Insecta;o__Psocodea;f__Liposcelididae;g__Liposcelis;s__Liposcelis bostrychophila"	185214	"Liposcelis granicola"	"Species"	"Omnivores"	"No"	"Eating mainly detritus and fungi"	"Turner, B.D., 1994. Liposcelis bostrychophila (Psocoptera: Liposcelididae), a stored food pest in the UK. International Journal of Pest Management 40(2), 179–190. https://doi.org/10.1080/09670879409371879"
"k__Metazoa;p__Arthropoda;c__Insecta;o__Lepidoptera;f__Pterophoridae;g__Platyptilia"	186113		"Genus"	"Herbivores"	"No"		"Lange, W. (1950). Biology and systematics of plume moths of the genus Platyptilia in California. Hilgardia, 19(19), 561-668."
"k__Metazoa;p__Arthropoda;c__Collembola;o__Entomobryomorpha;f__Entomobryidae;g__Lepidocyrtus;s__Lepidocyrtus lanuginosus "	186250		"Species"	"Fungivores"	"No"		"Susanti, W.I., Widyastuti, R., Scheu, S., Potapov, A., 2021. Trophic niche differentiation and utilisation of food resources in Collembola is altered by rainforest conversion to plantation systems. PeerJ 9, e10971. https://doi.org/10.7717/peerj.10971."
"k__Metazoa;p__Nematoda;c__Chromadorea;o__Rhabditida;f__Meloidogynidae;g__Meloidogyne;s__Meloidogyne exigua"	186942		"Species"	"Herbivores"	"No"		"http://nemaplex.ucdavis.edu/"
"k__Metazoa;p__Arthropoda;c__Collembola;o__Entomobryomorpha;f__Entomobryidae;g__Entomobrya"	187625		"Genus"	"Microbivores"	"No"		"Katz, A., 2013. A contribution to species delimitation and taxonomy of North American Entomobrya (Collembola: Entomobryidae). University of Illinois at Urbana-Champaign, PhD Thesis, 169 pp. https://doi.org/10.13140/RG.2.2.10564.48008"
"k__Metazoa;p__Arthropoda;c__Collembola;o__Entomobryomorpha;f__Isotomidae;g__Isotoma;s__Isotoma viridis"	187635		"Species"	"Omnivores"	"No"	"Feeds on fungal hyphae and decaying leaf matter, but when such food are in short supply, it may prey on other microarthropods"	"Rochefort, S., Therrien, F., Shetlar, D.J., Brodeur, J., 2006. Species diversity and seasonal abundance of Collembola in turfgrass ecosystems of North America. Pedobiologia 50(1), 61–68. https://doi.org/10.1016/j.pedobi.2005.10.007"
"k__Metazoa;p__Arthropoda;c__Collembola;o__Entomobryomorpha;f__Oncopoduridae;g__Oncopodura;s__Oncopodura crassicornis"	187676		"NA"	"NA"	"NA"		
"k__Metazoa;p__Arthropoda;c__Collembola;o__Entomobryomorpha;f__Isotomidae;g__Parisotoma;s__Parisotoma notabilis"	187682	"Isotoma notabilis"	"Species"	"Detritivores"	"No"	"Feeds primarily on decaying organic matter, possibly linked to fungi"	"Dunger, W., Schulz, H., Zimdars, B., 2002. Colonization behaviour of Collembola under different conditions of dispersal: Proceedings of the Xth international Colloquium on Apterygota, České Budějovice 2000: Apterygota at the Beginning of the Third Millennium. Pedobiologia 46(3–4), 316–327. https://doi.org/10.1016/s0031-4056(04)70148-1"
"k__Metazoa;p__Arthropoda;c__Collembola;o__Poduromorpha;f__Hypogastruridae;g__Schoettella;s__Schoettella ununguiculata"	187693		"NA"	"NA"	"NA"		
"k__Metazoa;p__Arthropoda;c__Collembola;o__Entomobryomorpha;f__Entomobryidae;g__Sinella;s__Sinella curviseta"	187695		"Species"	"Detritivores"	"No"		"Sitvarin, M.I., Romanchek, C., Rypstra, A.L., 2015. Nonconsumptive Predator-Prey Interactions: Sensitivity of the Detritivore Sinella curviseta (Collembola: Entomobryidae) to Cues of Predation Risk From the Spider Pardosa milvina (Araneae: Lycosidae). Environmental Entomology 44(2), 349–355. https://doi.org/10.1093/ee/nvv011"
"k__Metazoa;p__Arthropoda;c__Collembola;o__Symphypleona;f__Katiannidae;g__Sminthurinus;s__Sminthurinus bimaculatus"	187699		"NA"	"NA"	"NA"		
"k__Metazoa;p__Arthropoda;c__Collembola;o__Entomobryomorpha;f__Tomoceridae;g__Tomocerus;s__Tomocerus minor"	187706	"Macrotoma minor"	"Species"	"Fungivores"	"No"	"Feeds principally on Cladosporium herbarum"	"Kilbertus, G., Vannier, G., 1981. Microflora-microfauna relations in the Cave of Saint-Catherine (Ariegean Pyrenees). 2. The alimentary regime of Tomocerus minor (Lubbock) and Tomocerus problematicus Cassaghau. Revue d'ecologie et de biologie du sol 18, 319–338."
"k__Metazoa;p__Arthropoda;c__Collembola;o__Poduromorpha;f__Hypogastruridae;g__Willemia;s__Willemia denisi"	187710		"NA"	"NA"	"NA"		
"k__Metazoa;p__Arthropoda;c__Collembola;o__Poduromorpha;f__Hypogastruridae;g__Xenylla;s__Xenylla grisea"	187712		"NA"	"NA"	"NA"		
"k__Metazoa;p__Arthropoda;c__Insecta;o__Diptera;f__Phoridae;g__Phora;s__Phora tincta"	187972		"NA"	"NA"	"NA"		
"k__Metazoa;p__Nematoda;c__Enoplea;o__Dorylaimida;f__Longidoridae;g__Longidorus;s__Longidorus caespiticola"	188090		"Species"	"Herbivores"	"No"		"http://nemaplex.ucdavis.edu/"
"k__Metazoa;p__Nematoda;c__Chromadorea;o__Rhabditida;f__Meloidogynidae;g__Meloidogyne"	189290		"Genus"	"Herbivores"	"No"		"http://nemaplex.ucdavis.edu/"
"k__Metazoa;p__Nematoda;c__Enoplea;o__Triplonchida;f__Trichodoridae;g__Paratrichodorus;s__Paratrichodorus porosus"	189297		"Species"	"Herbivores"	"No"		"http://nemaplex.ucdavis.edu/"
"k__Metazoa;p__Arthropoda;c__Insecta;o__Ephemeroptera;f__Baetidae;g__Baetis;s__Baetis rhodani"	189839		"Species"	"Detritivores"	"No"	"Larvae are detritivores"	"Baekken, T., 1981. Growth patterns and food habits of Baetis rhodani, Capnia pygmaea and Diura nanseni in a West Norwegian River. Ecography 4(2), 139–144. https://doi.org/10.1111/j.1600-0587.1981.tb00990.x"
"k__Metazoa;p__Arthropoda;c__Insecta;o__Diptera;f__Lauxaniidae;g__Sapromyza;s__Sapromyza sexpunctata"	189943	"Nannomyza sexpunctata"	"NA"	"NA"	"NA"		
"k__Metazoa;p__Arthropoda;c__Insecta;o__Diptera;f__Bibionidae;g__Bibio;s__Bibio marci"	189979	"Tipula marci"	"Species"	"Omnivores"	"Yes"	"Larvae are detritivores, adults feed on pollen and nectar"	"Frouz, J., Krištůfek, V., Li, X., Šantrůčková, H., Šustr, V., Brune, A., 2003. Changes in amount of bacteria during gut passage of leaf litter and during coprophagy in three species of Bibionidae (Diptera) larvae. Folia Microbiologica 48(4), 535–542. https://doi.org/10.1007/bf02931337"
"k__Metazoa;p__Nematoda;c__Enoplea;o__Triplonchida;f__Trichodoridae;g__Trichodorus;s__Trichodorus similis"	190390		"Species"	"Herbivores"	"No"		"http://nemaplex.ucdavis.edu/"
"k__Metazoa;p__Nematoda;c__Enoplea;o__Triplonchida;f__Trichodoridae;g__Paratrichodorus;s__Paratrichodorus teres"	190392		"Species"	"Herbivores"	"No"		"http://nemaplex.ucdavis.edu/"
"k__Metazoa;p__Nematoda;c__Enoplea;o__Triplonchida;f__Trichodoridae;g__Paratrichodorus;s__Paratrichodorus hispanus"	190393		"Species"	"Herbivores"	"No"		"http://nemaplex.ucdavis.edu/"
"k__Metazoa;p__Nematoda;c__Enoplea;o__Dorylaimida;f__Longidoridae;g__Xiphinema;s__Xiphinema vuittenezi"	191821		"Species"	"Herbivores"	"No"		"http://nemaplex.ucdavis.edu/"
"k__Metazoa;p__Arthropoda;c__Insecta;o__Diptera;f__Hybotidae;g__Platypalpus"	192608		"Genus"	"Carnivores"	"No"		"Grootaert, P., 1985. A note on the phenology of Platypalpus Macquart (Diptera: Empidoidea, Hybotidae) in Belgium using Malaise traps. Bulletin et Annales de la Societé royale belge d'Entomologie 121(4), 99–111."
"k__Metazoa;p__Arthropoda;c__Insecta;o__Coleoptera;f__Cantharidae;g__Cantharis;s__Cantharis rustica"	195172		"Species"	"Carnivores"	"No"	"Earthworms, soft-tissued insects and their larvae represent a major component in the prey of Cantharis larvae. Besides some predation on invertebrates, adult beetles probably feed mainly on nectar, pollen and honeydew"	"Traugott, M., 2003. The prey spectrum of larval and adult Cantharis species in arable land: An electrophoretic approach. Pedobiologia 47(2), 161–169. https://doi.org/10.1078/0031-4056-00179"
"k__Metazoa;p__Arthropoda;c__Insecta;o__Coleoptera;f__Byrrhidae;g__Chaetophora;s__Chaetophora spinosa"	195186		"Species"	"Herbivores"	"No"		"Majka, C.G., Noronha, C., Smith, M., 2006. Adventive and native Byrrhidae (Coleoptera) newly recorded from Prince Edward Island, Canada. Zootaxa 1168(1), 21-30. https://doi.org/10.11646/zootaxa.1168.1.2"
"k__Metazoa;p__Arthropoda;c__Insecta;o__Coleoptera;f__Cantharidae;g__Rhagonycha;s__Rhagonycha lignosa"	195289		"Species"	"Carnivores"	"No"		"Day, K.R., Docherty, M., Leather, S.R., Kidd, N.A.C., 2006. The role of generalist insect predators and pathogens in suppressing green spruce aphid populations through direct mortality and mediation of aphid dropping behavior. Biological Control 38(2), 233–246. https://doi.org/10.1016/j.biocontrol.2006.01.002"
"k__Metazoa;p__Micrognathozoa;c__Micrognathozoa;o__Limnognathida;f__Limnognathidae;g__Limnognathia;s__Limnognathia maerski"	195507		"Species"	"Microbivores"	"No"		"https://philatax.pisceswebdesign.com/animalia/genus-species/limnognathia-maerski"
"k__Metazoa;p__Rotifera;c__Eurotatoria;o__Philodinida;f__Philodinidae;g__Mniobia;s__Mniobia russeola"	195511	"Callidina russeola"	"NA"	"NA"	"NA"		
"k__Metazoa;p__Arthropoda;c__Insecta;o__Hemiptera;f__Delphacidae;g__Laodelphax;s__Laodelphax striatella"	195883	"Laodelphax striatella"	"Species"	"Herbivores"	"No"		"Jing, P., Huang, L., Bai, S., Liu, F., 2015. Effects of rice resistance on the feeding behavior and subsequent virus transmission efficiency of Laodelphax striatellus. Arthropod-Plant Interactions 9(1), 97–105. https://doi.org/10.1007/s11829-014-9354-8"
"k__Metazoa;p__Arthropoda;c__Arachnida;o__Araneae;f__Idiopidae"	196121		"Family"	"Carnivores"	"No"		"https://www.mindat.org/taxon-7376.html"
"k__Metazoa;p__Arthropoda;c__Insecta;o__Coleoptera;f__Curculionidae;g__Curculio;s__Curculio glandium"	197013		"Species"	"Herbivores"	"No"	"Carpophagus weevil"	"Udaka, H., Sinclair, B. J., 2014. The overwintering biology of the acorn weevil, Curculio glandium in southwestern Ontario. Journal of Thermal Biology 44, 103–109. https://doi.org/10.1016/j.jtherbio.2014.02.019."
"k__Metazoa;p__Arthropoda;c__Insecta;o__Ephemeroptera;f__Baetidae;g__Centroptilum;s__Centroptilum luteolum"	197150		"Species"	"Detritivores"	"No"	"Larvae are detritivores"	"Petrović, A., Milošević, D., Paunović, M., Simić, S., Đorđević, N., Stojković, M., Simić, V., 2015. New data on the distribution and ecology of the mayfly larvae (Insecta: Ephemeroptera) of Serbia (central part of the Balkan Peninsula). Turkish Journal of Zoology 39, 195–209. https://doi.org/10.3906/zoo-1304-2"
"k__Metazoa;p__Arthropoda;c__Insecta;o__Ephemeroptera;f__Baetidae;g__Cloeon;s__Cloeon dipterum"	197152		"Species"	"Detritivores"	"No"	"Larvae are detritivores, the adults don't feed."	"Banegas, B.P., Casset, M.A., Silvera, A., Rocha, L., 2020. Mouthpart morphology and food habits of a Pampean population of Cloeon dipterum (Linnaeus, 1761) (Ephemeroptera: Baetidae). Annales de Limnologie - International Journal of Limnology 56, 21. https://doi.org/10.1051/limn/2020019 / Sweeney, B.W., Funk, D.H., Camp, A.A., Buchwalter, D.B., Jackson, J.K., 2018. Why adult mayflies of Cloeon dipterum (Ephemeroptera:Baetidae) become smaller as temperature warms. Freshwater Science 37(1), 64–81. https://doi.org/10.1086/696611"
"k__Metazoa;p__Arthropoda;c__Arachnida;o__Sarcoptiformes;f__Chamobatidae"	198259		"Family"	"Fungivores"	"No"		"Schneider, K., 2005. Feeding biology and diversity of oribatid mites (Oribatida, Acari). Technische Universität Darmstadt, PhD Thesis, 115 pp."
"k__Metazoa;p__Arthropoda;c__Arachnida;o__Sarcoptiformes;f__Phenopelopidae;g__Eupelops;s__Eupelops hirtus"	198281	"Pelops hirtus"	"Species"	"Fungivores"	"No"		"Maraun, M., Augustin, D., Pollierer, M.M.,Scheu, S., 2020. Variation in trophic niches of oribatid mites in temperate forest ecosystems as indicated by neutral lipid fatty acid patterns. Experimental and Applied Acarology 81(1), 103–115. https://doi.org/10.1007/s10493-020-00494-2"
"k__Metazoa;p__Arthropoda;c__Arachnida;o__Sarcoptiformes;f__Liacaridae;g__Liacarus;s__Liacarus coracinus"	198285		"Species"	"Fungivores"	"No"		"Maraun, M., Augustin, D., Pollierer, M.M.,Scheu, S., 2020. Variation in trophic niches of oribatid mites in temperate forest ecosystems as indicated by neutral lipid fatty acid patterns. Experimental and Applied Acarology 81(1), 103–115. https://doi.org/10.1007/s10493-020-00494-2"
"k__Metazoa;p__Arthropoda;c__Insecta;o__Hemiptera;f__Aphididae;g__Baizongia;s__Baizongia pistaciae"	198322	"Aphis pistaciae;Baizongia pistacia"	"Species"	"Herbivores"	"No"		"Martinez, J.-J.I., 2009. Anti-insect effects of the gall wall of Baizongia pistaciae [L.], a gall-inducing aphid on Pistacia palaestina Boiss. Arthropod-Plant Interactions 4(1), 29–34. https://doi.org/10.1007/s11829-009-9081-8"
"k__Metazoa;p__Arthropoda;c__Insecta;o__Lepidoptera;f__Gracillariidae;g__Phyllonorycter;s__Phyllonorycter maestingella"	199051	"Phalaena maestingella"	"Species"	"Herbivores"	"No"		"Nielsen, B.O., Ejlersen, A., 1977. The distribution pattern of herbivory in a beech canopy. Ecological Entomology 2(4), 293–299. https://doi.org/10.1111/j.1365-2311.1977.tb00894.x"
"k__Metazoa;p__Arthropoda;c__Insecta;o__Coleoptera;f__Curculionidae;g__Barypeithes"	201782		"Genus"	"Herbivores"	"No"		"Gratwick, M., 1992. Wingless weevils. In: Gratwick, M. (eds) Crop Pests in the UK. Springer, Dordrecht, pp 210-215. https://doi.org/10.1007/978-94-011-1490-5_43"
"k__Metazoa;p__Arthropoda;c__Insecta;o__Coleoptera;f__Curculionidae;g__Otiorhynchus;s__Otiorhynchus ovatus"	202098		"Species"	"Herbivores"	"No"	"Feeds on strawberry root"	"Fisher, J. R., 2006. Fecundity, longevity and establishment of Otiorhynchus sulcatus (Fabricius) and Otiorhynchus ovatus (Linnaeus) (Coleoptera: Curculionidae) from the Pacific North‐west of the United States of America on selected host plants. Agricultural and Forest Entomology 8(4), 281–287. https://doi.org/10.1111/j.1461-9563.2006.00309.x"
"k__Metazoa;p__Arthropoda;c__Insecta;o__Coleoptera;f__Curculionidae;g__Otiorhynchus;s__Otiorhynchus porcatus"	202099		"Species"	"Herbivores"	"No"	"Associated with garden ornamentals (especially Primula and Saxifraga)"	"Read, R.W.J., 1984. Second record of Otiorhynchus porcatus (Herbst) (Col., Curculionidae) from West Cumbria. Entomologist's monthly magazine 120, 53."
"k__Metazoa;p__Arthropoda;c__Insecta;o__Coleoptera;f__Curculionidae;g__Sciaphilus;s__Sciaphilus asperatus"	202184	"Curculio asperatus"	"Species"	"Herbivores"	"No"	"Feeds primarily on Acer saccharum, Betula spp and Rubus sp"	"Gültekin, N., Davidian, G. E., Gültekin, L., Korotyaev, B.A., 2019. Sciaphilus asperatus (Bonsdorff, 1785) (Coleoptera: Curculionidae): First Record for Turkey and Data on its General Distribution. The Coleopterists Bulletin 73(1), 225-232. https://doi.org/10.1649/0010-065x-73.1.225"
"k__Metazoa;p__Arthropoda;c__Insecta;o__Coleoptera;f__Curculionidae;g__Sitona;s__Sitona lineatus"	202195	"Curculio lineatus"	"Species"	"Herbivores"	"No"	"Feeds on foliage of several Fabaceae species"	"Carcamo, H.A., Herle, C.E., Lupwayi, N.Z., 2015. Sitona lineatus (Coleoptera: Curculionidae) larval feeding on Pisum sativum L. affects soil and plant nitrogen. Journal of Insect Science 15(1), 74–74. https://doi.org/10.1093/jisesa/iev055"
"k__Metazoa;p__Arthropoda;c__Insecta;o__Coleoptera;f__Curculionidae;g__Strophosoma;s__Strophosoma capitatum"	202214		"Species"	"Herbivores"	"No"		"Nielsen, C., Eilenberg, J., Harding, S., Vestergaard, S., 2004. Biological control of weevils (Strophosoma melanogrammum and S. capitatum) in greenery plantations in Denmark. Bekaempelsesmiddelforskning fra Miljoestyrelsen 91. http://www2.mst.dk/udgiv/publications/2004/87-7614-431-3/pdf/87-7614-432-1.pdf"
"k__Metazoa;p__Arthropoda;c__Insecta;o__Coleoptera;f__Curculionidae;g__Strophosoma;s__Strophosoma melanogrammum"	202215		"Species"	"Herbivores"	"No"		"Nielsen, C., Eilenberg, J., Harding, S., Vestergaard, S., 2004. Biological control of weevils (Strophosoma melanogrammum and S. capitatum) in greenery plantations in Denmark. Bekaempelsesmiddelforskning fra Miljoestyrelsen 91. http://www2.mst.dk/udgiv/publications/2004/87-7614-431-3/pdf/87-7614-432-1.pdf"
"k__Metazoa;p__Nematoda;c__Chromadorea;o__Rhabditida;f__Heteroderidae;g__Heterodera;s__Heterodera elachista"	204065		"Species"	"Herbivores"	"No"		"http://nemaplex.ucdavis.edu/"
"k__Metazoa;p__Arthropoda;c__Insecta;o__Coleoptera;f__Scarabaeidae;g__Pentodon;s__Pentodon algerinum"	207357	"Scarabaeus algerinum"	"Species"	"Herbivores"	"No"	"Polyphagous and considered basic pests of different crops, turfgrasses, nurseries, and ornamentals worldwide "	"Abd El-Salam, A.M.E., 2019. Field evaluation of some eco-friendly formulations against strawberry white grubs in Egypt. Specialty journal of biological sciences 5(2), 1-6."
"k__Metazoa;p__Nematoda;c__Enoplea;o__Dorylaimida;f__Longidoridae;g__Xiphinema;s__Xiphinema americanum"	208518		"Species"	"Herbivores"	"No"		"http://nemaplex.ucdavis.edu/"
"k__Metazoa;p__Arthropoda;c__Insecta;o__Orthoptera;f__Gryllotalpidae;g__Gryllotalpa"	208679		"Genus"	"Omnivores"	"No"		"Capinera, J.L., 2008. Encyclopedia of Entomology, second ed. Springer, Berlin. https://doi.org/10.1007/978-1-4020-6359-6"
"k__Metazoa;p__Arthropoda;c__Insecta;o__Orthoptera;f__Gryllotalpidae;g__Neocurtilla"	208708		"NA"	"NA"	"NA"		
"k__Metazoa;p__Nematoda;c__Chromadorea;o__Rhabditida;f__Allantonematidae;g__Howardula"	209929		"Genus"	"Carnivores"	"No"		"http://nemaplex.ucdavis.edu/"
"k__Metazoa;p__Arthropoda;c__Insecta;o__Psocodea;f__Psyllipsocidae;g__Dorypteryx;s__Dorypteryx domestica"	209979	"Dolopteryx domestica"	"NA"	"NA"	"NA"		
"k__Metazoa;p__Arthropoda;c__Insecta;o__Psocoptera;f__Psyllipsocidae;g__Dorypteryx;s__Dorypteryx domestica"	209979	"Dolopteryx domestica"	"Species"	"Detritivores"	"No"		"Kučerová, Z., Jokeš, M., 2008. External morphology of eggs of the synanthrophic psocid Dorypteryx domestica (Psocoptera, Psyllipsocidae). Deutsche Entomologische Zeitschrift 49(1), 165–169. https://doi.org/10.1002/mmnd.20020490113"
"k__Metazoa;p__Arthropoda;c__Insecta;o__Psocoptera;f__Trogiidae;g__Lepinotus"	209980		"NA"	"NA"	"NA"		
"k__Metazoa;p__Arthropoda;c__Insecta;o__Psocodea;f__Trogiidae;g__Lepinotus;s__Lepinotus reticulatus"	209981		"Species"	"Herbivores"	"No"		"Opit, G.P., Throne, J.E., 2008. Effects of Diet on Population Growth of the Psocids Lepinotus reticulatus and Liposcelis entomophila. Journal of Economic Entomology 101(2), 616–622. https://doi.org/10.1093/jee/101.2.616"
"k__Metazoa;p__Nematoda;c__Chromadorea;o__Rhabditida;f__Merliniidae;g__Merlinius"	211155		"Genus"	"Herbivores"	"No"		"http://nemaplex.ucdavis.edu/"
"k__Metazoa;p__Nematoda;c__Chromadorea;o__Rhabditida;f__Hoplolaimidae;g__Rotylenchulus"	211163		"Genus"	"Herbivores"	"No"		"http://nemaplex.ucdavis.edu/"
"k__Metazoa;p__Nematoda;c__Chromadorea;o__Rhabditida;f__Criconematidae;g__Mesocriconema"	211170	"Macroposthonia"	"Genus"	"Herbivores"	"No"		"http://nemaplex.ucdavis.edu/"
"k__Metazoa;p__Nematoda;c__Chromadorea;o__Rhabditida;f__Criconematidae;g__Mesocriconema;s__Mesocriconema xenoplax"	211171	"Criconemella xenoplax;Criconemoides xenoplax;Macroposthonia xenoplax"	"Species"	"Herbivores"	"No"		"http://nemaplex.ucdavis.edu/"
"k__Metazoa;p__Nematoda;c__Chromadorea;o__Rhabditida;f__Tylenchidae;g__Tylenchus"	211181		"Genus"	"Herbivores"	"No"		"http://nemaplex.ucdavis.edu/"
"k__Metazoa;p__Nematoda;c__Enoplea;o__Triplonchida"	211184		"NA"	"NA"	"NA"	"Different feeding habits within the order"	
"k__Metazoa;p__Nematoda;c__Enoplea;o__Triplonchida;f__Diphtherophoridae"	211189		"NA"	"NA"	"NA"		
"k__Metazoa;p__Nematoda;c__Enoplea;o__Triplonchida;f__Diphterophoridae;g__Diphtherophora"	211190		"Genus"	"Fungivores"	"No"		"http://nemaplex.ucdavis.edu/"
"k__Metazoa;p__Nematoda;c__Enoplea;o__Triplonchida;f__Odontolaimidae;g__Odontolaimus"	211196		"Genus"	"Bacterivores"	"No"		"http://nemaplex.ucdavis.edu/"
"k__Metazoa;p__Nematoda;c__Enoplea;o__Triplonchida;f__Tripylidae;g__Tripyla"	211201		"Genus"	"Carnivores"	"No"		"http://nemaplex.ucdavis.edu/"
"k__Metazoa;p__Nematoda;c__Enoplea;o__Enoplida;f__Ironidae;g__Ironus"	211205		"Genus"	"Carnivores"	"No"		"http://nemaplex.ucdavis.edu/"
"k__Metazoa;p__Nematoda;c__Enoplea;o__Enoplida;f__Alaimidae;g__Alaimus"	211208		"Genus"	"Bacterivores"	"No"		"http://nemaplex.ucdavis.edu/"
"k__Metazoa;p__Nematoda;c__Enoplea;o__Enoplida;f__Alaimidae;g__Alaimus;s__Alaimus parvus"	211210		"Species"	"Bacterivores"	"No"		"http://nemaplex.ucdavis.edu/"
"k__Metazoa;p__Nematoda;c__Enoplea;o__Enoplida;f__Campydoridae;g__Campydora;s__Campydora demonstrans"	211217		"Species"	"Omnivores"	"No"		"http://nemaplex.ucdavis.edu/"
"k__Metazoa;p__Nematoda;c__Enoplea;o__Dorylaimida;f__Belondiridae;g__Dorylaimellus;s__Dorylaimellus virginianus"	211243		"Species"	"Herbivores"	"No"		"http://nemaplex.ucdavis.edu/"
"k__Metazoa;p__Nematoda;c__Enoplea;o__Dorylaimida;f__Dorylaimidae;g__Mesodorylaimus"	211267		"Genus"	"Omnivores"	"No"		"http://nemaplex.ucdavis.edu/"
"k__Metazoa;p__Nematoda;c__Enoplea;o__Dorylaimida;f__Aporcelaimidae;g__Aporcelaimellus"	211278		"Genus"	"Omnivores"	"No"		"http://nemaplex.ucdavis.edu/"
"k__Metazoa;p__Nematoda;c__Enoplea;o__Dorylaimida;f__Qudsianematinae;g__Ecumenicus"	211288		"Genus"	"Omnivores"	"No"		"http://nemaplex.ucdavis.edu/"
"k__Metazoa;p__Nematoda;c__Enoplea;o__Dorylaimida;f__Nordiidae;g__Enchodelus"	211317		"Genus"	"Herbivores"	"No"		"http://nemaplex.ucdavis.edu/"
"k__Metazoa;p__Nematoda;c__Enoplea;o__Dorylaimida;f__Qudsianematidae;g__Microdorylaimus"	211326		"Genus"	"Omnivores"	"No"		"http://nemaplex.ucdavis.edu/"
"k__Metazoa;p__Nematoda;c__Enoplea;o__Dorylaimida;f__Qudsianematidae;g__Eudorylaimus;s__Eudorylaimus carteri"	211337	"Dorylaimus carteri"	"Species"	"Omnivores"	"No"		"http://nemaplex.ucdavis.edu/"
"k__Metazoa;p__Nematoda;c__Enoplea;o__Dorylaimida;f__Nordiidae;g__Pungentus"	211343		"Genus"	"Omnivores"	"No"		"http://nemaplex.ucdavis.edu/"
"k__Metazoa;p__Nematoda;c__Enoplea;o__Dorylaimida;f__Nygolaimidae;g__Aquatides"	211358		"Genus"	"Carnivores"	"No"		"http://nemaplex.ucdavis.edu/"
"k__Metazoa;p__Nematoda;c__Enoplea;o__Dorylaimida;f__Nygolaimidae;g__Aquatides;s__Aquatides christei"	211359		"Species"	"Carnivores"	"No"		"http://nemaplex.ucdavis.edu/"
"k__Metazoa;p__Nematoda;c__Enoplea;o__Dorylaimida;f__Nygolaimidae;g__Solididens;s__Solididens vulgaris"	211365	"Nygolaimus vulgaris"	"Species"	"Carnivores"	"No"		"http://nemaplex.ucdavis.edu/"
"k__Metazoa;p__Nematoda;c__Enoplea;o__Dorylaimida;f__Nygolaimidae;g__Paravulvus;s__Paravulvus hartingii"	211367	"Dorylaimus hartingii"	"Species"	"Carnivores"	"No"		"http://nemaplex.ucdavis.edu/"
"k__Metazoa;p__Nematoda;c__Enoplea;o__Dorylaimida;f__Leptonchidae;g__Leptonchus;s__Leptonchus granulosus"	211371		"Species"	"Fungivores"	"No"		"http://nemaplex.ucdavis.edu/"
"k__Metazoa;p__Nematoda;c__Enoplea;o__Dorylaimida;f__Tylencholaimidae;g__Tylencholaimus"	211372		"Genus"	"Fungivores"	"No"		"http://nemaplex.ucdavis.edu/"
"k__Metazoa;p__Nematoda;c__Enoplea;o__Mononchida;f__Mononchidae;g__Clarkus"	211395		"Genus"	"Carnivores"	"No"		"http://nemaplex.ucdavis.edu/"
"k__Metazoa;p__Nematoda;c__Enoplea;o__Mononchida;f__Mononchidae;g__Clarkus;s__Clarkus papillatus"	211396	"Mononchus papillatus"	"Species"	"Carnivores"	"No"		"http://nemaplex.ucdavis.edu/"
"k__Metazoa;p__Nematoda;c__Chromadorea;o__Rhabditida;f__Teratocephalidae;g__Teratocephalus;s__Teratocephalus terrestris"	211410	"Anguillula terrestris"	"Species"	"Bacterivores"	"No"		"http://nemaplex.ucdavis.edu/"
"k__Metazoa;p__Nematoda;c__Chromadorea;o__Rhabditida;f__Telotylenchidae;g__Trophurus"	211412		"Genus"	"Herbivores"	"No"		"http://nemaplex.ucdavis.edu/"
"k__Metazoa;p__Arthropoda;c__Insecta;o__Lepidoptera;f__Noctuidae;g__Noctua;s__Noctua pronuba"	214277	"Phalaena pronuba"	"Species"	"Herbivores"	"No"		"Difonzo, C., Russell, H., 2010. Noctua pronuba (Lepidoptera: Noctuidae): An Outbreak in Emails. Journal of Integrated Pest Management 1(1), B1–B6. https://doi.org/10.1603/ipm10005"
"k__Metazoa;p__Arthropoda;c__Insecta;o__Coleoptera;f__Chrysomelidae;g__Galeruca"	217233		"Genus"	"Herbivores"	"No"		"Viswajyothi, K., Clark, S.M., 2022. New World genera of Galerucinae Latreille, 1802 (tribes Galerucini Latreille, 1802, Metacyclini Chapuis, 1875, and Luperini Gistel, 1848): an annotated list and identification key (Coleoptera: Chrysomelidae). European Journal of Taxonomy 842(1), 1-102. https://doi.org/10.5852/ejt.2022.842.1945"
"k__Metazoa;p__Arthropoda;c__Insecta;o__Coleoptera;f__Silphidae;g__Necrophila;s__Necrophila americana"	219407		"Species"	"Detritivores"	"No"		"Chow, A., Huval, F., Reagan, T.E., Carlton, C., 2021. Necrophila americana, American Carrion Beetle. BUG BIZ, pest management and insect identification series, LSU AgCenter. Available at: https://www.lsuagcenter.com/~/media/system/0/e/2/8/0e284dd929f856d336fa1b018303acfc/p3787_bugbizamericancarrionbeetlenew_rch0421_fhuvalpdf.pdf"
"k__Metazoa;p__Arthropoda;c__Insecta;o__Coleoptera;f__Melandryidae"	219420		"Family"	"NA"	"NA"	"Different feeding habits within the family"	
"k__Metazoa;p__Arthropoda;c__Arachnida;o__Sarcoptiformes;f__Acaridae;g__Sancassania"	221163	"Caloglyphus"	"NA"	"NA"	"NA"	"Different feeding habits within the genus"	
"k__Metazoa;p__Arthropoda;c__Insecta;o__Coleoptera;f__Curculionidae;g__Otiorhynchus;s__Otiorhynchus scaber"	221505		"Species"	"Herbivores"	"No"		"Löf, M., Isacsson, G., Rydberg, D., Welander, T.N., 2004. Herbivory by the pine weevil (Hylobius abietis L.) and short-snouted weevils (Strophosoma melanogrammum Forst. and Otiorhynchus scaber L.) during the conversion of a wind-thrown Norway spruce forest into a mixed-species plantation. Forest Ecology and Management 190(2–3), 281–290. https://doi.org/10.1016/j.foreco.2003.10.027"
"k__Metazoa;p__Annelida;c__Polychaeta;o__Phyllodocida;f__Sphaerodoridae"	222060		"Family"	"Detritivores"	"No"		"Fauchald, K., Jumars, P.A., 1979. The diets of worms: A study of Polychaete feeding guilds. Oceanography and Marine Biology Annual Review 17, 193–284. https://doi.org/10.5179/benthos1970.1981.65"
"k__Metazoa;p__Nematoda;c__Chromadorea;o__Rhabditida;f__Pratylenchidae;g__Pratylenchus;s__Pratylenchus neglectus"	222096	"Aphelenchus neglectus"	"Species"	"Herbivores"	"No"		"http://nemaplex.ucdavis.edu/"
"k__Metazoa;p__Nematoda;c__Chromadorea;o__Rhabditida;f__Pratylenchidae;g__Pratylenchus;s__Pratylenchus mediterraneus"	223368		"Species"	"Herbivores"	"No"		"http://nemaplex.ucdavis.edu/"
"k__Metazoa;p__Arthropoda;c__Arachnida;o__Sarcoptiformes;f__Carpoglyphidae;g__Carpoglyphus;s__Carpoglyphus lactis"	223459	"Acarus lactis"	"Species"	"Detritivores"	"No"	"Stored product mite infesting saccharide-rich stored commodities including dried fruits, wine, beer, milk products, jams and honey."	"Hubert, J., Nesvorná, M., Kopecký, J., Ságová-Marečková, M., Poltronieri, P., 2014. Carpoglyphus lactis (Acari: Astigmata) from various dried fruits differed in associated micro-organisms. Journal of Applied Microbiology 118(2), 470–484. https://doi.org/10.1111/jam.12714"
"k__Metazoa;p__Arthropoda;c__Arachnida;o__Sarcoptiformes;f__Acaridae;g__Cosmoglyphus"	223504		"Genus"	"Fungivores"	"No"		"Pal, S., Negi, V., Bisht, R., Juyal, D., 2018. Bite of a mite: A case of human otoacariasis caused by Cosmoglyphus species (Acari: Acaridae). Journal of Clinical and Diagnostic Research 12(3), DD03-DD05."
"k__Metazoa;p__Arthropoda;c__Insecta;o__Coleoptera;f__Chrysomelidae;g__Phyllotreta;s__Phyllotreta cruciferae"	224133	"Chrysomela cruciferae"	"Species"	"Herbivores"	"No"		"Palaniswamy, P., Lamb, R. J., 1992. Host Preferences of the Flea Beetles Phyllotreta cruciferae and P. striolata (Coleoptera: Chrysomelidae) for Crucifer Seedlings. Journal of Economic Entomology 85(3), 743–752. https://doi.org/10.1093/jee/85.3.743"
"k__Metazoa;p__Nematoda;c__Chromadorea;o__Rhabditida;f__Panagrolaimidae;g__Panagrolaimus;s__Panagrolaimus davidi"	227884		"Species"	"Bacterivores"	"No"		"http://nemaplex.ucdavis.edu/"
"k__Metazoa;p__Arthropoda;c__Insecta;o__Diptera;f__Polleniidae;g__Pollenia;s__Pollenia rudis"	229640		"Species"	"Omnivores"	"Yes"	"Larvae are internal parasites or predators of earthworms, adults feed on sap, flowers, fruit, faeces and decaying organic matter"	"Richards, P.G., 1972. Biology of the cluster fly, Pollenia rudis (Fabricius) (Diptera: Calliphoridae). McGill University, Thesis, 110 pp. http://digitool.Library.McGill.CA:80/R/?func=dbin-jump-full&object_id=48240."
"k__Metazoa;p__Arthropoda;c__Arachnida;o__Sarcoptiformes;f__Steganacaridae;g__Atropacarus;s__Atropacarus striculus"	229743		"Species"	"Detritivores"	"No"	"Feeds on wood"	"Skubała, P., Sokołowska, M., 2006. Oribatid fauna (Acari, Oribatida) in fallen spruce trees in the Babia Góra National Park. Biological Letters 43(2), 243-248."
"k__Metazoa;p__Arthropoda;c__Arachnida;o__Sarcoptiformes;f__Euphthiracaridae;g__Rhysotritia;s__Rhysotritia duplicata"	229749		"Species"	"Detritivores"	"No"		"Pande, Y.D., Berthet, P., 1973. Studies on the food and feeding habits of soil oribatei in a black pine plantation. Oecologia 12(4), 413–426. https://doi.org/10.1007/bf00345051"
"k__Metazoa;p__Arthropoda;c__Arachnida;o__Sarcoptiformes;f__Parhypochthoniidae;g__Parhypochthonius;s__Parhypochthonius aphidinus"	229753		"NA"	"NA"	"NA"		
"k__Metazoa;p__Arthropoda;c__Arachnida;o__Sarcoptiformes;f__Eulohmanniidae;g__Eulohmannia;s__Eulohmannia ribagai"	229757	"Lohmannia ribagai"	"Species"	"Microbivores"	"No"	"Gut conten: brown fragments of plant structural material, with discrete structures — e.g., fungal hyphae and possible bryophyte spores "	"Norton, R.A., Ermilov, S.G., 2022. Paedomorphosis and sexuality in Eulohmanniidae (Acari, Oribatida): surprising diversity in a relictual family of oribatid mites. Acarologia 62(4), 989–1069. https://doi.org/10.24349/p0b0-usvs"
"k__Metazoa;p__Arthropoda;c__Arachnida;o__Sarcoptiformes;f__Eniochthoniidae;g__Eniochthonius;s__Eniochthonius minutissimus"	229763		"Species"	"Fungivores"	"No"		"Doblas-Miranda, E., Work, T., 2015. Localized Effects of Coarse Woody Material on Soil Oribatid Communities Diminish over 700 Years of Stand Development in Black-Spruce-Feathermoss Forests. Forests 6(4), 914–928. https://doi.org/10.3390/f6040914"
"k__Metazoa;p__Arthropoda;c__Arachnida;o__Sarcoptiformes;f__Achipteriidae;g__Achipteria;s__Achipteria coleoptrata"	229769	"Acarus coleoptratus"	"Species"	"Microbivores"	"No"		"Sánchez-Chávez, D.I., Rodríguez-Zaragoza, S., Velez, P., Cabirol, N., Ojeda, M., 2023. Fungal feeding preferences and molecular gut content analysis of two abundant oribatid mite species (Acari: Oribatida) under the canopy of Prosopis laevigata (Fabaceae) in a semi-arid land. Experimental and Applied Acarology 89(3–4), 417–432. https://doi.org/10.1007/s10493-023-00790-7"
"k__Metazoa;p__Arthropoda;c__Arachnida;o__Sarcoptiformes;f__Galumnidae"	229772		"Family"	"Carnivores"	"No"		"Glime, J.M., 2017. Arthropods: Mites (Acari). In: Glime, J.M. (Ed.), Bryophyte Ecology 2(9), Michigan Technological University, Houghton, pp. 2-30."
"k__Metazoa;p__Arthropoda;c__Arachnida;o__Sarcoptiformes;f__Damaeidae;g__Metabelba"	229776		"Genus"	"Fungivores"	"No"		"Smrž, J., 2010. Nutritional biology of oribatid mites from different microhabitats in the forest. In: Sabelis, M., Bruin, J. (Eds.), Trends in Acarology. Springer, Dordrecht, pp. 213–216. https://doi.org/10.1007/978-90-481-9837-5_34"
"k__Metazoa;p__Arthropoda;c__Arachnida;o__Sarcoptiformes;f__Carabodidae;g__Carabodes;s__Carabodes coriaceus"	229789		"NA"	"NA"	"NA"		
"k__Metazoa;p__Arthropoda;c__Arachnida;o__Sarcoptiformes;f__Carabodidae;g__Carabodes;s__Carabodes labyrinthicus"	229791		"Species"	"Herbivores"	"No"	"Feeds on lichens"	"Hågvar, S., Amundsen, T., Økland, B., 2014. Mites of the genus Carabodes (Acari, Oribatida) in Norwegian coniferous forests: occurrence in different soils, vegetation types and polypore hosts. Scandinavian Journal of Forest Research 29(7), 629–638. https://doi.org/10.1080/02827581.2014.965195"
"k__Metazoa;p__Arthropoda;c__Arachnida;o__Sarcoptiformes;f__Oppiidae"	229795		"Family"	"Fungivores"	"No"	"Feed on mycorrhizal fungi"	"Zuev, A.G., Krivosheina, M.G., Leonov, V.D., Öpik, M., Vasar, M., Saraeva, A.K., Tiunov, A.V., Goncharov, A.A., 2023. Mycorrhiza-feeding soil invertebrates in two coniferous forests traced with 13C labelling. Mycorrhiza 33(1–2), 59–68. https://doi.org/10.1007/s00572-023-01102-y"
"k__Metazoa;p__Arthropoda;c__Arachnida;o__Sarcoptiformes;f__Xenillidae"	229807		"Family"	"Herbivores"	"No"		"Alonso, A., Garrido, J., 2009. Arthropods in shag (Phalacrocorax aristotelis) nests from the National Park of the Atlantic Islands (NW Spain): occurrence and abundance at different breeding phases. Vie et Milieu/Life & Environment, 59–68."
"k__Metazoa;p__Arthropoda;c__Arachnida;o__Sarcoptiformes;f__Damaeidae;g__Damaeus"	229826		"Genus"	"Microbivores"	"No"	"Feed on microalgae and moulds"	"http://taxondiversity.fieldofscience.com/2015/10/damaeus-damaeus.html"
"k__Metazoa;p__Arthropoda;c__Arachnida;o__Sarcoptiformes;f__Trhypochthoniidae;g__Mucronothrus;s__Mucronothrus nasalis"	229830	"Malaconothrus nasalis"	"Species"	"Microbivores"	"No"		"Norton, R.A., Williams, D.D., Hogg, I.D., Palmer, S.C., 1988. Biology of the oribatid mite Mucronothrus nasalis (Acari: Oribatida: Trhypochthoniidae) from a small coldwater springbrook in eastern Canada. Canadian Journal of Zoology 66(3), 622–629. https://doi.org/10.1139/z88-093"
"k__Metazoa;p__Arthropoda;c__Arachnida;o__Sarcoptiformes;f__Phenopelopidae;g__Eupelops;s__Eupelops plicatus"	229848	"Celaeno plicatus"	"Species"	"Fungivores"	"No"		"Maraun, M., Augustin, D., Pollierer, M.M.,Scheu, S., 2020. Variation in trophic niches of oribatid mites in temperate forest ecosystems as indicated by neutral lipid fatty acid patterns. Experimental and Applied Acarology 81(1), 103–115. https://doi.org/10.1007/s10493-020-00494-2"
"k__Metazoa;p__Arthropoda;c__Arachnida;o__Sarcoptiformes;f__Mycobatidae;g__Mycobates;s__Mycobates tridactylus"	229850		"NA"	"NA"	"NA"		
"k__Metazoa;p__Arthropoda;c__Arachnida;o__Sarcoptiformes;f__Haplozetidae"	229852	"Protoribatidae;Xylobatidae"	"Family"	"Herbivores"	"No"		"Alonso, A., Garrido, J., 2009. Arthropods in shag (Phalacrocorax aristotelis) nests from the National Park of the Atlantic Islands (NW Spain): occurrence and abundance at different breeding phases. Vie et Milieu/Life & Environment, 59–68."
"k__Metazoa;p__Arthropoda;c__Arachnida;o__Sarcoptiformes;f__Hemileiidae;g__Hemileius"	229863		"Genus"	"Fungivores"	"No"		"Roubik, D.W., 2006. Stingless bee nesting biology. Apidologie 37(2), 124–143. https://doi.org/10.1051/apido:2006026"
"k__Metazoa;p__Arthropoda;c__Arachnida;o__Sarcoptiformes;f__Oribatulidae;g__Oribatula"	229867		"NA"	"NA"	"NA"		
"k__Metazoa;p__Arthropoda;c__Arachnida;o__Sarcoptiformes;f__Oribatulidae;g__Oribatula;s__Oribatula tibialis"	229868	"Notaspis tibialis"	"Species"	"Microbivores"	"No"	"Feeds mainly on fungi,lichens, algae and pollen"	"Schneider, K., Renker, C., Scheu, S., Maraun, M., 2004. Feeding biology of oribatid mites: a minireview. Phytophaga 14, 247-256."
"k__Metazoa;p__Arthropoda;c__Arachnida;o__Sarcoptiformes;f__Tectocepheidae;g__Tectocepheus;s__Tectocepheus velatus"	229869	"Tegeocranus velatus"	"Species"	"Omnivores"	"No"		"Seniczak, A., 2019. Tectocepheus velatus. Universitetet i Bergen. Available at: https://artsdatabanken.no/Pages/286332/Tectocepheus_velatus"
"k__Metazoa;p__Arthropoda;c__Arachnida;o__Sarcoptiformes;f__Hermanniidae;g__Hermannia;s__Hermannia gibba"	229873		"Species"	"Herbivores"	"No"		"Maraun, M., Augustin, D., Pollierer, M. M.,Scheu, S., 2020. Variation in trophic niches of oribatid mites in temperate forest ecosystems as indicated by neutral lipid fatty acid patterns. Experimental and Applied Acarology 81(1), 103–115. https://doi.org/10.1007/s10493-020-00494-2"
"k__Metazoa;p__Rotifera;c__Eurotatoria;o__Ploimia;f__Brachionidae;g__Notholca;s__Notholca acuminata"	231618	"Anuraea acuminata"	"NA"	"NA"	"NA"		
"k__Metazoa;p__Rotifera;c__Eurotatoria;o__Ploima;f__Brachionidae;g__Euchlanis;s__Euchlanis dilatata"	231620		"NA"	"NA"	"NA"		
"k__Metazoa;p__Rotifera;c__Eurotatoria;o__Bdelloidea;g__Rotaria;s__Rotaria rotatoria"	231624	"Brachionus rotatorius"	"NA"	"NA"	"NA"		
"k__Metazoa;p__Arthropoda;c__Insecta;o__Hemiptera;f__Lygaeidae;g__Nysius"	236622		"Genus"	"Herbivores"	"No"		"Stever, H., Eiben, J., Bennett, G.M., 2021. Hawaiian Nysius Insects Rely on an Obligate Symbiont with a Reduced Genome That Retains a Discrete Nutritional Profile to Match Their Plant Seed Diet. Genome Biology and Evolution 13(9), evab189. https://doi.org/10.1093/gbe/evab189"
"k__Metazoa;p__Arthropoda;c__Insecta;o__Hemiptera;f__Coreidae;g__Leptoglossus;s__Leptoglossus occidentalis"	236887		"Species"	"Herbivores"	"No"	"Polyphagous species is considered as a major pest of conifer seeds in commercial seed orchard"	"Lesieur, V., Yart, A., Guilbon, S., Lorme, P., Auger-Rozenberg, M.-A., Roques, A., 2014. The invasive Leptoglossus seed bug, a threat for commercial seed crops, but for conifer diversity? Biological Invasions 16(9), 1833–1849. https://doi.org/10.1007/s10530-013-0630-9"
"k__Metazoa;p__Arthropoda;c__Insecta;o__Hemiptera;f__Miridae;g__Trigonotylus"	236936		"NA"	"NA"	"NA"		
"k__Metazoa;p__Arthropoda;c__Insecta;o__Hemiptera;f__Ceratocombidae;g__Ceratocombus"	237202		"Genus"	"Carnivores"	"No"		"Lattin, J.D., 2000. Life History of Ceratocombus Vagans (Hemiptera: Heteroptera: Ceratocombidae), With Notes on the Immature Stages. The Great Lakes Entomologist 33(2). https://doi.org/10.22543/0090-0222.2015"
"k__Metazoa;p__Arthropoda;c__Insecta;o__Hemiptera;f__Miridae;g__Atractotomus"	237211		"Genus"	"Herbivores"	"No"		"Stonedahl, G.M., 1990. Revision and cladistic analysis of the Holarctic genus Atractotomus Fieber (Heteroptera, Miridae, Phylinae). Bulletin of the AMNH 198."
"k__Metazoa;p__Arthropoda;c__Insecta;o__Psocoptera;f__Peripsocidae;g__Peripsocus;s__Peripsocus madidus"	239248		"NA"	"NA"	"NA"		
"k__Metazoa;p__Arthropoda;c__Insecta;o__Psocoptera;f__Peripsocidae;g__Peripsocus;s__Peripsocus subfasciatus"	239249	"Psocus subfasciatus"	"NA"	"NA"	"NA"		
"k__Metazoa;p__Arthropoda;c__Insecta;o__Psocoptera;f__Stenopsocidae;g__Graphopsocus;s__Graphopsocus cruciatus"	239255	"Hemerobius cruciatus"	"Species"	"Microbivores"	"No"		"Greenwood, S.R., 1988. Habitat Stability and Wing Length in Two Species of Arboreal Psocoptera. Oikos 52(3), 235–238. https://doi.org/10.2307/3565195"
"k__Metazoa;p__Arthropoda;c__Insecta;o__Psocoptera;f__Caeciliusidae;g__Valenzuela;s__Valenzuela flavidus"	239256	"Psocus flavidus"	"NA"	"NA"	"NA"		
"k__Metazoa;p__Arthropoda;c__Insecta;o__Psocodea;f__Psocidae;g__Trichadenotecnum"	239263	"Cryptopsocus"	"Genus"	"Herbivores"	"No"	"Feeds on lichens"	"Yoshizawa, K., Johnson, K.P., Yao, I., Casasola González, J.A., Bess, E., García Aldrete, A.N., 2017. Multiple trans-Beringia dispersals of the barklouse genus Trichadenotecnum (Insecta: Psocodea: Psocidae). Biological Journal of the Linnean Society 121(3), 501–513. https://doi.org/10.1093/biolinnean/blx006"
"k__Metazoa;p__Nematoda;c__Chromadorea;o__Rhabditida;f__Tylenchidae;g__Coslenchus"	239344		"Genus"	"Herbivores"	"No"		"http://nemaplex.ucdavis.edu/"
"k__Metazoa;p__Nematoda;c__Chromadorea;o__Rhabditida;f__Ecphyadophoridae;g__Lelenchus"	239350		"Genus"	"Herbivores"	"No"		"http://nemaplex.ucdavis.edu/"
"k__Metazoa;p__Nematoda;c__Chromadorea;o__Rhabditida;f__Ecphyadophoridae;g__Lelenchus;s__Lelenchus leptosoma"	239351	"Tylenchus leptosoma"	"Species"	"Herbivores"	"No"		" http://nemaplex.ucdavis.edu/"
"k__Metazoa;p__Nematoda;c__Chromadorea;o__Rhabditida;f__Tylenchidae;g__Neopsilenchus;s__Neopsilenchus magnidens"	239354	"Neopsilenchus minor;Psilenchus magnidens"	"Species"	"Herbivores"	"No"		"http://nemaplex.ucdavis.edu/"
"k__Metazoa;p__Nematoda;c__Chromadorea;o__Rhabditida;f__Hoplolaimidae;g__Rotylenchulus;s__Rotylenchulus reniformis"	239373		"Species"	"Herbivores"	"No"		"http://nemaplex.ucdavis.edu/"
"k__Metazoa;p__Arthropoda;c__Insecta;o__Diptera;f__Dolichopodidae;g__Neurigona"	240895		"Genus"	"Carnivores"	"No"		"Grichanov, I.Ya., 2016. Review of faunal investigation of predatory flies of the family Dolichopodidae (Diptera) in Iran. Acta Biologica Sibirica 2(4), 11-14."
"k__Metazoa;p__Arthropoda;c__Insecta;o__Lepidoptera;f__Nymphalidae;g__Erebia;s__Erebia pandrose "	242258	"Papilio pandrose"	"Species"	"Herbivores"	"No"		"Kleckova, I., Konvicka, M., Klecka, J., 2014. Thermoregulation and microhabitat use in mountain butterflies of the genus Erebia: Importance of fine-scale habitat heterogeneity. Journal of Thermal Biology 41, 50–58. https://doi.org/10.1016/j.jtherbio.2014.02.002"
"k__Metazoa;p__Arthropoda;c__Insecta;o__Blattodea;f__Blattellidae;g__Loboptera;s__Loboptera decipiens"	242713	"Blatta decipiens"	"Species"	"Detritivores"	"No"	"Feeds on plant debris"	"Fatiha, M., Siham, B., Saliha, B., Zakaria, H., Yagoub, A.A., Sara, H., Wafa, H., 2021. Study of feeding and gregarious behavior of two species of ectobiidae; Loboptera decipiens and Loboptera ovolobata (Blattodea). Plant Cell Biotechnology and Molecular Biology 22(65-66), 1-8. https://mail.ikprress.org/index.php/PCBMB/article/view/7133."
"k__Metazoa;p__Nematoda;c__Enoplea;o__Mononchida;f__Mononchidae;g__Mononchus;s__Mononchus aquaticus"	243733		"Species"	"Carnivores"	"No"		"http://nemaplex.ucdavis.edu/"
"k__Metazoa;p__Nematoda;c__Enoplea;o__Dorylaimida;f__Longidoridae;g__Xiphinema;s__Xiphinema longicaudatum"	243740		"Species"	"Herbivores"	"No"		"http://nemaplex.ucdavis.edu/"
"k__Metazoa;p__Tardigrada;c__Eutardigrada;o__Parachela;f__Isohypsibiidae;g__Isohypsibius"	245084		"NA"	"NA"	"NA"		
"k__Metazoa;p__Arthropoda;c__Insecta;o__Coleoptera;f__Carabidae;g__Stenolophus;s__Stenolophus teutonus"	247309		"Species"	"Omnivores"	"No"		"Della Rocca, F., Stefanelli, S., Cardarelli, E., Bogliani, G., Bracco, F., 2021. Contribution to the knowledge of the arthropods community inhabiting the winter-flooded meadows (marcite) of northern Italy. Biodiversity Data Journal 9. https://doi.org/10.3897/bdj.9.e57889."
"k__Metazoa;p__Arthropoda;c__Insecta;o__Hemiptera;f__Pseudococcidae;g__Vryburgia;s__Vryburgia amaryllidis"	249577		"Species"	"Herbivores"	"No"		"Laflin, H.M., Gullan, P.J., Parrella, M.P., 2004. Mealybug species (Hemiptera: Pseudococcidae) found on ornamental crops in California nursery production. Entomological Society of Washington 106, 475-477."
"k__Metazoa;p__Annelida;c__Polychaeta;o__Polychaeta_incertae_sedis;f__Paraonidae"	251440		"Family"	"Detritivores"	"No"		"Fauchald, K., Jumars, P.A., 1979. The diets of worms: A study of Polychaete feeding guilds. Oceanography and Marine Biology Annual Review 17, 193–284. https://doi.org/10.5179/benthos1970.1981.65"
"k__Metazoa;p__Annelida;c__Clitellata;o__Enchytraeida;f__Propappidae;g__Propappus;s__Propappus volki"	251477	"Palpenchytraeus volki"	"Species"	"Detritivores"	"No"		"Bird, G.J., 1982. Distribution, life cycle and population dynamics of the aquatic enchytraeid Propappus volki (Oligochaeta) in an English chalkstream. Ecography 5(1), 67–75. https://doi.org/10.1111/j.1600-0587.1982.tb01019.x."
"k__Metazoa;p__Arthropoda;c__Hexanauplia;o__Calanoida;f__Diaptomidae;g__Eudiaptomus"	251516		"Genus"	"NA"	"NA"	"Different feeding habits within the genus"	
"k__Metazoa;p__Arthropoda;c__Insecta;o__Diptera;f__Muscidae;g__Thricops;s__Thricops genarum"	253987	"Anthomyza genarum"	"Species"	"Omnivores"	"Yes"	"Larvae are predators, adults feed on pollen and nectar "	"Vikhrev, N.E., V.S. Sorokina., 2009. Faunistic records of Thricops Rondani (Diptera, Muscidae) from Russia with description of two new species. Euroasian entomological journal 8(3), 341–350 + III"
"k__Metazoa;p__Nematoda;c__Enoplea;o__Dorylaimida;f__Longidoridae;g__Xiphinema;s__Xiphinema pachtaicum"	260251	"Longidorus pachtaicus"	"Species"	"Herbivores"	"No"		"http://nemaplex.ucdavis.edu/"
"k__Metazoa;p__Arthropoda;c__Insecta;o__Coleoptera;f__Geotrupidae;g__Anoplotrupes;s__Anoplotrupes stercorosus"	260542	"Geotrupes stercorosus;Scarabaeus stercorosus"	"Species"	"Detritivores"	"No"	"Coprophagous"	"Weithmann, S., von Hoermann, C., Schmitt, T., Steiger, S., Ayasse, M., 2020. The Attraction of the Dung Beetle Anoplotrupes stercorosus (Coleoptera: Geotrupidae) to Volatiles from Vertebrate Cadavers. Insects 11(8), 476. https://doi.org/10.3390/insects11080476"
"k__Metazoa;p__Arthropoda;c__Insecta;o__Diptera;f__Cecidomyiidae;g__Sitodiplosis;s__Sitodiplosis mosellana"	263140	"Cecidomyia mosellana"	"Species"	"Herbivores"	"No"		"Miao, J., Huang, J., Wu, Y., Gong, Z., Li, H., Zhang, G., Duan, Y., Li, T., Jiang, Y., 2019. Climate factors associated with the population dynamics of Sitodiplosis mosellana (Diptera: Cecidomyiidae) in central China. Scientific Reports 9(1), 12361. https://doi.org/10.1038/s41598-019-48868-w"
"k__Metazoa;p__Arthropoda;c__Hexanauplia;o__Cyclopoida;f__Cyclopidae;g__Cyclops"	263416		"NA"	"NA"	"NA"		
"k__Metazoa;p__Arthropoda;c__Insecta;o__Diptera;f__Cecidomyiidae;g__Mikiola;s__Mikiola fagi"	263989	"Cecidomyia fagi"	"Species"	"Herbivores"	"No"		"Urban, J., 2000. Beech gall midge (Mikiola fagi Htg.) and its natural enemies. Journal of Forest Science 46(12), 543-568."
"k__Metazoa;p__Nematoda;c__Enoplea;o__Dorylaimida;f__Nygolaimidae;g__Nygolaimus"	266275		"Genus"	"Carnivores"	"No"		"http://nemaplex.ucdavis.edu/"
"k__Metazoa;p__Arthropoda;c__Insecta;o__Coleoptera;f__Meloidae;g__Cerocoma"	268437		"Genus"	"Omnivores"	"Yes"	"Larvae are parasitoids of Hymenoptera, adults feeds on pollen and nectar"	"Di Giulio, A., Turco, F., Bologna, M., 2002. Larval morphology of the genus Cerocoma (Coleoptera: Meloidae) and phylogenetic implications. Entomologica Fennica 13(2), 105–112. https://doi.org/10.33338/ef.84144"
"k__Metazoa;p__Nematoda;c__Chromadorea;o__Rhabditida;f__Aphelenchoididae;g__Bursaphelenchus;s__Bursaphelenchus fungivorus"	269755		"Species"	"Fungivores"	"No"		"http://nemaplex.ucdavis.edu/"
"k__Metazoa;p__Arthropoda;c__Insecta;o__Lepidoptera;f__Pieridae;g__Pieris;s__Pieris melete"	270461	"Artogeia melete"	"Species"	"Herbivores"	"No"		"Xue, F.-S., Kallenborn, H. G., Wei, H.-Y., 1997. Summer and winter diapause in pupae of the cabbage butterfly, Pieris melete Ménétriés. Journal of Insect Physiology 43(8), 701–707. https://doi.org/10.1016/s0022-1910(97)00053-x"
"k__Metazoa;p__Arthropoda;c__Insecta;o__Lepidoptera;f__Noctuidae;g__Mythimna;s__Mythimna separata"	271217	"Leucania separata;Pseudaletia separata"	"Species"	"Herbivores"	"No"	"Agricultural pest with polyphagous characteristics"	"Li, M., Li, B., Yang, Q., Li, Y., Wu, J., Xu, X., 2023. Identification of the neuropeptide gene family and feeding regulation by neuropeptide Y in Mythimna separata (Lepidoptera: Noctuidae). International Journal of Biological Macromolecules 224, 676–687. https://doi.org/10.1016/j.ijbiomac.2022.10.156"
"k__Metazoa;p__Arthropoda;c__Insecta;o__Coleoptera;f__Carabidae;g__Zabrus;s__Zabrus ignavus"	272029		"Species"	"Herbivores"	"No"		"Gandouin, E., Ponel, P., 2010. Rivers. In: Dodson, J. (Ed.), Changing Climates, Earth Systems and Society. Springer, Dordrecht, pp. 161–175."
"k__Metazoa;p__Arthropoda;c__Insecta;o__Hymenoptera;f__Signiphoridae"	272303		"Family"	"Carnivores"	"No"		"Woolley, J.B., 1988. Phylogeny and classification of the Signiphoridae (Hymenoptera: Chalcidoidea). Systematic Entomology 13(4), 465–501. https://doi.org/10.1111/j.1365-3113.1988.tb00256.x"
"k__Metazoa;p__Arthropoda;c__Insecta;o__Coleoptera;f__Ptiliidae;g__Acrotrichis"	280319		"Genus"	"Fungivores"	"No"		"De Jong, G.D., Chadwick, J.W., 1999. Decomposition and arthropod succession on exposed rabbit carrion during summer at high altitudes in Colorado, USA. Journal of Medical Entomology 36(6), 833–845. https://doi.org/10.1093/jmedent/36.6.833"
"k__Metazoa;p__Arthropoda;c__Collembola;o__Symphypleona;f__Sminthurididae;g__Sminthurides;s__Sminthurides aquaticus"	281415	"Sminthurides aquaticus var. viridulus"	"NA"	"NA"	"NA"		
"k__Metazoa;p__Arthropoda;c__Collembola;o__Entomobryomorpha;f__Isotomidae;g__Folsomia;s__Folsomia quadrioculata"	281420	"Isotoma quadrioculata"	"Species"	"Fungivores"	"No"		"Ladygina, N., Caruso, T., Hedlund, K., 2008. Dietary switching of collembola in grassland soil food webs. Soil Biology and Biochemistry 40(11), 2898–2903. https://doi.org/10.1016/j.soilbio.2008.08.012"
"k__Metazoa;p__Arthropoda;c__Arachnida;o__Mesostigmata;f__Uropodidae;g__Uropoda;s__Uropoda orbicularis"	281633	"Acarus orbicularis"	"Species"	"Fungivores"	"No"	"A facultatively nematophagous dung-living common mycophagous uropodine with markedly elongate chelicerae"	"Bowman, C.E., 2021. Feeding design in free-living mesostigmatid chelicerae (Acari: Anactinotrichida). Experimental and Applied Acarology 84(1), 1–119. https://doi.org/10.1007/s10493-021-00612-8"
"k__Metazoa;p__Arthropoda;c__Arachnida;o__Mesostigmata;f__Urodinychidae;g__Prodinychus"	281635		"Genus"	"NA"	"NA"	"Different feeding habits within the genus"	
"k__Metazoa;p__Arthropoda;c__Arachnida;o__Mesostigmata;f__Parasitidae;g__Phorytocarpais;s__Phorytocarpais fimetorum"	281672		"Species"	"Carnivores"	"No"		"Yasui, Y., 1997. Sperm competition and the significance of female multiple mating in the predatory mite Parasitus fimetorum. Experimental and Applied Acarology 21(10–11), 651–664. https://doi.org/10.1007/bf02803508"
"k__Metazoa;p__Nematoda;c__Chromadorea;o__Rhabditida;f__Rhabditidae;g__Prodontorhabditis"	281683		"Genus"	"Bacterivores"	"No"		"http://nemaplex.ucdavis.edu/"
"k__Metazoa;p__Arthropoda;c__Arachnida;o__Araneae;f__Clubionidae;g__Clubiona"	286075		"Genus"	"Carnivores"	"No"		"Jocqué, R., Dippenaar-Schoeman A.S., 2006. Spider families of the world. Musée Royal del’Afrique Central Tervuren, 336. https://doi.org/10.5431/aramit3311"
"k__Metazoa;p__Nematoda;c__Chromadorea;o__Rhabditida;f__Sphaerulariidae;g__Deladenus;s__Deladenus siricidicola"	287718		"Species"	"Fungivores"	"No"		"http://nemaplex.ucdavis.edu/"
"k__Metazoa;p__Nematoda;c__Enoplea;o__Dorylaimida;f__Actinolaimidae;g__Paractinolaimus;s__Paractinolaimus macrolaimus"	288433		"Species"	"Carnivores"	"No"		"http://nemaplex.ucdavis.edu/"
"k__Metazoa;p__Nematoda;c__Enoplea;o__Dorylaimida;f__Qudsianematidae;g__Allodorylaimus"	288449		"Genus"	"Omnivores"	"No"		"http://nemaplex.ucdavis.edu/"
"k__Metazoa;p__Nematoda;c__Enoplea;o__Dorylaimida;f__Belondiridae;g__Axonchium;s__Axonchium propinquum"	288455		"Species"	"Herbivores"	"No"		"http://nemaplex.ucdavis.edu/"
"k__Metazoa;p__Nematoda;c__Enoplea;o__Dorylaimida;f__Qudsianematidae;g__Discolaimus;s__Discolaimus major"	288457		"Species"	"Carnivores"	"No"		"http://nemaplex.ucdavis.edu/"
"k__Metazoa;p__Nematoda;c__Enoplea;o__Dorylaimida;f__Tylencholaimidae;g__Tylencholaimus;s__Tylencholaimus mirabilis"	288458	"Tylenchus mirabilis"	"Species"	"Fungivores"	"No"		"http://nemaplex.ucdavis.edu/"
"k__Metazoa;p__Nematoda;c__Enoplea;o__Dorylaimida;f__Qudsianematidae;g__Chrysonema;s__Chrysonema attenuatum"	288461		"Species"	"Omnivores"	"No"		"http://nemaplex.ucdavis.edu/"
"k__Metazoa;p__Nematoda;c__Enoplea;o__Dorylaimida;f__Dorylaimidae;g__Prodorylaimus"	288465		"Genus"	"Omnivores"	"No"		"http://nemaplex.ucdavis.edu/"
"k__Metazoa;p__Nematoda;c__Enoplea;o__Dorylaimida;f__Qudsianematidae;g__Thonus"	288467		"Genus"	"Carnivores"	"No"		"http://nemaplex.ucdavis.edu/"
"k__Metazoa;p__Nematoda;c__Enoplea;o__Mononchida;f__Anatonchidae;g__Anatonchus;s__Anatonchus tridentatus"	288489	"Mononchus tridentatus"	"Species"	"Carnivores"	"No"		"http://nemaplex.ucdavis.edu/"
"k__Metazoa;p__Nematoda;c__Chromadorea;o__Rhabditida;f__Hoplolaimidae;g__Rotylenchus"	288490		"Genus"	"Herbivores"	"No"		"http://nemaplex.ucdavis.edu/"
"k__Metazoa;p__Nematoda;c__Chromadorea;o__Rhabditida;f__Telotylenchidae;g__Tylenchorhynchus"	288494		"Genus"	"Herbivores"	"No"		"http://nemaplex.ucdavis.edu/"
"k__Metazoa;p__Nematoda;c__Chromadorea;o__Rhabditida;f__Merliniidae;g__Nagelus;s__Nagelus obscurus"	288497		"Species"	"Herbivores"	"No"		"http://nemaplex.ucdavis.edu/"
"k__Metazoa;p__Nematoda;c__Chromadorea;o__Rhabditida;f__Telotylenchidae;g__Telotylenchus;s__Telotylenchus ventralis"	288499		"Species"	"Herbivores"	"No"		"http://nemaplex.ucdavis.edu/"
"k__Metazoa;p__Nematoda;c__Chromadorea;o__Rhabditida;f__Nothotylenchidae;g__Nothotylenchus;s__Nothotylenchus acris"	288503		"Species"	"Fungivores"	"No"		"http://nemaplex.ucdavis.edu/"
"k__Metazoa;p__Nematoda;c__Chromadorea;o__Rhabditida;f__Tylenchidae;g__Boleodorus"	288504		"Genus"	"Herbivores"	"No"		"http://nemaplex.ucdavis.edu/"
"k__Metazoa;p__Nematoda;c__Chromadorea;o__Rhabditida;f__Tylenchidae;g__Boleodorus;s__Boleodorus thylactus"	288505		"Species"	"Herbivores"	"No"		"http://nemaplex.ucdavis.edu/"
"k__Metazoa;p__Nematoda;c__Chromadorea;o__Rhabditida;f__Anguinidae;g__Pseudhalenchus;s__Pseudhalenchus minutus"	288507		"Species"	"Fungivores"	"No"		"http://nemaplex.ucdavis.edu/"
"k__Metazoa;p__Nematoda;c__Chromadorea;o__Rhabditida;f__Ecphyadophoridae;g__Ecphyadophora"	288510		"Genus"	"Herbivores"	"No"		"http://nemaplex.ucdavis.edu/"
"k__Metazoa;p__Nematoda;c__Chromadorea;o__Rhabditida;f__Aphelenchoididae;g__Laimaphelenchus"	288512		"Genus"	"Fungivores"	"No"		"http://nemaplex.ucdavis.edu/"
"k__Metazoa;p__Nematoda;c__Chromadorea;o__Rhabditida;f__Aphelenchoididae;g__Laimaphelenchus;s__Laimaphelenchus penardi"	288513	"Aphelenchus penardi"	"Species"	"Fungivores"	"No"		"http://nemaplex.ucdavis.edu/"
"k__Metazoa;p__Nematoda;c__Chromadorea;o__Rhabditida;f__Neodiplogasteridae;g__Mononchoides"	288520	"Prosodontus;Syedella"	"Genus"	"Carnivores"	"No"		"http://nemaplex.ucdavis.edu/"
"k__Metazoa;p__Nematoda;c__Chromadorea;o__Rhabditida;f__Bunonematidae;g__Bunonema;s__Bunonema reticulatum"	288523		"Species"	"Bacterivores"	"No"		"http://nemaplex.ucdavis.edu/"
"k__Metazoa;p__Nematoda;c__Chromadorea;o__Rhabditida;f__Teratocephalidae;g__Metateratocephalus;s__Metateratocephalus crassidens"	288540	"Teratocephalus crassidens"	"Species"	"Bacterivores"	"No"		"http://nemaplex.ucdavis.edu/"
"k__Metazoa;p__Nematoda;c__Chromadorea;o__Plectida;f__Haliplectidae;g__Haliplectus"	288542		"NA"	"NA"	"NA"		
"k__Metazoa;p__Nematoda;c__Chromadorea;o__Monhysterida;f__Monhysteridae;g__Eumonhystera"	288545		"Genus"	"Bacterivores"	"No"		"http://nemaplex.ucdavis.edu/"
"k__Metazoa;p__Nematoda;c__Chromadorea;o__Monhysterida;f__Monhysteridae;g__Eumonhystera;s__Eumonhystera filiformis"	288546	"Monhystera filiformis"	"Species"	"Bacterivores"	"No"		"http://nemaplex.ucdavis.edu/"
"k__Metazoa;p__Nematoda;c__Chromadorea;o__Monhysterida;f__Monhysteridae;g__Monhystera"	288547		"Genus"	"Bacterivores"	"No"		"http://nemaplex.ucdavis.edu/"
"k__Metazoa;p__Nematoda;c__Chromadorea;o__Araeolaimida;f__Diplopeltidae;g__Cylindrolaimus;s__Cylindrolaimus communis"	288549		"Species"	"Bacterivores"	"No"		"http://nemaplex.ucdavis.edu/"
"k__Metazoa;p__Nematoda;c__Chromadorea;o__Chromadorida;f__Cyatholaimidae;g__Achromadora"	288551		"Genus"	"Carnivores"	"No"		"http://nemaplex.ucdavis.edu/"
"k__Metazoa;p__Nematoda;c__Enoplea;o__Dorylaimida;f__Nygolaimidae;g__Clavicaudoides;s__Clavicaudoides clavicaudatus"	288562	"Nygolaimus clavicaudatus"	"Species"	"Carnivores"	"No"		"http://nemaplex.ucdavis.edu/"
"k__Metazoa;p__Nematoda;c__Enoplea;o__Triplonchida;f__Prismatolaimidae;g__Prismatolaimus;s__Prismatolaimus dolichurus"	288633		"Species"	"Bacterivores"	"No"		"http://nemaplex.ucdavis.edu/"
"k__Metazoa;p__Arthropoda;c__Insecta;o__Diptera;f__Chironomidae;g__Micropsectra;s__Micropsectra junci"	288867		"NA"	"NA"	"NA"		
"k__Metazoa;p__Nematoda;c__Enoplea;o__Dorylaimida;g__Carcharodiscus;s__Carcharodiscus banaticus"	289017		"Species"	"Carnivores"	"No"		"http://nemaplex.ucdavis.edu/"
"k__Metazoa;p__Nematoda;c__Chromadorea;o__Rhabditida;f__Anguinidae;g__Ditylenchus;s__Ditylenchus halictus"	289179		"Species"	"Fungivores"	"No"		"http://nemaplex.ucdavis.edu/"
"k__Metazoa;p__Arthropoda;c__Diplopoda;o__Polyxenida;f__Polyxenidae;g__Monographis"	289473		"NA"	"NA"	"NA"		
"k__Metazoa;p__Nematoda;c__Chromadorea;o__Rhabditida;f__Tylenchidae;g__Filenchus"	290120		"Genus"	"Fungivores"	"No"		"http://nemaplex.ucdavis.edu/"
"k__Metazoa;p__Nematoda;c__Chromadorea;o__Rhabditida;f__Telotylenchidae;g__Neodolichorhynchus;s__Neodolichorhynchus lamelliferus"	290123	"Tylenchus lamelliferus"	"Species"	"Herbivores"	"No"		"http://nemaplex.ucdavis.edu/"
"k__Metazoa;p__Nematoda;c__Enoplea;o__Enoplida;f__Trischistomatidae;g__Trischistoma"	290131		"Genus"	"Carnivores"	"No"		"http://nemaplex.ucdavis.edu/"
"k__Metazoa;p__Arthropoda;c__Insecta;o__Coleoptera;f__Helophoridae;g__Helophorus;s__Helophorus aquaticus"	290631		"Species"	"Detritivores"	"No"		"Angus, R.B., 1973. The habitats, life histories and immature stages of Helophorus F. (Coleoptera: Hydrophilidae). Transactions of the Royal Entomological Society of London 125(1), 1–26. https://doi.org/10.1111/j.1365-2311.1973.tb00535.x"
"k__Metazoa;p__Arthropoda;c__Insecta;o__Coleoptera;f__Hydrophilidae;g__Enochrus;s__Enochrus testaceus"	290643	"Enochrus (Lumetus) testaceus;Hydrophilus testaceus"	"NA"	"NA"	"NA"		
"k__Metazoa;p__Arthropoda;c__Insecta;o__Coleoptera;f__Elateridae;g__Agriotes"	292457		"Genus"	"Herbivores"	"No"		"Staudacher, K., Pitterl, P., Furlan, L., Cate, P. C., Traugott, M., 2010. PCR-based species identification of Agriotes larvae. Bulletin of Entomological Research 101(2), 201–210. https://doi.org/10.1017/S0007485310000337"
"k__Metazoa;p__Mollusca;c__Gastropoda;o__Stylommatophora;f__Hygromiidae;g__Xerolenta;s__Xerolenta obvia"	293456	"Helicella obvia;Helix obvia"	"NA"	"NA"	"NA"		
"k__Metazoa;p__Nematoda;c__Chromadorea;o__Rhabditida;f__Tylenchidae;g__Malenchus"	293562	"Neomalenchus"	"Genus"	"Herbivores"	"No"		"http://nemaplex.ucdavis.edu/"
"k__Metazoa;p__Nematoda;c__Chromadorea;o__Rhabditida;f__Tylenchidae;g__Malenchus;s__Malenchus andrassyi"	293563		"Species"	"Herbivores"	"No"		"http://nemaplex.ucdavis.edu/"
"k__Metazoa;p__Nematoda;c__Chromadorea;o__Rhabditida;f__Tylenchidae;g__Filenchus;s__Filenchus thornei"	293566		"Species"	"Fungivores"	"No"		"http://nemaplex.ucdavis.edu/"
"k__Metazoa;p__Nematoda;c__Chromadorea;o__Rhabditida;f__Tylenchidae;g__Psilenchus"	293567		"Genus"	"Herbivores"	"No"		"http://nemaplex.ucdavis.edu/"
"k__Metazoa;p__Nematoda;c__Chromadorea;o__Rhabditida;f__Tylenchidae;g__Cephalenchus;s__Cephalenchus hexalineatus"	293570	"Tylenchus hexalineatus"	"Species"	"Herbivores"	"No"		"http://nemaplex.ucdavis.edu/"
"k__Metazoa;p__Nematoda;c__Chromadorea;o__Rhabditida;f__Tylenchidae;g__Macrotrophurus;s__Macrotrophurus arbusticola"	293572		"Species"	"Herbivores"	"No"		"http://nemaplex.ucdavis.edu/"
"k__Metazoa;p__Nematoda;c__Chromadorea;o__Rhabditida;f__Merliniidae;g__Merlinius;s__Merlinius brevidens"	293573	"Geocenamus brevidens;Merlinius sp. P36;Tylenchorhynchus brevidens"	"Species"	"Herbivores"	"No"		"http://nemaplex.ucdavis.edu/"
"k__Metazoa;p__Nematoda;c__Chromadorea;o__Rhabditida;f__Telotylenchidae;g__Trophurus;s__Trophurus imperialis"	293576		"Species"	"Herbivores"	"No"		"http://nemaplex.ucdavis.edu/"
"k__Metazoa;p__Nematoda;c__Chromadorea;o__Rhabditida;f__Telotylenchidae;g__Bitylenchus;s__Bitylenchus dubius"	293578	"Tylenchorhynchus dubius;Tylenchus dubius"	"Species"	"Herbivores"	"No"		"http://nemaplex.ucdavis.edu/"
"k__Metazoa;p__Nematoda;c__Chromadorea;o__Rhabditida;f__Hoplolaimidae;g__Helicotylenchus"	293581		"Genus"	"Herbivores"	"No"		"http://nemaplex.ucdavis.edu/"
"k__Metazoa;p__Nematoda;c__Chromadorea;o__Rhabditida;f__Hoplolaimidae;g__Helicotylenchus;s__Helicotylenchus pseudorobustus"	293583	"Tylenchus pseudorobustus"	"Species"	"Herbivores"	"No"		"http://nemaplex.ucdavis.edu/"
"k__Metazoa;p__Nematoda;c__Chromadorea;o__Rhabditida;f__Hoplolaimidae;g__Helicotylenchus;s__Helicotylenchus vulgaris"	293584		"Species"	"Herbivores"	"No"		"http://nemaplex.ucdavis.edu/"
"k__Metazoa;p__Nematoda;c__Chromadorea;o__Rhabditida;f__Hoplolaimidae;g__Rotylenchus;s__Rotylenchus goodeyi"	293586		"Species"	"Herbivores"	"No"		"http://nemaplex.ucdavis.edu/"
"k__Metazoa;p__Nematoda;c__Chromadorea;o__Rhabditida;f__Tylenchulidae;g__Paratylenchus"	293601		"Genus"	"Herbivores"	"No"		"http://nemaplex.ucdavis.edu/"
"k__Metazoa;p__Nematoda;c__Chromadorea;o__Rhabditida;f__Tylenchulidae;g__Paratylenchus;s__Paratylenchus straeleni"	293602		"Species"	"Herbivores"	"No"		"http://nemaplex.ucdavis.edu/"
"k__Metazoa;p__Nematoda;c__Chromadorea;o__Rhabditida;f__Tylenchulidae;g__Paratylenchus;s__Paratylenchus microdorus"	293603		"Species"	"Herbivores"	"No"		"http://nemaplex.ucdavis.edu/"
"k__Metazoa;p__Nematoda;c__Chromadorea;o__Rhabditida;f__Anguinidae;g__Ditylenchus;s__Ditylenchus brevicauda"	293605	"Tylenchus brevicauda"	"Species"	"Fungivores"	"No"		"http://nemaplex.ucdavis.edu/"
"k__Metazoa;p__Nematoda;c__Chromadorea;o__Rhabditida;f__Aphelenchoididae;g__Aphelenchoides;s__Aphelenchoides bicaudatus"	293665	"Aphelenchus bicaudatus"	"Species"	"Fungivores"	"No"		"http://nemaplex.ucdavis.edu/"
"k__Metazoa;p__Nematoda;c__Chromadorea;o__Rhabditida;f__Cephalobidae;g__Cephalobus;s__Cephalobus persegnis"	293677		"Species"	"Bacterivores"	"No"		"http://nemaplex.ucdavis.edu/"
"k__Metazoa;p__Nematoda;c__Chromadorea;o__Rhabditida;f__Cephalobidae;g__Eucephalobus"	293678		"Genus"	"Bacterivores"	"No"		"http://nemaplex.ucdavis.edu/"
"k__Metazoa;p__Nematoda;c__Chromadorea;o__Rhabditida;f__Cephalobidae;g__Eucephalobus;s__Eucephalobus oxyuroides"	293680	"Cephalobus oxyuroides"	"Species"	"Bacterivores"	"No"		"http://nemaplex.ucdavis.edu/"
"k__Metazoa;p__Nematoda;c__Chromadorea;o__Rhabditida;f__Cephalobidae;g__Heterocephalobus;s__Heterocephalobus elongatus"	293683		"Species"	"Bacterivores"	"No"		"http://nemaplex.ucdavis.edu/"
"k__Metazoa;p__Nematoda;c__Chromadorea;o__Rhabditida;f__Cephalobidae;g__Acrobeles;s__Acrobeles complexus"	293684	"Acrobeles crossotus"	"Species"	"Bacterivores"	"No"		"http://nemaplex.ucdavis.edu/"
"k__Metazoa;p__Nematoda;c__Chromadorea;o__Rhabditida;f__Cephalobidae;g__Chiloplacus;s__Chiloplacus propinquus"	293691	"Cephalobus propinquus"	"Species"	"Bacterivores"	"No"		"http://nemaplex.ucdavis.edu/"
"k__Metazoa;p__Nematoda;c__Chromadorea;o__Rhabditida;f__Drilonematidae;g__Drilocephalobus"	293716		"Genus"	"Bacterivores"	"No"		"http://nemaplex.ucdavis.edu/"
"k__Metazoa;p__Nematoda;c__Chromadorea;o__Rhabditida;f__Panagrolaimidae;g__Panagrolaimus;s__Panagrolaimus subelongatus"	293718	"Cephalobus subelongatus"	"Species"	"Bacterivores"	"No"		"http://nemaplex.ucdavis.edu/"
"k__Metazoa;p__Nematoda;c__Chromadorea;o__Rhabditida;f__Aphelenchidae;g__Paraphelenchus"	293825		"Genus"	"Fungivores"	"No"		"http://nemaplex.ucdavis.edu/"
"k__Metazoa;p__Nematoda;c__Chromadorea;o__Monhysterida;f__Xyalidae;g__Theristus;s__Theristus agilis"	293832	"Monhystera agilis"	"Species"	"Bacterivores"	"No"		"http://nemaplex.ucdavis.edu/"
"k__Metazoa;p__Nematoda;c__Chromadorea;o__Plectida;f__Plectidae;g__Anaplectus;s__Anaplectus porosus"	293833		"Species"	"Bacterivores"	"No"		"http://nemaplex.ucdavis.edu/"
"k__Metazoa;p__Nematoda;c__Chromadorea;o__Plectida;f__Plectidae;g__Anaplectus;s__Anaplectus grandepapillatus"	293834	"Plectus granulosus var. grandepapillatus"	"Species"	"Bacterivores"	"No"		"http://nemaplex.ucdavis.edu/"
"k__Metazoa;p__Nematoda;c__Chromadorea;o__Desmodorida;f__Microlaimidae;g__Prodesmodora"	293849		"Genus"	"Bacterivores"	"No"		"http://nemaplex.ucdavis.edu/"
"k__Metazoa;p__Nematoda;c__Chromadorea;o__Desmodorida;f__Microlaimidae;g__Prodesmodora;s__Prodesmodora circulata"	293850		"Species"	"Bacterivores"	"No"		"http://nemaplex.ucdavis.edu/"
"k__Metazoa;p__Nematoda;c__Chromadorea;o__Plectida;f__Aulolaimidae;g__Aulolaimus;s__Aulolaimus oxycephalus"	293854		"Species"	"Bacterivores"	"No"		"http://nemaplex.ucdavis.edu/"
"k__Metazoa;p__Nematoda;c__Enoplea;o__Triplonchida;f__Bastianiidae;g__Bastiania;s__Bastiania gracilis"	293856		"Species"	"Bacterivores"	"No"		"http://nemaplex.ucdavis.edu/"
"k__Metazoa;p__Nematoda;c__Enoplea;o__Enoplida;f__Alaimidae;g__Paramphidelus"	293867		"Genus"	"Bacterivores"	"No"		"http://nemaplex.ucdavis.edu/"
"k__Metazoa;p__Nematoda;c__Enoplea;o__Enoplida;f__Alaimidae;g__Paramphidelus;s__Paramphidelus hortensis"	293868	"Amphidelus hortensis"	"Species"	"Bacterivores"	"No"		"http://nemaplex.ucdavis.edu/"
"k__Metazoa;p__Nematoda;c__Enoplea;o__Mononchida;f__Mylonchulidae;g__Mylonchulus;s__Mylonchulus brachyuris"	293883	"Mononchus brachyuris;Mylonchulus brachyurus"	"Species"	"Carnivores"	"No"		"http://nemaplex.ucdavis.edu/"
"k__Metazoa;p__Nematoda;c__Enoplea;o__Mononchida;f__Mononchidae;g__Coomansus;s__Coomansus parvus"	293888	"Mononchus parvus"	"Species"	"Carnivores"	"No"		"http://nemaplex.ucdavis.edu/"
"k__Metazoa;p__Nematoda;c__Enoplea;o__Dorylaimida;f__Belondiridae;g__Dorylaimellus;s__Dorylaimellus montenegricus"	294385		"Species"	"Herbivores"	"No"		"http://nemaplex.ucdavis.edu/"
"k__Metazoa;p__Arthropoda;c__Insecta;o__Coleoptera;f__Chrysomelidae;g__Cassida;s__Cassida rubiginosa"	294607		"Species"	"Herbivores"	"No"	"Thistle-feedin "	"Cartwright, B., Kok, L.T., 1990. Feeding by Cassida rubiginosa (Coleoptera: Chrysomelidae) and the effects of defoliation on growth of musk thistles. Journal of Entomological Science 25(4), 538–547. https://doi.org/10.18474/0749-8004-25.4.538"
"k__Metazoa;p__Arthropoda;c__Insecta;o__Coleoptera;f__Chrysomelidae;g__Neolema;s__Neolema sexpunctata"	294633		"Species"	"Herbivores"	"No"		"Casagrande, R.A., Kenis, M., 2004. Evaluation of lily leaf beetle parasitoids for North American introduction. In: USDA Forest Service, Assessing host ranges of parasitoids and predators used for classical biological control: a guide to best practice, USDA Forest Service Publication FHTET-2004-03, Morgantown, West Virginia, USA, pp. 121–137."
"k__Metazoa;p__Arthropoda;c__Insecta;o__Coleoptera;f__Chrysomelidae;g__Longitarsus"	294674		"Genus"	"Herbivores"	"No"		"Fernandez, P., Hilker, M., 2007. Host plant location by Chrysomelidae. Basic and Applied Ecology 8(2), 97–116. https://doi.org/10.1016/j.baae.2006.05.001"
"k__Metazoa;p__Arthropoda;c__Insecta;o__Coleoptera;f__Hydrophilidae;g__Chaetarthria"	295561	"Chaethartria"	"Genus"	"Omnivores"	"Yes"	"Larvae are predators, adults are omivores or scravenges"	"https://www.mdfrc.org.au/bugguide/display.asp?type=5&class=17&subclass=&Order=1&family=238&couplet=0"
"k__Metazoa;p__Arthropoda;c__Insecta;o__Coleoptera;f__Staphylinidae;g__Stenus"	295611		"Genus"	"Carnivores"	"No"		"Sunderland, K.D., Crook, N.E., Stacey, D.L., Fuller, B.J., 1987. A Study of Feeding by Polyphagous Predators on Cereal Aphids Using Elisa and Gut Dissection. The Journal of Applied Ecology 24(3), 907. https://doi.org/10.2307/2403989"
"k__Metazoa;p__Arthropoda;c__Insecta;o__Coleoptera;f__Staphylinidae;g__Anotylus;s__Anotylus rugosus"	295628		"NA"	"NA"	"NA"		
"k__Metazoa;p__Arthropoda;c__Insecta;o__Coleoptera;f__Ptinidae;g__Lasioderma;s__Lasioderma serricorne"	295660		"Species"	"Detritivores"	"No"	"Pests of tobacco"	"Edde, P.A., 2019. Biology, Ecology, and Control of Lasioderma serricorne (F.) (Coleoptera: Anobiidae): A Review. Journal of Economic Entomology 112(3), 1011–1031. https://doi.org/10.1093/jee/toy428"
"k__Metazoa;p__Arthropoda;c__Insecta;o__Coleoptera;f__Bothrideridae;g__Anommatus;s__Anommatus duodecimstriatus"	295806		"Species"	"Detritivores"	"No"		"Théry, T., Ratzlaff, C., 2022. First records of Anommatus duodecimstriatus (P.W.J. Müller, 1821) in Canada (Coleoptera, Teredidae). Specimen 2. https://doi.org/10.56222/28166531.2022.2"
"k__Metazoa;p__Arthropoda;c__Insecta;o__Coleoptera;f__Corylophidae;g__Sericoderus"	295822		"Genus"	"Fungivores"	"No"	"Feed on fungi, in most cases on spores of Ascomycota and Deuteromycota occurring in a variety of microhabitats including leaf and bark surfaces, under bark, in leaf litter, and in bird nests"	"Crowson, R., 1981. The Biology of the Coleoptera. Academic Press, London. / Lawrence, J. F., 1991. Corylophidae (Cucujoidea) (= Orthoperidae). Immature insects 2, 495-497. /  Lawrence, J. F., 1996. Associations between arthropods and fungi. Fungi of Australia 1, 137-202. / Ślipinśki, A., Lawrence, J.F., Cline, A.R., 2010. Corylophidae LeConte, 1852. In: Leschen, R.A.B., Beutel, R.G., Lawrence, J.F. (Eds.), Coleoptera, Beetles. Volume 2: Morphology and Systematics (Elateroidea, Bostrichiformia, Cucujiformia Partim). Walter de Gruyter, Berlin, pp. 472–481. https://doi.org/10.1515/9783110911213.472"
"k__Metazoa;p__Arthropoda;c__Arachnida;o__Trombidiformes;f__Penthaleidae;g__Penthaleus"	296206		"Genus"	"Herbivores"	"No"		"Robinson, M.T., Hoffmann, A.A., 2001. The pest status and distribution of three cryptic blue oat mite species (Penthaleus spp.) and redlegged earth mite (Halotydeus destructor) in southeastern Australia. Experimental & Applied Acarology 25, 699-716."
"k__Metazoa;p__Arthropoda;c__Arachnida;o__Mesostigmata;f__Blattisociidae;g__Lasioseius"	296243		"Genus"	"Carnivores"	"No"		"Christian, A., Karg, W., 2005. The predatory mite genus Lasioseius Berlese, 1916 (Acari, Gamasina). Abhandlungen und Berichte des Naturkundemuseums Görlitz 77, 99–250."
"k__Metazoa;p__Platyhelminthes;c__Rhabditophora;o__Rhabdocoela;f__Promesostomidae;g__Litucivis;s__Litucivis serpens"	297412		"NA"	"NA"	"NA"		
"k__Metazoa;p__Platyhelminthes;c__Rhabditophora;o__Rhabdocoela;f__Typhloplanidae;g__Olisthanella;s__Olisthanella truncula"	297415	"Mesostomum trunculum"	"NA"	"NA"	"NA"		
"k__Metazoa;p__Platyhelminthes;c__Rhabditophora;o__Rhabdocoela;f__Typhloplanidae;g__Styloplanella;s__Styloplanella strongylostomoides"	297483		"NA"	"NA"	"NA"		
"k__Metazoa;p__Arthropoda;c__Insecta;o__Psocoptera;f__Sphaeropsocidae"	297920		"NA"	"NA"	"NA"		
"k__Metazoa;p__Arthropoda;c__Insecta;o__Psocodea;f__Sphaeropsocidae;g__Badonnelia;s__Badonnelia titei"	297922		"Species"	"Detritivores"	"No"		"Sikes, D.S., Callegari, K., 2020. Interior ecosystem in the subarctic: wild, living, arthropod biodiversity in the University of Alaska Museum, Fairbanks, Alaska, United States of America. The Canadian Entomologist 152(6), 802–814. https://doi.org/10.4039/tce.2020.56"
"k__Metazoa;p__Arthropoda;c__Insecta;o__Psocoptera;f__Pachytroctidae;g__Pachytroctes;s__Pachytroctes maculosus"	297929		"NA"	"NA"	"NA"		
"k__Metazoa;p__Arthropoda;c__Insecta;o__Psocoptera;f__Lachesillidae;g__Lachesilla;s__Lachesilla pacifica"	297968		"NA"	"NA"	"NA"		
"k__Metazoa;p__Arthropoda;c__Insecta;o__Psocoptera;f__Ectopsocidae;g__Ectopsocopsis;s__Ectopsocopsis cryptomeriae"	297975	"Ectopsocus cryptomeriae"	"NA"	"NA"	"NA"		
"k__Metazoa;p__Arthropoda;c__Insecta;o__Coleoptera;f__Curculionidae;g__Acalles;s__Acalles ptinoides"	298154		"Species"	"Detritivores"	"No"	"Saproxylic"	"Buse, J., 2011. Ghosts of the past: flightless saproxylic weevils (Coleoptera: Curculionidae) are relict species in ancient woodlands. Journal of Insect Conservation 16(1), 93–102. https://doi.org/10.1007/s10841-011-9396-5"
"k__Metazoa;p__Arthropoda;c__Hexanauplia;o__Harpacticoida;f__Canthocamptidae;g__Bryocamptus;s__Bryocamptus pygmaeus"	298466	"Canthocamptus pygmaeus"	"Species"	"Detritivores"	"No"		"Di Cicco, M., Di Lorenzo, T., Fiasca, B., Ruggieri, F., Cimini, A., Panella, G., Benedetti, E., Galassi, D. M. P., 2021. Effects of diclofenac on the swimming behavior and antioxidant enzyme activities of the freshwater interstitial crustacean Bryocamptus pygmaeus (Crustacea, Harpacticoida). Science of The Total Environment 799. https://doi.org/10.1016/j.scitotenv.2021.149461."
"k__Metazoa;p__Arthropoda;c__Insecta;o__Hemiptera;f__Rhyparochromidae;g__Pseudopachybrachius"	299289		"Genus"	"Herbivores"	"No"		"Zheng, L., Slater, J.A., 1984. A revision of the lygaeid genus Pseudopachybrachius (Hemiptera). Systematic Entomology 9(1), 95–115. https://doi.org/10.1111/j.1365-3113.1984.tb00505.x"
"k__Metazoa;p__Arthropoda;c__Insecta;o__Thysanoptera;f__Thripidae;g__Scirtothrips;s__Scirtothrips aurantii"	304012		"Species"	"Herbivores"	"No"		"Jeger, M., Bragard, C., Caffier, D., Candresse, T., Chatzivassiliou, E., Dehnen‐Schmutz, K., Gilioli, G., Gregoire, J., Jaques Miret, J. A., Navarro, M. N., Niere, B., Parnell, S., Potting, R., Rafoss, T., Rossi, V., Urek, G., Van Bruggen, A., Van der Werf, W., West, J., Winter, S., Gardi, C., MacLeod, A., 2018. Pest categorisation of Scirtothrips aurantii. EFSA Journal, 16(3). https://doi.org/10.2903/j.efsa.2018.5188"
"k__Metazoa;p__Arthropoda;c__Insecta;o__Diptera;f__Tabanidae;g__Tabanus;s__Tabanus bromius"	304241		"Species"	"Carnivores"	"No"	"Larvae are predators, females are haematophagous"	"Ballard, J.W.O., Waage, J.K., 1988. Feeding strategies of the horseflies Hybomitra expollicata and Tabanus bromius in southern France. Medical and Veterinary Entomology 2(3), 265–270. https://doi.org/10.1111/j.1365-2915.1988.tb00194.x"
"k__Metazoa;p__Arthropoda;c__Diplopoda;o__Polydesmida;f__Xystodesmidae;g__Cherokia;s__Cherokia georgiana"	307030		"Species"	"Detritivores"	"No"		"Vasquez-Valverde, L.F., Marek, P.E., 2022. ﻿Phylogenetic review of the millipede genus Cherokia Chamberlin, 1949 (Polydesmida, Xystodesmidae). ZooKeys 1106, 141–163. https://doi.org/10.3897/zookeys.1106.81386"
"k__Metazoa;p__Arthropoda;c__Insecta;o__Ephemeroptera;f__Heptageniidae;g__Rhithrogena"	307890		"Genus"	"Detritivores"	"No"		"Besser, J.M., Brumbaugh, W.G., May, T.W., Church, S.E., Kimball, B.A., 2001. Bioavailability of metals in stream food webs and hazards to brook trout (Salvelinus fontinalis) in the upper Animas River watershed, Colorado. Archives of Environmental Contamination and Toxicology 40(1), 48–59. https://doi.org/10.1007/s002440010147."
"k__Metazoa;p__Arthropoda;c__Insecta;o__Ephemeroptera;f__Heptageniidae;g__Ecdyonurus;s__Ecdyonurus dispar"	309577	"Baetis dispar"	"Species"	"Detritivores"	"No"	"Larvae are detritivores"	"Petrović, A., Milošević, D., Paunović, M., Simić, S., Đorđević, N., Stojković, M., Simić, V., 2015. New data on the distribution and ecology of the mayfly larvae (Insecta: Ephemeroptera) of Serbia (central part of the Balkan Peninsula). Turkish Journal of Zoology 39, 195–209. https://doi.org/10.3906/zoo-1304-2"
"k__Metazoa;p__Arthropoda;c__Insecta;o__Ephemeroptera;f__Oligoneuriidae;g__Oligoneuriella;s__Oligoneuriella rhenana"	309676		"Species"	"Detritivores"	"No"		"Elpers, C., Tomka, I., 1995. Food-filtering mechanism of the larvae of Oligoneuriella rhenana Imhoff (Ephemeroptera: Oligoneuriidae). In: Corkum, L.D., Ciborowski, J.H. (Eds.), Current directions in research on Ephemeroptera (Proc. 7th Int. Conf. Ephemeroptera, 3–6 August 1992, Orono, Maine, USA). Canadian Scholar's Press Inc., Toronto, pp. 283–294."
"k__Metazoa;p__Nematoda;c__Chromadorea;o__Rhabditida;f__Panagrolaimidae;g__Panagrolaimus;s__Panagrolaimus detritophagus"	310956		"Species"	"Bacterivores"	"No"		"http://nemaplex.ucdavis.edu/"
"k__Metazoa;p__Nematoda;c__Chromadorea;o__Rhabditida;f__Tylenchidae;g__Aglenchus;s__Aglenchus agricola"	312543	"Tylenchus agricola"	"Species"	"Herbivores"	"No"		"http://nemaplex.ucdavis.edu/"
"k__Metazoa;p__Nematoda;c__Chromadorea;o__Rhabditida;f__Tylenchidae;g__Basiria"	312619		"Genus"	"Herbivores"	"No"		"http://nemaplex.ucdavis.edu/"
"k__Metazoa;p__Nematoda;c__Chromadorea;o__Rhabditida;f__Tylenchidae;g__Basiria;s__Basiria aberrans"	312620	"Psilenchus aberrans"	"Species"	"Herbivores"	"No"		"http://nemaplex.ucdavis.edu/"
"k__Metazoa;p__Nematoda;c__Chromadorea;o__Rhabditida;f__Criconematidae;g__Criconema"	312642		"Genus"	"Herbivores"	"No"		"http://nemaplex.ucdavis.edu/"
"k__Metazoa;p__Nematoda;c__Chromadorea;o__Rhabditida;f__Tylenchulidae;g__Gracilacus"	312685		"Genus"	"Herbivores"	"No"		"http://nemaplex.ucdavis.edu/"
"k__Metazoa;p__Nematoda;c__Chromadorea;o__Rhabditida;f__Hoplolaimidae;g__Helicotylenchus;s__Helicotylenchus platyurus"	312694		"Species"	"Herbivores"	"No"		"http://nemaplex.ucdavis.edu/"
"k__Metazoa;p__Nematoda;c__Chromadorea;o__Rhabditida;f__Neotylenchidae;g__Hexatylus"	312699		"Genus"	"Fungivores"	"No"		"http://nemaplex.ucdavis.edu/"
"k__Metazoa;p__Nematoda;c__Chromadorea;o__Rhabditida;f__Hoplolaimidae;g__Hoplolaimus;s__Hoplolaimus columbus"	312701		"Species"	"Herbivores"	"No"		"http://nemaplex.ucdavis.edu/"
"k__Metazoa;p__Nematoda;c__Chromadorea;o__Rhabditida;f__Criconematidae;g__Mesocriconema;s__Mesocriconema curvatum"	312904	"Criconemella curvata;Criconemoides curvatus"	"Species"	"Herbivores"	"No"		"http://nemaplex.ucdavis.edu/"
"k__Metazoa;p__Nematoda;c__Chromadorea;o__Rhabditida;f__Merliniidae;g__Nagelus;s__Nagelus leptus"	312947		"Species"	"Herbivores"	"No"		"http://nemaplex.ucdavis.edu/"
"k__Metazoa;p__Nematoda;c__Chromadorea;o__Rhabditida;f__Criconematidae;g__Ogma"	312948		"Genus"	"Herbivores"	"No"		"http://nemaplex.ucdavis.edu/"
"k__Metazoa;p__Nematoda;c__Chromadorea;o__Rhabditida;f__Tylenchidae;g__Psilenchus;s__Psilenchus hilarulus"	312972		"Species"	"Herbivores"	"No"		"http://nemaplex.ucdavis.edu/"
"k__Metazoa;p__Nematoda;c__Chromadorea;o__Rhabditida;f__Criconematidae;g__Criconemoides"	313688		"Genus"	"Herbivores"	"No"		"http://nemaplex.ucdavis.edu/"
"k__Metazoa;p__Nematoda;c__Chromadorea;o__Rhabditida;f__Criconematidae;g__Criconemoides;s__Criconemoides informis"	313689	"Hoplolaimus informis"	"Species"	"Herbivores"	"No"		"http://nemaplex.ucdavis.edu/"
"k__Metazoa;p__Nematoda;c__Chromadorea;o__Rhabditida;f__Tylenchulidae;g__Tylenchulus;s__Tylenchulus semipenetrans"	313693		"Species"	"Herbivores"	"No"		"http://nemaplex.ucdavis.edu/"
"k__Metazoa;p__Nematoda;c__Chromadorea;o__Rhabditida;f__Sphaeronematidae;g__Sphaeronema"	313694		"Genus"	"Herbivores"	"No"		"http://nemaplex.ucdavis.edu/"
"k__Metazoa;p__Nematoda;c__Chromadorea;o__Rhabditida;f__Tylenchulidae;g__Paratylenchus;s__Paratylenchus nanus"	313703	"Pratylenchus nanus"	"Species"	"Herbivores"	"No"		"http://nemaplex.ucdavis.edu/"
"k__Metazoa;p__Nematoda;c__Chromadorea;o__Rhabditida;f__Criconematidae;g__Criconema;s__Criconema mutabile"	313709	"Criconemoides mutabilis"	"Species"	"Herbivores"	"No"		"http://nemaplex.ucdavis.edu/"
"k__Metazoa;p__Arthropoda;c__Insecta;o__Diptera;f__Chironomidae;g__Belgica;s__Belgica antarctica"	315563		"Species"	"Microbivores"	"No"	"First-instar larvae feed on minute particles of detritus, yeast, and bacteria, but later instars consume other fungi and algae, adults don't feed"	"Kozeretska, I., Serga, S., Kovalenko, P., Gorobchyshyn, V., Convey, P., 2022. Belgica antarctica (Diptera: Chironomidae): A natural model organism for extreme environments. Insect Science 29, 2-20. https://doi.org/10.1111/1744-7917.12925"
"k__Metazoa;p__Nematoda;c__Chromadorea;o__Rhabditida;f__Neodiplogasteridae;g__Koerneria"	318468		"Genus"	"Bacterivores"	"No"		"http://nemaplex.ucdavis.edu/"
"k__Metazoa;p__Nematoda;c__Chromadorea;o__Monhysterida;f__Xyalidae;g__Daptonema;s__Daptonema normandicum"	320137	"Cylindrotheristus normandicus"	"Species"	"Bacterivores"	"No"		"http://nemaplex.ucdavis.edu/"
"k__Metazoa;p__Nematoda;c__Chromadorea;o__Strongylida;f__Metastrongylidae;g__Protostrongylus;s__Protostrongylus rufescens"	321386	"Strongylus rufescens"	"NA"	"NA"	"NA"		
"k__Metazoa;p__Arthropoda;c__Insecta;o__Psocoptera;f__Ectopsocidae;g__Ectopsocus;s__Ectopsocus briggsi"	322492		"NA"	"NA"	"NA"		
"k__Metazoa;p__Nematoda;c__Chromadorea;o__Rhabditida;f__Merliniidae;g__Geocenamus;s__Geocenamus quadrifer"	324121	"Merlinius quadrifer;Merlinius (Scutylenchus) quadrifer;Scutylenchus quadrifer;Tylenchorhynchus quadrifer"	"Species"	"Herbivores"	"No"		"http://nemaplex.ucdavis.edu/"
"k__Metazoa;p__Arthropoda;c__Insecta;o__Trichoptera;f__Limnephilidae;g__Drusus;s__Drusus chrysotus"	327265	"Limnephilus chrysotus"	"Species"	"Carnivores"	"No"		"Previšić, A., Cerjanec, D., Graf, W., Kučinić, M., 2012. Drusus chrysotus (Rambur, 1842) (Trichoptera: Limnephilidae: Drusinae): A new caddisfly species in the Croatian fauna. Natura Croatica 21(2), 419-425."
"k__Metazoa;p__Nematoda;c__Chromadorea;o__Rhabditida;f__Bunonematidae;g__Bunonema;s__Bunonema franzi"	327426		"Species"	"Bacterivores"	"No"		"http://nemaplex.ucdavis.edu/"
"k__Metazoa;p__Nematoda;c__Enoplea;o__Triplonchida;f__Diphtherophoridae;g__Tylolaimophorus"	327490		"Genus"	"Fungivores"	"No"		"http://nemaplex.ucdavis.edu/"
"k__Metazoa;p__Arthropoda;c__Insecta;o__Ephemeroptera;f__Baetidae;g__Labiobaetis"	328901		"NA"	"NA"	"NA"		
"k__Metazoa;p__Arthropoda;c__Insecta;o__Ephemeroptera;f__Baetidae;g__Cloeon;s__Cloeon simile"	329003		"Species"	"Detritivores"	"No"	"Larvae are detritivores"	"Petrović, A., Milošević, D., Paunović, M., Simić, S., Đorđević, N., Stojković, M., Simić, V., 2015. New data on the distribution and ecology of the mayfly larvae (Insecta: Ephemeroptera) of Serbia (central part of the Balkan Peninsula). Turkish Journal of Zoology 39, 195–209. https://doi.org/10.3906/zoo-1304-2"
"k__Metazoa;p__Arthropoda;c__Insecta;o__Hemiptera;f__Aphididae;g__Macrosiphum;s__Macrosiphum albifrons"	330458		"Species"	"Herbivores"	"No"		"Gruppe, A., Roemer, P., 1988. The lupin aphid (Macrosiphum albifrons Essig, 1911)(Hom., Aphididae) in West Germany: its occurrence, host plants and natural enemies. Journal of Applied Entomology 106(1‐5), 135-143. https://doi.org/10.1111/j.1439-0418.1988.tb00576.x"
"k__Metazoa;p__Arthropoda;c__Collembola;o__Poduromorpha;f__Onychiuridae;g__Onychiurus;s__Onychiurus hangchowensis"	332369		"NA"	"NA"	"NA"		
"k__Metazoa;p__Arthropoda;c__Collembola;o__Poduromorpha;f__Hypogastruridae;g__Hypogastrura;s__Hypogastrura duplicispinosa"	332370		"NA"	"NA"	"NA"		
"k__Metazoa;p__Arthropoda;c__Collembola;o__Poduromorpha;f__Tullbergiidae;g__Tullbergia;s__Tullbergia yosii"	332371		"Species"	"Detritivores"	"No"	"Feeds on holorganic humus, fungal material, and mycorrhizae, higher plant material"	"Ponge, J.-F., 2000. Vertical distribution of Collembola (Hexapoda) and their food resources in organic horizons of beech forests. Biology and Fertility of Soils 32(6), 508–522. https://doi.org/10.1007/s003740000285"
"k__Metazoa;p__Arthropoda;c__Collembola;o__Entomobryomorpha;f__Entomobryidae;g__Heteromurus;s__Heteromurus tenuicornis"	332380		"NA"	"NA"	"NA"		
"k__Metazoa;p__Arthropoda;c__Insecta;o__Diptera;f__Chloropidae;g__Thaumatomyia;s__Thaumatomyia notata"	333801		"Species"	"Omnivores"	"Yes"	"Larvae are predators, adults feed on nectar"	"Sikes, D.S., Fabricius, J.C., 2008. Outbreaks of the grass fly Thaumatomyia annulata (Walker) (Diptera: Chloropidae) in Alaska. Newsletter of the Alaska Entomological Society 2(1), 2-4."
"k__Metazoa;p__Arthropoda;c__Insecta;o__Coleoptera;f__Cantharidae;g__Malthodes"	334009		"Genus"	"Omnivores"	"Yes"	"Larvae are fluid-feeding predators, feed on insect eggs and larvae, adults eat nectar, pollen, other insects"	"https://bugguide.net/node/view/118"
"k__Metazoa;p__Arthropoda;c__Arachnida;o__Sarcoptiformes;f__Nothridae;g__Novonothrus;s__Novonothrus flagellatus"	334623		"NA"	"NA"	"NA"		
"k__Metazoa;p__Arthropoda;c__Arachnida;o__Sarcoptiformes;f__Oppiidae;g__Oppiella;s__Oppiella nova"	334625		"Species"	"Omnivores"	"No"	"Individuals of O. nova mainly feed on fungal hyphae, but they can also be microphytophages or fragment feeders, and less commonly feed on livingand dead animals like nematodes and collembolans "	"Barreto, C., 2020. Oppiella nova (Oudemans, 1902): not an insect, but just as cool. Bulletin of the Entomological Society of Canada 52(1)."
"k__Metazoa;p__Arthropoda;c__Arachnida;o__Sarcoptiformes;f__Palaeacaridae;g__Palaeacarus;s__Palaeacarus hystricinus"	334628		"NA"	"NA"	"NA"		
"k__Metazoa;p__Arthropoda;c__Arachnida;o__Mesostigmata;f__Trachytidae"	334644		"Family"	"Omnivores"	"No"		"Manu, M., 2008. The influence of some abiotical factors on the structural dynamics of the predatory mite populations (Acari: Mesostigmata) from an ecosystem with Myricaria germanica from Doftana Valley (Romania). Travaux du Museum D’Histoire Naturelle “Grigore Antipa” 51, 463–471."
"k__Metazoa;p__Arthropoda;c__Arachnida;o__Sarcoptiformes;f__Archeonothridae;g__Zachvatkinella"	334655		"NA"	"NA"	"NA"		
"k__Metazoa;p__Annelida;c__Clitellata;o__Crassiclitellata;f__Lumbricidae;g__Dendrobaena;s__Dendrobaena octaedra"	334867	"Enterion octaedrum"	"Species"	"Detritivores"	"No"		"McLean, M.A., Parkinson, D., 2000. Introduction of the epigeic earthworm Dendrobaena octaedra changes the oribatid community and microarthropod abundances in a pine forest.Soil Biology and Biochemistry 32(11–12), 1671–1681.https://doi.org/10.1016/s0038-0717(00)00083-3"
"k__Metazoa;p__Nematoda;c__Chromadorea;o__Rhabditida;f__Neodiplogasteridae;g__Pristionchus;s__Pristionchus maupasi"	335527	"Diplogaster maupasi"	"Species"	"Carnivores"	"No"		"http://nemaplex.ucdavis.edu/"
"k__Metazoa;p__Arthropoda;c__Arachnida;o__Araneae;f__Anyphaenidae;g__Anyphaena"	336631		"Genus"	"Carnivores"	"No"		"Korenko, S., Pekár, S., 2010. Is there intraguild predation between winter-active spiders (Araneae) on apple tree bark? Biological Control 54(3), 206–212. https://doi.org/10.1016/j.biocontrol.2010.05.008"
"k__Metazoa;p__Arthropoda;c__Arachnida;o__Araneae;f__Araneidae;g__Cyclosa;s__Cyclosa conica"	336648	"Aranea conica"	"Species"	"Carnivores"	"No"		"Tan, E. J., Li, D., 2009. Detritus decorations of an orb-weaving spider,Cyclosa mulmeinensis (Thorell): for food or camouflage? Journal of Experimental Biology 212(12), 1832–1839. https://doi.org/10.1242/jeb.030502"
"k__Metazoa;p__Arthropoda;c__Insecta;o__Coleoptera;f__Byrrhidae;g__Byrrhus;s__Byrrhus fasciatus"	338688	"Cistela fasciata"	"Species"	"Herbivores"	"No"	"Feeds on mosses"	"Panagiotakopulu, E., Buchan, A.L., 2015. Present and Norse Greenlandic hayfields – Insect assemblages and human impact in southern Greenland. The Holocene 25(6), 921–931. https://doi.org/10.1177/0959683615574585"
"k__Metazoa;p__Arthropoda;c__Insecta;o__Coleoptera;f__Lampyridae;g__Lampyroidea;s__Lampyroidea maculata"	340331		"NA"	"NA"	"NA"		
"k__Metazoa;p__Arthropoda;c__Insecta;o__Coleoptera;f__Elateridae;g__Athous;s__Athous subfuscus"	341292	"Athous (Haplathous) subfuscus;Elater subfuscus"	"NA"	"NA"	"NA"		
"k__Metazoa;p__Arthropoda;c__Insecta;o__Diptera;f__Stratiomyidae;g__Hermetia;s__Hermetia illucens"	343691		"Species"	"Detritivores"	"No"		"Scala, A., Cammack, J.A., Salvia, R., Scieuzo, C., Franco, A., Bufo, S.A., Tomberlin, J.K., Falabella, P., 2020. Rearing substrate impacts growth and macronutrient composition of Hermetia illucens (L.) (Diptera: Stratiomyidae) larvae produced at an industrial scale. Scientific Reports 10(1). https://doi.org/10.1038/s41598-020-76571-8"
"k__Metazoa;p__Nematoda;c__Chromadorea;o__Rhabditida;f__Hemicycliophoridae;g__Hemicycliophora;s__Hemicycliophora conida"	344371		"Species"	"Herbivores"	"No"		"http://nemaplex.ucdavis.edu/"
"k__Metazoa;p__Nematoda;c__Enoplea;o__Enoplida;f__Ironidae;g__Ironus;s__Ironus dentifurcatus"	344382		"Species"	"Carnivores"	"No"		"http://nemaplex.ucdavis.edu/"
"k__Metazoa;p__Nematoda;c__Chromadorea;o__Rhabditida;f__Tylenchulidae;g__Paratylenchus;s__Paratylenchus dianthus"	344389		"Species"	"Herbivores"	"No"		"http://nemaplex.ucdavis.edu/"
"k__Metazoa;p__Nematoda;c__Chromadorea;o__Rhabditida;f__Merliniidae;g__Pratylenchoides;s__Pratylenchoides ritteri"	344391		"Species"	"Herbivores"	"No"		"http://nemaplex.ucdavis.edu/"
"k__Metazoa;p__Nematoda;c__Chromadorea;o__Rhabditida;f__Hoplolaimidae;g__Rotylenchus;s__Rotylenchus robustus"	344394	"Rotylenchus fallorobustus;Tylenchus robustus"	"Species"	"Herbivores"	"No"		"http://nemaplex.ucdavis.edu/"
"k__Metazoa;p__Nematoda;c__Enoplea;o__Enoplida;f__Trischistomatidae;g__Trischistoma;s__Trischistoma monohystera"	344398	"Tripyla monohystera"	"Species"	"Carnivores"	"No"		"http://nemaplex.ucdavis.edu/"
"k__Metazoa;p__Nematoda;c__Enoplea;o__Plectida;f__Plectidae;g__Wilsonema;s__Wilsonema schuurmansstekhoveni"	344401	"Bitholinema schuurmansstekhoveni"	"Species"	"Bacterivores"	"No"		"http://nemaplex.ucdavis.edu/"
"k__Metazoa;p__Arthropoda;c__Insecta;o__Hemiptera;f__Aphididae;g__Melanaphis"	345571		"Genus"	"Herbivores"	"No"		"https://influentialpoints.com/Gallery/Melanaphis_aphids.htm"
"k__Metazoa;p__Arthropoda;c__Insecta;o__Coleoptera;f__Staphylinidae;g__Atheta;s__Atheta crassicornis"	346720		"NA"	"NA"	"NA"		
"k__Metazoa;p__Arthropoda;c__Insecta;o__Coleoptera;f__Staphylinidae;g__Atheta;s__Atheta laticollis"	346726		"NA"	"NA"	"NA"		
"k__Metazoa;p__Arthropoda;c__Insecta;o__Coleoptera;f__Staphylinidae;g__Lathrobium;s__Lathrobium brunnipes"	346787	"Paederus brunnipes"	"NA"	"NA"	"NA"		
"k__Metazoa;p__Arthropoda;c__Insecta;o__Coleoptera;f__Staphylinidae;g__Stenus;s__Stenus similis"	346855		"Species"	"Carnivores"	"No"		"Sunderland, K.D., Crook, N.E., Stacey, D.L., Fuller, B.J., 1987. A Study of Feeding by Polyphagous Predators on Cereal Aphids Using Elisa and Gut Dissection. The Journal of Applied Ecology 24(3), 907. https://doi.org/10.2307/2403989"
"k__Metazoa;p__Arthropoda;c__Insecta;o__Coleoptera;f__Staphylinidae;g__Amischa;s__Amischa decipiens"	347264	"Homalota decipiens"	"Species"	"Carnivores"	"No"		"Petrova, V., Čudare, Z., Cibuļskis, R., 2006. Predators and herbivores beetles (Coleoptera) naturally occuring on strawberry (Latvia). Acta Biologica Universitatis Daugavpiliensis 6(1-2), 155-159."
"k__Metazoa;p__Arthropoda;c__Insecta;o__Coleoptera;f__Staphylinidae;g__Amischa;s__Amischa nigrofusca"	347265	"Aleochara nigrofusca"	"Species"	"Carnivores"	"No"		"Petrova, V., Čudare, Z., Cibuļskis, R., 2006. Predators and herbivores beetles (Coleoptera) naturally occuring on strawberry (Latvia). Acta Biologica Universitatis Daugavpiliensis 6(1-2), 155-159."
"k__Metazoa;p__Arthropoda;c__Insecta;o__Coleoptera;f__Staphylinidae;g__Astenus;s__Astenus lyonessius"	347273		"NA"	"NA"	"NA"		
"k__Metazoa;p__Arthropoda;c__Insecta;o__Coleoptera;f__Staphylinidae;g__Cephennium;s__Cephennium gallicum"	347305		"Species"	"Carnivores"	"No"		"Majka, C., Klimaszewski, J., 2004. Phloeocharis subtilissima Mannerheim (Staphylinidae: Phloeocharinae) and Cephennium gallicum Ganglbauer (Scydmaenidae) new to North America: a case study in the introduction of exotic Coleoptera to the port of Halifax, with new records of other species. Zootaxa 781(1). https://doi.org/10.11646/zootaxa.781.1.1"
"k__Metazoa;p__Arthropoda;c__Insecta;o__Coleoptera;f__Latridiidae;g__Corticarina"	347311		"Genus"	"Fungivores"	"No"		"Smith, L.B., Barker, P. S., 1987. Distribution of insects found in granary residues in the canadian prairies. The Canadian Entomologist 119(10), 873–880. https://doi.org/10.4039/ent119873-10"
"k__Metazoa;p__Arthropoda;c__Insecta;o__Coleoptera;f__Tenebrionidae;g__Crypticus;s__Crypticus quisquilius"	347315		"NA"	"NA"	"NA"		
"k__Metazoa;p__Arthropoda;c__Insecta;o__Coleoptera;f__Staphylinidae;g__Geostiba;s__Geostiba circellaris"	347351	"Aleochara circellaris"	"Species"	"Carnivores"	"No"		"Vinogradov, D.D., Smagin, A.S., Belova, O.A., Tsurikov, S.M., Karganova, G.G., Tiunov, A.V., 2023. Identification of soil-dwelling predators of tick nymphs (Acari: Ixodidae) by stable isotope labeling. Journal of Medical Entomology 61(2), 512–516. https://doi.org/10.1093/jme/tjad160"
"k__Metazoa;p__Arthropoda;c__Insecta;o__Coleoptera;f__Staphylinidae;g__Hypomedon;s__Hypomedon debilicornis"	347366	"Chloecharis debilicornis"	"NA"	"NA"	"NA"		
"k__Metazoa;p__Arthropoda;c__Insecta;o__Coleoptera;f__Staphylinidae;g__Leptusa;s__Leptusa ruficollis"	347374		"Species"	"Fungivores"	"No"		"Thunes, K.H., Willassen, E., 1997. Species composition of beetles (Coleoptera) in the bracket fungi Piptoporus betulinus and Fomes fomentarius (Aphyllophorales: Polyporaceae): an explorative approach with canonical correspondence analysis. Journal of Natural History 31(3), 471–486. https://doi.org/10.1080/00222939700770241"
"k__Metazoa;p__Arthropoda;c__Insecta;o__Coleoptera;f__Staphylinidae;g__Lordithon"	347393		"Genus"	"Carnivores"	"No"		"Ji, Q.-Q., Sun, Y.-N., Lü, L., Zhao, T.-Y., Wu, D.-H., 2023. The Complete Mitochondrial Genome of Northeast Asian Rove Beetle, Lordithon arcuatus (Solsky, 1871) and Performance of Site-Specific Mixture Models in Building the Mitogenomic Phylogeny of Staphylinidae (Insecta: Coleoptera). Diversity 15(5), 588. https://doi.org/10.3390/d15050588"
"k__Metazoa;p__Arthropoda;c__Insecta;o__Coleoptera;f__Staphylinidae;g__Nehemitropia;s__Nehemitropia sordida"	347403		"NA"	"NA"	"NA"		
"k__Metazoa;p__Arthropoda;c__Insecta;o__Coleoptera;f__Staphylinidae;g__Neuraphes;s__Neuraphes elongatulus"	347409		"Species"	"Carnivores"	"No"		"Gossner, M.M., Struwe, J.-F., Sturm, S., Max, S., McCutcheon, M., Weisser, W. W., Zytynska, S. E., 2016. Searching for the Optimal Sampling Solution: Variation in Invertebrate Communities, Sample Condition and DNA Quality. PLOS ONE 11(2), e0148247. https://doi.org/10.1371/journal.pone.0148247"
"k__Metazoa;p__Arthropoda;c__Insecta;o__Coleoptera;f__Staphylinidae;g__Othius;s__Othius punctulatus"	347424		"Species"	"Carnivores"	"No"		"Schmelzle, S., Blüthgen, N., 2019. Under pressure: force resistance measurements in box mites (Actinotrichida, Oribatida). Frontiers in Zoology 16(1). https://doi.org/10.1186/s12983-019-0325-x. /  Delany, M.J., 1960. The food and feeding habits of some heath‐dwelling invertebrates. Proceedings of the Zoological Society of London 135(2), 303–311. https://doi.org/10.1111/j.1469-7998.1960.tb05847.x."
"k__Metazoa;p__Arthropoda;c__Insecta;o__Coleoptera;f__Staphylinidae;g__Othius;s__Othius myrmecophilus"	347425	"Othius myrmecophilus"	"NA"	"NA"	"NA"		
"k__Metazoa;p__Arthropoda;c__Insecta;o__Coleoptera;f__Salpingidae;g__Salpingus"	347458		"Genus"	"Carnivores"	"No"	"Usually lives under the bark of conifers and feed on bark beetles (Scolytinae)."	"Guéorguiev, B.V., Bekchiev, R., 2009. A contribution to the coleopteran fauna of Bulgaria (Insecta: Coleoptera). Acta zoologica bulgarica 61(1), 39-44."
"k__Metazoa;p__Arthropoda;c__Insecta;o__Coleoptera;f__Carabidae;g__Stomis;s__Stomis pumicatus"	347466	"Carabus pumicatus"	"Species"	"Carnivores"	"No"		"Fabbri R., Corazza C., 2009. I Carabidi del sito Natura 2000 “Po da Stellata a Mesola e Cavo Napoleonico” (IT4060016): da Pontelagoscuro al Bosco di Porporana (Ferrara, Emilia-Romagna) (Coleoptera Carabidae). Quaderni della Stazione di Ecologia Civico Museo di Storia Naturale FERRARA 19, pp. 81-106"
"k__Metazoa;p__Arthropoda;c__Insecta;o__Coleoptera;f__Coccinellidae;g__Tytthaspis;s__Tytthaspis sedecimpunctata"	347477		"Species"	"Omnivores"	"No"	"Feeds on fungi, grass pollen (especially that of Lolium perenne) and also, to a lesser and very variable degree, mites and Thysanoptera."	"Ricci, C., Fiori, G., Colazza, S., 1983. Diet of the adult of Tytthaspis sedecimpunctata (L.) (Coleoptera Coccinellidae) in an environment with primary human influence: a meadow containing multiple plant species. In: Atti XIII Congresso Nazionale Italiano di Entomologia, pp. 691-698."
"k__Metazoa;p__Arthropoda;c__Insecta;o__Coleoptera;f__Cantharidae;g__Cantharis;s__Cantharis rufa"	350087		"Species"	"Carnivores"	"No"		"Ford, H., Garbutt, A., Jones, L., Jones, D.L., 2013. Grazing management in saltmarsh ecosystems drives invertebrate diversity, abundance and functional group structure. Insect Conservation and Diversity 6, 189-200. https://doi.org/10.1111/j.1752-4598.2012.00202.x"
"k__Metazoa;p__Arthropoda;c__Insecta;o__Coleoptera;f__Melyridae;g__Dasytes"	353823		"Genus"	"Omnivores"	"Yes"	"Larvae are parasitoids of Hymenoptera, adults feeds on pollen and nectar,"	"Weiss, B., Kaltenpoth, M., 2016. Bacteriome-Localized Intracellular Symbionts in Pollen-Feeding Beetles of the Genus Dasytes (Coleoptera, Dasytidae). Frontiers in Microbiology 7. https://doi.org/10.3389/fmicb.2016.01486. / https://coleoptera.org.uk/family/dasytidae "
"k__Metazoa;p__Arthropoda;c__Insecta;o__Hymenoptera;f__Formicidae;g__Acropyga;s__Acropyga acutiventris"	354291		"Genus"	"NA"	"NA"		"Scupola, A., Durante, A., Giannuzzi, F., Pellizzari, G., 2022. The coccid-tending ant genus Acropyga Roger (Hymenoptera: Formicidae) and its obligate associated myrmecophilous scale insect genus Eumyrmococcus Silvestri (Hemiptera: Xenococcidae) new to Italy. Fragmenta entomologica 54(1), 89-94. https://doi.org/10.13133/2284-4880/722"
"k__Metazoa;p__Nematoda;c__Chromadorea;o__Rhabditida;f__Rhabditidae;g__Phasmarhabditis"	359294		"Genus"	"Bacterivores"	"No"		"http://nemaplex.ucdavis.edu/"
"k__Metazoa;p__Nematoda;c__Chromadorea;o__Rhabditida;f__Rhabditidae;g__Phasmarhabditis;s__Phasmarhabditis hermaphrodita"	359295		"Species"	"Bacterivores"	"No"		"http://nemaplex.ucdavis.edu/"
"k__Metazoa;p__Rotifera;c__Eurotatoria;o__Flosculariacea;f__Flosculariidae;g__Collotheca;s__Collotheca campanulata"	360645	"Floscularia campanulata"	"NA"	"NA"	"NA"		
"k__Metazoa;p__Rotifera;c__Eurotatoria;o__Ploimia;f__Gastropidae;g__Ascomorpha;s__Ascomorpha ovalis"	360655	"Anapus ovalis"	"Species"	"Microbivores"	"No"		"Stelzer, C.P., 1998. Feeding behaviour of the rotifer Ascomorpha ovalis: functional response, handling time and exploitation of individual Ceratium cells. Journal of plankton research 20(6), 1131-1144."
"k__Metazoa;p__Rotifera;c__Eurotatoria;o__Ploima;f__Dicranophoridae;g__Encentrum"	360660		"Genus"	"Detritivores"	"No"		"Chengalath, R., 1985. The Rotifera of the Canadian Arctic sea ice, with description of a new species. Canadian Journal of Zoology 63(9), 2212–2218. https://doi.org/10.1139/z85-326"
"k__Metazoa;p__Rotifera;c__Eurotatoria;o__Ploima;f__Brachionidae;g__Mytilina;s__Mytilina mucronata"	360681	"Brachionus mucronatus"	"NA"	"NA"	"NA"		
"k__Metazoa;p__Rotifera;c__Eurotatoria;o__Ploima;f__Synchaetidae;g__Ploesoma;s__Ploesoma hudsoni"	360690	"Gastropus hudsoni"	"Species"	"Carnivores"	"No"		"Rogozin, A.G., 2022. Materials on the Fauna and Ecology of Rotifers in the Urals: The Family Synchaetidae (Rotifera, Eurotatoria, Ploima), the Genera Ploesoma and Synchaeta. Biology bulletin of the Russian Academy of Sciences 49, 1469–1481. https://doi.org/10.1134/S1062359022090308"
"k__Metazoa;p__Rotifera;c__Eurotatoria;o__Ploima;f__Trichocercidae;g__Trichocerca;s__Trichocerca rattus"	360705	"Trichoda rattus"	"NA"	"NA"	"NA"		
"k__Metazoa;p__Rotifera;c__Eurotatoria;o__Ploima;f__Trichocercidae;g__Trichocerca;s__Trichocerca tenuior"	360706	"Coelopus tenuior"	"NA"	"NA"	"NA"		
"k__Metazoa;p__Nematoda;c__Chromadorea;o__Rhabditida;f__Pratylenchidae;g__Hirschmanniella;s__Hirschmanniella gracilis"	362339	"Tylenchus gracilis"	"Species"	"Herbivores"	"No"		"http://nemaplex.ucdavis.edu/"
"k__Metazoa;p__Nematoda;c__Chromadorea;o__Rhabditida;f__Merliniidae;g__Amplimerlinius;s__Amplimerlinius icarus"	364564	"Tylenchorhynchus icarus"	"Species"	"Herbivores"	"No"		"http://nemaplex.ucdavis.edu/"
"k__Metazoa;p__Nematoda;c__Chromadorea;o__Rhabditida;f__Tylenchidae;g__Basiria;s__Basiria gracilis"	364566	"Psilenchus gracilis"	"Species"	"Herbivores"	"No"		"http://nemaplex.ucdavis.edu/"
"k__Metazoa;p__Nematoda;c__Chromadorea;o__Rhabditida;f__Sphaerulariidae;g__Sphaerularia"	364606		"Genus"	"Carnivores"	"No"		"http://nemaplex.ucdavis.edu/"
"k__Metazoa;p__Nematoda;c__Chromadorea;o__Rhabditida;f__Allantonematidae;g__Howardula;s__Howardula phyllotretae"	364608		"Species"	"Carnivores"	"No"		"http://nemaplex.ucdavis.edu/"
"k__Metazoa;p__Arthropoda;c__Insecta;o__Diptera;f__Cecidomyiidae;g__Oligotrophus;s__Oligotrophus juniperinus"	365599	"Tipula juniperana"	"Species"	"Herbivores"	"No"	"Causes leaf galls on the branches of Juniperus"	"Skuhravá, M., Skuhravý, V., 2012. Gall midges (Diptera: Cecidomyiidae: Cecidomyiinae) of Norway. Acta Societatis Zoologicae Bohemicae 76(1-2), 85-125."
"k__Metazoa;p__Arthropoda;c__Insecta;o__Diptera;f__Cecidomyiidae;g__Oligotrophus;s__Oligotrophus panteli"	365600		"Species"	"Herbivores"	"No"	"Causes leaf galls on the branches of Juniperus"	"Harris, K.M., Sato, S., Uechi, N., Yukawa, J., 2006. Redefinition of Oligotrophus (Diptera: Cecidomyiidae) based on morphological and molecular attributes of species from galls on Juniperus (Cupressaceae) in Britain and Japan. Entomological Science 9(4), 411–421. https://doi.org/10.1111/j.1479-8298.2006.00187.x"
"k__Metazoa;p__Arthropoda;c__Insecta;o__Diptera;f__Calliphoridae;g__Calliphora;s__Calliphora loewi"	367294		"Species"	"Omnivores"	"Yes"	"Larvae are detritivores, adults feed on sugary substances"	"Entwistle, P.F., Johnson, C.G., Dunn, E., 1959. New Pests of Cocoa (Theobroma cacao L.) in Ghana following Applications of Insecticides. Nature 184(4704), 2040–2040. https://doi.org/10.1038/1842040a0 / Saari, S., Näreaho, A., Nikander, S., 2018. Canine Parasites and Parasitic Diseases. Academic Press, London. https://doi.org/10.1016/C2016-0-05286-5"
"k__Metazoa;p__Nematoda;c__Enoplea;o__Triplonchida;f__Trichodoridae;g__Paratrichodorus;s__Paratrichodorus divergens"	368043		"Species"	"Herbivores"	"No"		"http://nemaplex.ucdavis.edu/"
"k__Metazoa;p__Arthropoda;c__Insecta;o__Diptera;f__Hybotidae;g__Trichinomyia;s__Trichinomyia flavipes"	369858		"NA"	"NA"	"NA"		
"k__Metazoa;p__Arthropoda;c__Insecta;o__Diptera;f__Empididae;g__Oreogeton;s__Oreogeton scopifer"	369869	"Gloma scopifer"	"Species"	"Carnivores"	"No"		"Glime, J.M., 2017. Aquatic Insects: Holometabola – Diptera, Suborder Brachycera. In: Glime, J. M. (Ed.), Bryological Interaction 2(11-14), Michigan Technological University, Houghton, pp. 2-11."
"k__Metazoa;p__Arthropoda;c__Collembola;o__Entomobryomorpha;f__Isotomidae;g__Isotomiella;s__Isotomiella minor"	370032	"Isotoma minor"	"Species"	"Fungivores"	"No"		"Tranvik, L., Eijsackers, H., 1989. On the advantage of Folsomia fimetarioides over Isotomiella minor (Collembola) in a metal polluted soil. Oecologia 80(2), 195–200. https://doi.org/10.1007/bf00380150."
"k__Metazoa;p__Arthropoda;c__Arachnida;o__Araneae;f__Dictynidae;g__Argyroneta;s__Argyroneta aquatica"	375087	"Araneus aquaticus"	"Species"	"Carnivores"	"No"	"Mosquito predator"	"Perevozkin, V.P., Lukyantsev, S.V., Gordeev, M.I., 2004. Comparative Analysis of Foraging Behavior in Aquatic and Semiaquatic Spiders of the Genera Argyroneta, Dolomedes, Pirata, and Pardos.Russian Journal of Ecology 35(2), 103–109. https://doi.org/10.1023/b:ruse.0000018935.70179"
"k__Metazoa;p__Arthropoda;c__Insecta;o__Diptera;f__Phoridae;g__Pseudacteon"	378799		"Genus"	"Omnivores"	"Yes"	"Larvae are parasitoids of ants, adults feed on honeydew, plant sap, and nectar"	"Morrison, L. W., 2012. Biological Control of Solenopsis Fire Ants by Pseudacteon Parasitoids: Theory and Practice. Psyche: A Journal of Entomology 2012, 1–11. https://doi.org/10.1155/2012/424817 /  Porter, S.D., Morrison, L.W., 2021. Fire ant decapitating fly (Pseudacteon spp.). New York State Integrated Pest Management, Cornell University. Available at: https://cals.cornell.edu/new-york-state-integrated-pest-management/outreach-education/fact-sheets/fire-ant-decapitating-fly-pseudacteon-spp"
"k__Metazoa;p__Arthropoda;c__Insecta;o__Diptera;f__Ceratopogonidae;g__Forcipomyia;s__Forcipomyia bipunctata"	381077		"NA"	"NA"	"NA"		
"k__Metazoa;p__Arthropoda;c__Insecta;o__Diptera;f__Ceratopogonidae;g__Forcipomyia;s__Forcipomyia tenuis"	381079	"Ceratopogon tenuis"	"NA"	"NA"	"NA"		
"k__Metazoa;p__Nematoda;c__Chromadorea;o__Rhabditida;f__Pratylenchidae;g__Pratylenchus;s__Pratylenchus hippeastri"	384640	"Nematoda sp. HEREDIA"	"Species"	"Herbivores"	"No"		"http://nemaplex.ucdavis.edu/"
"k__Metazoa;p__Arthropoda;c__Arachnida;o__Trombidiformes;f__Lordalychidae"	386818		"Family"	"Fungivores"	"No"	"Probably feeds on fungi"	"Walter, D.E., Latonas, S., 2011. Almanac of Alberta Acari Part II, The Royal Alberta Museum, Edmonton (AB)."
"k__Metazoa;p__Arthropoda;c__Arachnida;o__Sarcoptiformes;f__Oehserchestidae"	386821		"Family"	"Fungivores"	"No"		"Walter, D.E., Latonas, S., 2011. Almanac of Alberta Acari Part II, The Royal Alberta Museum, Edmonton (AB)."
"k__Metazoa;p__Arthropoda;c__Ostracoda;o__Podocopida;f__Cyprididae;g__Strandesia;s__Strandesia uenoi"	388411		"NA"	"NA"	"NA"		
"k__Metazoa;p__Arthropoda;c__Insecta;o__Hemiptera;f__Cixiidae;g__Oliarus;s__Oliarus slossonae"	390106		"Species"	"Herbivores"	"No"		"https://flow.hemiptera-databases.org/flow/?page=explorer&db=flow&lang=en&card=autotext&id=21425&loading=1"
"k__Metazoa;p__Arthropoda;c__Arachnida;o__Trombidiformes;f__Eupodidae"	393868		"Family"	"Fungivores"	"No"		"Coleman, D.C., Crossley Jr., D.A., Hendrix, P.F., 2004. Fundamentals of soil ecology, second ed. Elsevier, Amsterdam. https://doi.org/10.1016/C2015-0-04083-7"
"k__Metazoa;p__Arthropoda;c__Insecta;o__Coleoptera;f__Helophoridae;g__Helophorus;s__Helophorus arvernicus"	395079		"NA"	"NA"	"NA"		
"k__Metazoa;p__Arthropoda;c__Insecta;o__Diptera;f__Mycetophilidae;g__Boletina"	397111		"Genus"	"Detritivores"	"No"	"Larvae feed on detritus and fungi"	"Martinsson, S., Kjærandsen, J. Sundberg, P., 2011. Towards a molecular phylogeny of the fungus gnat genus Boletina (Diptera: Mycetophilidae). Zoologica Scripta 40, 272-281. https://doi.org/10.1111/j.1463-6409.2011.00474.x"
"k__Metazoa;p__Arthropoda;c__Insecta;o__Diptera;f__Mycetophilidae;g__Epicypta"	397117		"Genus"	"Fungivores"	"No"	"Larvae are likely fungivores"	"Jakovlev, J., 2012. Fungal hosts of mycetophilids (Diptera: Sciaroidea excluding Sciaridae): a review. Mycology 3(1), 11–23. https://doi.org/10.1080/21501203.2012.662533"
"k__Metazoa;p__Arthropoda;c__Insecta;o__Diptera;f__Mycetophilidae;g__Phronia"	397119		"Genus"	"Fungivores"	"No"		"Jakovlev, J., 2012. Fungal hosts of mycetophilids (Diptera: Sciaroidea excluding Sciaridae): a review. Mycology 3(1), 11–23. https://doi.org/10.1080/21501203.2012.662533"
"k__Metazoa;p__Arthropoda;c__Insecta;o__Diptera;f__Mycetophilidae;g__Exechia"	397139		"Genus"	"Fungivores"	"No"		"Hackman, W., Meinander, M., 1979. Diptera feeding as larvae on macrofungi in Finland. Annales Zoologici Fennici 16, 50–83."
"k__Metazoa;p__Arthropoda;c__Insecta;o__Diptera;f__Mycetophilidae;g__Mycetophila"	397146		"Genus"	"Fungivores"	"No"	"Larvae feed on fungi"	"Jakovlev, J., 2012. Fungal hosts of mycetophilids (Diptera: Sciaroidea excluding Sciaridae): a review. Mycology 3(1), 11–23. https://doi.org/10.1080/21501203.2012.662533"
"k__Metazoa;p__Arthropoda;c__Insecta;o__Coleoptera;f__Curculionidae;g__Barypeithes;s__Barypeithes pellucidus"	397350	"Barypeithes (Exomias) pellucidus;Exomias pellucidus"	"Species"	"Herbivores"	"No"		"Bouchard, P., Bostanian, N. J., 2004. A survey of weevils in Quebec vineyards. In: The 2004 ESA Annual Meeting and Exhibition, 7-10 November 2004, Salt Lake City, Utah. Entomological Society of America."
"k__Metazoa;p__Arthropoda;c__Insecta;o__Thysanoptera;f__Thripidae;g__Thrips;s__Thrips nigropilosus"	407017		"Species"	"Herbivores"	"No"		"https://thripsnet.zoologie.uni-halle.de/key-server-neu/data/0a0b0a0e-0d03-4106-8306-08060a080902/media/Html/Thrips%20nigropilosus.html#:~:text=Thrips%20nigropilosus%20is%20a%20common,shorter%20than%20width%20of%20thorax)."
"k__Metazoa;p__Nematoda;c__Chromadorea;o__Rhabditida;f__Aphelenchoididae;g__Aphelenchoides;s__Aphelenchoides ritzemabosi"	409481	"Aphelenchus ritzemabosi"	"Species"	"Fungivores"	"No"		"http://nemaplex.ucdavis.edu/"
"k__Metazoa;p__Nematoda;c__Chromadorea;o__Rhabditida;f__Telotylenchidae;g__Tylenchorhynchus;s__Tylenchorhynchus leviterminalis"	410331		"Species"	"Herbivores"	"No"		"http://nemaplex.ucdavis.edu/"
"k__Metazoa;p__Arthropoda;c__Arachnida;o__Sarcoptiformes;f__Camisiidae;g__Camisia;s__Camisia biurus"	412820		"NA"	"NA"	"NA"		
"k__Metazoa;p__Arthropoda;c__Branchiopoda;o__Diplostraca;f__Macrotrichidae;g__Wlassicsia;s__Wlassicsia pannonica"	423272		"NA"	"NA"	"NA"		
"k__Metazoa;p__Arthropoda;c__Insecta;o__Coleoptera;f__Latridiidae;g__Melanophthalma"	433122		"Genus"	"Fungivores"	"No"		"Abied, M.K.A., Salem, M.M., 2014. Taxonomic studies on family Lathridiidae (order: Coleoptera) in Egypt. Journal of Plant Protection and Pathology 5(1), 131-149."
"k__Metazoa;p__Arthropoda;c__Insecta;o__Coleoptera;f__Chaetosomatidae;g__Dasytidius;s__Dasytidius gracilis"	433213		"NA"	"NA"	"NA"		
"k__Metazoa;p__Nematoda;c__Chromadorea;o__Rhabditida;f__Thelastomatidae;g__Leidynema"	435734		"Genus"	"Carnivores"	"No"		"http://nemaplex.ucdavis.edu/"
"k__Metazoa;p__Nematoda;c__Chromadorea;o__Rhabditida;f__Sphaerulariidae;g__Sphaerularia;s__Sphaerularia vespae"	436487		"Species"	"Carnivores"	"No"		"Kanzaki, N., Kosaka, H., Sayama, K., Takahashi, J., Makino, S., 2007. Sphaerularia vespae sp. nov. (Nematoda, Tylenchomorpha, Sphaerularioidea), an Endoparasite of a Common Japanese Hornet, Vespa simillima Smith (Insecta, Hymenoptera, Vespidae). Zoological Science 24(11), 1134–1142. https://doi.org/10.2108/zsj.24.1134."
"k__Metazoa;p__Nematoda;c__Enoplea;o__Enoplida;f__Trischistomatidae;g__Tripylina"	438483		"Genus"	"Carnivores"	"No"		"http://nemaplex.ucdavis.edu/"
"k__Metazoa;p__Arthropoda;c__Collembola;o__Neelipleona;f__Neelidae;g__Megalothorax"	438499		"Genus"	"Microbivores"	"No"		"Schneider, C., Zon, S.D., D’Haese, C.A., 2018. Megalothorax laevis (Neelipleona, Neelidae): Account of a neglected springtail widely distributed in the intertropical zone. International Journal of Tropical Insect Science 38(3), 168–191. https://doi.org/10.1017/s1742758418000024"
"k__Metazoa;p__Arthropoda;c__Collembola;o__Neelipleona;f__Neelidae;g__Megalothorax;s__Megalothorax minimus"	438500		"Species"	"Bacterivores"	"No"		"Gillet, S., Ponge, J.-F., 2005. Species assemblages and diets of Collembola in the organic matter accumulated over an old tar deposit. European Journal of Soil Biology 41(1–2), 39–44. https://doi.org/10.1016/j.ejsobi.2005.07.001"
"k__Metazoa;p__Arthropoda;c__Diplopoda;o__Julida;f__Julidae;g__Cylindroiulus;s__Cylindroiulus caeruleocinctus"	438504	"Iulus caeruleocinctus"	"Species"	"Detritivores"	"No"		"Ardestani, M., Šustr, V., Frouz, J., 2019. Consumption Performance of Five Detritivore Species Feeding on Alnus glutinosa L. leaf Litter in a Microcosm Experiment. Forests 10(12), 1080. https://doi.org/10.3390/f10121080"
"k__Metazoa;p__Arthropoda;c__Insecta;o__Coleoptera;f__Tenebrionidae;g__Cteniopus;s__Cteniopus sulphureus"	442086	"Chrysomela sulphurea;Cteniopus flavus"	"Species"	"Omnivores"	"Yes "	"Larvae are detritivores, adults feed on pollen and nectar"	"Dura, T., 2015. Cteniopus sulphureus L., coleottero Tenebrionidæ Alleculinæ, nuovo potenziale impollinatore occasionale di Himantoglossum adriaticum. GIROS Orch. Spont. Eur. 58(1), 160-165. / Morozko, A., Kolesnichenko, O., Puzrina, N. 2021. Analysis of the species composition of prevailing pests of Araliaceae Juss. In Kyiv, Ukraine. AgroLife Scientific Journal, 10(2)."
"k__Metazoa;p__Arthropoda;c__Insecta;o__Coleoptera;f__Throscidae;g__Trixagus;s__Trixagus carinifrons"	442101		"Species"	"Fungivores"	"No"		"Piętka, J., Borowski, J., Byk, A., 2022. Tree-fungus beetles collected on sawdust substrate with mycelium of selected fungal species on trees at the Experimental Forest Station in Rogów (central Poland). Bonn Zoological Bulletin 71(1)."
"k__Metazoa;p__Arthropoda;c__Insecta;o__Coleoptera;f__Ptiliidae;g__Pteryx;s__Pteryx suturalis"	442149		"Species"	"Fungivores"	"No"		"Thunes, K.H., Willassen, E., 1997. Species composition of beetles (Coleoptera) in the bracket fungi Piptoporus betulinus and Fomes fomentarius (Aphyllophorales: Polyporaceae): an explorative approach with canonical correspondence analysis. Journal of Natural History 31(3), 471–486. https://doi.org/10.1080/00222939700770241"
"k__Metazoa;p__Arthropoda;c__Insecta;o__Coleoptera;f__Elateridae;g__Selatosomus;s__Selatosomus aeneus"	445448		"Species"	"Herbivores"	"No"	"Larvae are phytophagous"	"Mulerčikas P., Tamutis V., Kazlauskaitė S., 2012. Species Composition and Abundance of Click-Beetles (Coleoptera, Elateridae) in Agrobiocenozes in Southern Lithuania. Polish Journal of Environmental Studies 21(2), 425-433."
"k__Metazoa;p__Nematoda;c__Chromadorea;o__Plectida;f__Plectidae;g__Plectus;s__Plectus minimus"	446301		"Species"	"Bacterivores"	"No"		"http://nemaplex.ucdavis.edu/"
"k__Metazoa;p__Arthropoda;c__Insecta;o__Ephemeroptera;f__Leptophlebiidae;g__Habroleptoides;s__Habroleptoides confusa"	446377		"NA"	"NA"	"NA"		
"k__Metazoa;p__Arthropoda;c__Insecta;o__Ephemeroptera;f__Heptageniidae;g__Heptagenia;s__Heptagenia sulphurea"	446444	"Ephemera sulphurea"	"Species"	"Detritivores"	"No"		"Peeters, E.T.H.M., Brugmans, B.T.M.J., Beijer, J.A.J., Franken, R.J.M., 2006. Effect of Silt, Water and Periphyton Quality on Survival and Growth of the Mayfly Heptagenia  Sulphurea. Aquatic Ecology 40(3), 373–380. https://doi.org/10.1007/s10452-005-9026-y"
"k__Metazoa;p__Arthropoda;c__Insecta;o__Ephemeroptera;f__Leptophlebiidae;g__Paraleptophlebia;s__Paraleptophlebia submarginata"	446454	"Ephemera submarginata"	"Species"	"Detritivores"	"No"		"López-Rodríguez, M.J., Figueroa, J., Alba-Tercedor, J., 2010. Comparative study of the nymphal biology of two coexisting species of mayflies (Insecta: Ephemeroptera) in a Mediterranean stream in Southern Europe. International Review of Hydrobiology 95, 58–71. https://doi.org/10.1002/iroh.200811197."
"k__Metazoa;p__Arthropoda;c__Insecta;o__Thysanoptera;f__Phlaeothripidae;g__Haplothrips;s__Haplothrips aculeatus"	450991	"Haplothrips (Haplothrips) aculeatus;Thrips aculeatus"	"Species"	"Herbivores"	"No"		"Kalaisekar, A., Padmaja, P.G., Bhagwat, V.R., Patil, J.V., 2017. Systematics and Taxonomy. In: Kalaisekar, A., Padmaja, P.G., Bhagwat, V.R., Patil, J.V. (Eds.), Insect Pests of Millets. Academic Press, London, pp. 27–72. https://doi.org/10.1016/b978-0-12-804243-4.00002-1"
"k__Metazoa;p__Arthropoda;c__Insecta;o__Diptera;f__Ceratopogonidae;g__Forcipomyia;s__Forcipomyia hygrophila"	451884		"NA"	"NA"	"NA"		
"k__Metazoa;p__Arthropoda;c__Insecta;o__Hemiptera;f__Reduviidae;g__Sycanus;s__Sycanus croceovittatus"	452395	"Cimex bifidus;Reduvius bifidus;Sycanus croceovittatus;Sycanus leucomesus;Sycanus villicus"	"Species"	"Carnivores"	"No"		"Wu, C., Li, L., Wang, Y., Wei, S., Zhu, J., 2023. Morphological, functional, compositional and transcriptional constraints shape the distinct venom profiles of the assassin bug Sycanus croceovittatus. International Journal of Biological Macromolecules 250, 126162. https://doi.org/10.1016/j.ijbiomac.2023.126162"
"k__Metazoa;p__Nematoda;c__Enoplea;o__Trichinellida;f__Capillariidae;g__Eucoleus"	455382		"Genus"	"Carnivores"	"No"		"http://nemaplex.ucdavis.edu/"
"k__Metazoa;p__Nematoda;c__Chromadorea;o__Rhabditida;f__Neotylenchidae;g__Ficotylus;s__Ficotylus congestae"	458166		"Species"	"Herbivores"	"No"		"http://nemaplex.ucdavis.edu/"
"k__Metazoa;p__Nematoda;c__Chromadorea;o__Monhysterida;f__Monhysteridae;g__Geomonhystera;s__Geomonhystera villosa"	459097	"Monhystera villosa"	"Species"	"Bacterivores"	"No"		"http://nemaplex.ucdavis.edu/"
"k__Metazoa;p__Tardigrada;c__Eutardigrada;o__Parachela;f__Isohypsibiidae;g__Isohypsibius;s__Isohypsibius prosostomus"	459430	"Hypsibius prosostomus"	"Species"	"Carnivores"	"No"		"Schill, R.O. (Ed.), 2019. Water Bears: The Biology of Tardigrades, Springer, Cham."
"k__Metazoa;p__Tardigrada;c__Eutardigrada;o__Parachela;f__Ramazzottiidae;g__Ramazzottius;s__Ramazzottius oberhaeuseri"	459434	"Hypsibius oberhaeuseri"	"Species"	"Herbivores"	"No"		"Lehmann, R.E., Shively, S.D., Miller, W.R., 2007. Tardigrades of North America: An historical collection from Kansas and Missouri. Transactions of the Kansas Academy of Science 110(3), 169–178. https://doi.org/10.1660/0022-8443(2007)110[169:tonaah]2.0.co;2"
"k__Metazoa;p__Arthropoda;c__Insecta;o__Zygentoma;f__Nicoletiidae;g__Atelura;s__Atelura formicaria"	459531		"Species"	"Detritivores"	"No"		"Scholtz, G., 2021. Ein neuer Fund des Ameisenfischchens Atelura formicaria in Berlin. Sitzungsberichte der Gesellschaft Naturforschender Freunde zu Berlin (N.F.) 55, 69–77."
"k__Metazoa;p__Arthropoda;c__Insecta;o__Coleoptera;f__Scarabaeidae;g__Hoplia;s__Hoplia graminicola"	465125	"Melolontha graminicola"	"Species"	"Herbivores"	"No"		"Perry, E.J., UC Cooperative Extension (emeritus), Stanislaus Co., 2020. Hoplia beetles. UC IPM Pest Notes. University of California Agriculture and Natural Resources. Available at: https://ipm.ucanr.edu/PMG/PESTNOTES/pn7499.html"
"k__Metazoa;p__Arthropoda;c__Insecta;o__Plecoptera;f__Perlodidae;g__Isoperla;s__Isoperla oxylepis"	466564	"Chloroperla grammatica oxylepis"	"NA"	"NA"	"NA"		
"k__Metazoa;p__Arthropoda;c__Insecta;o__Plecoptera;f__Leuctridae;g__Leuctra;s__Leuctra inermis"	466568		"Species"	"Omnivores"	"Yes"	"Nymphs are mainly detritivores, adults feed on pollen or other sugar solutions"	"Lancaster, J., Waldron, S., 2001. Stable isotope values of lotic invertebrates: Sources of variation, experimental design, and statistical interpretation. Limnology and Oceanography 46(3), 723–730. https://doi.org/10.4319/lo.2001.46.3.0723 / Mc Conigley, C., Lally, H., Kelly-Quinn, M., 2020. Investigating the feeding preferences of adult Leuctra inermis, for the pollen of typical riparian tree species. Biology and Environment: Proceedings of the Royal Irish Academy 120B(3), 203–207. https://doi.org/10.1353/bae.2020.0004"
"k__Metazoa;p__Arthropoda;c__Insecta;o__Plecoptera;f__Nemouridae;g__Protonemura;s__Protonemura meyeri"	466578	"Nemoura meieri;Nemoura meyeri;Protonemoura meyeri"	"Species"	"Omnivores"	"Yes "	"Nymphs are mainly detritivores, adults feed also on pollen"	"Rúa, J., Tierno De Figueroa, J.M., Garrido, J., 2017. Contribution to the knowledge of the adult feeding of Nemouroidea stoneflies (Insecta: Plecoptera). Entomological Science 20(1), 235–244. https://doi.org/10.1111/ens.12252 / Feeley, H. B., Kelly-Quinn, M., 2015. The nymphal diet of the stonefly Protonemura meyeri (Pictet) (Plecoptera: Nemouridae) in four episodically acidic headwater streams in Ireland. The Irish Naturalists’ Journal 34(2), 104–109. http://www.jstor.org/stable/44577794"
"k__Metazoa;p__Arthropoda;c__Insecta;o__Plecoptera;f__Chloroperlidae;g__Chloroperla;s__Chloroperla tripunctata"	466662		"Species"	"Omnivores"	"No"	"Adults of this family are known to feed on a range of pollen types (e.g. conifer), fine particulate organic matter, coarse particulate organic matter, and spores and hyphae of ascomycetes fungi and may actually predate"	"Feeley, H.B., Baars J-R., Kelly-Quinn, M., 2016. The Stonefly (Plecoptera) of Ireland – Distribution, Life Histories & Ecology. National Biodiversity Data Centre, Waterford."
"k__Metazoa;p__Tardigrada;c__Eutardigrada;o__Parachela;f__Hypsibiidae;g__Acutuncus"	467036		"NA"	"NA"	"NA"		
"k__Metazoa;p__Tardigrada;c__Eutardigrada;o__Parachela;f__Hypsibiidae;g__Acutuncus;s__Acutuncus antarcticus"	467037	"Macrobiotus antarcticus"	"NA"	"NA"	"NA"		
"k__Metazoa;p__Arthropoda;c__Insecta;o__Diptera;f__Asilidae;g__Neoitamus;s__Neoitamus cyanurus"	468767	"Itamus cyanurus"	"Species"	"Carnivores"	"No"		"Kone, M., Coulibaly, D., Doh, F., Sangare, W.K., Tuo, Y., 2024. Effect of crop association on insect pest diversity in northern Côte d’Ivoire. Journal of Entomology and Zoology Studies 12(4), 56–62. https://doi.org/10.22271/j.ento.2024.v12.i4a.9350"
"k__Metazoa;p__Arthropoda;c__Arachnida;o__Araneae;f__Tetragnathidae;g__Leucauge;s__Leucauge argyra"	472971	"Tetragnatha argyra"	"Species"	"Carnivores"	"No"		"Aisenberg, A., Barrantes, G., 2011. Sexual behavior, cannibalism, and mating plugs as sticky traps in the orb weaver spider Leucauge argyra (Tetragnathidae). Naturwissenschaften 98(7), 605–613. https://doi.org/10.1007/s00114-011-0807-y"
"k__Metazoa;p__Arthropoda;c__Arachnida;o__Araneae;f__Tetragnathidae;g__Metellina;s__Metellina merianae"	473146	"Aranea merianae"	"Species"	"Carnivores"	"No"		"Novak, T., Tkavc, T., Kuntner, M., Arnett, A.E., Delakorda, S.L., Perc, M., Janžekovič, F., 2010. Niche partitioning in orbweaving spiders Meta menardi and Metellina merianae (Tetragnathidae). Acta Oecologica 36(6), 522–529. https://doi.org/10.1016/j.actao.2010.07.005"
"k__Metazoa;p__Nematoda;c__Chromadorea;o__Rhabditida;f__Rhabditidae;g__Rhabditis;s__Rhabditis brassicae"	473155		"Species"	"Bacterivores"	"No"		"http://nemaplex.ucdavis.edu/"
"k__Metazoa;p__Nematoda;c__Chromadorea;o__Rhabditida;f__Rhabditidae;g__Oscheius;s__Oscheius dolichura"	473156	"Dolichorhabditis dolichura"	"Species"	"Bacterivores"	"No"		"http://nemaplex.ucdavis.edu/"
"k__Metazoa;p__Nematoda;c__Chromadorea;o__Rhabditida;f__Rhabditidae;g__Choriorhabditis;s__Choriorhabditis cristata"	473158		"Species"	"Bacterivores"	"No"		"Vrielink J.O., 2022. Characterizing nematode communities in various types of environmental samples using Oxford Nanopore sequencing.  Wageningen University, Thesis, 28 pp. https://edepot.wur.nl/575615"
"k__Metazoa;p__Nematoda;c__Chromadorea;o__Rhabditida;f__Rhabditidae;g__Pelodera;s__Pelodera pseudoteres"	473159	"Rhabditis pseudoteres"	"Species"	"Bacterivores"	"No"		"http://nemaplex.ucdavis.edu/"
"k__Metazoa;p__Arthropoda;c__Arachnida;o__Sarcoptiformes;f__Acaridae;g__Sancassania;s__Sancassania nesbitti"	474070	"Sancassania (Rhizoglyphoides) nesbitti"	"NA"	"NA"	"NA"		
"k__Metazoa;p__Arthropoda;c__Arachnida;o__Sarcoptiformes;f__Acaridae;g__Naiadacarus;s__Naiadacarus arboricola"	474228		"Species"	"Detritivores"	"No"		"Fashing, N.J., 1975. Life history and general biology of Naiadacarus arboricola Fashing, a mite inhabiting water-filled treeholes (Acarina: Acaridae). Journal of Natural History 9(4), 413–424. https://doi.org/10.1080/00222937500770321"
"k__Metazoa;p__Arthropoda;c__Arachnida;o__Sarcoptiformes;f__Acaridae;g__Schwiebea;s__Schwiebea pseudotsugae"	474285		"NA"	"NA"	"NA"		
"k__Metazoa;p__Arthropoda;c__Insecta;o__Coleoptera;f__Scarabaeidae;g__Onthophagus;s__Onthophagus nigriventris"	476074		"NA"	"NA"	"NA"		
"k__Metazoa;p__Nematoda;c__Chromadorea;o__Rhabditida;f__Diplogasteridae;g__Acrostichus"	479149		"Genus"	"Bacterivores"	"No"		"http://nemaplex.ucdavis.edu/"
"k__Metazoa;p__Nematoda;c__Chromadorea;o__Rhabditida;f__Rhabditidae;g__Cephaloboides;s__Cephaloboides nidrosiensis"	479151		"Species"	"Bacterivores"	"No"		"http://nemaplex.ucdavis.edu/"
"k__Metazoa;p__Nematoda;c__Chromadorea;o__Rhabditida;f__Rhabditidae;g__Oscheius;s__Oscheius guentheri"	479154		"Species"	"Bacterivores"	"No"		"http://nemaplex.ucdavis.edu/"
"k__Metazoa;p__Arthropoda;c__Insecta;o__Diptera;f__Mycetophilidae;g__Epicypta;s__Platurocypta testata"	480150		"Species"	"Fungivores"	"No"		"Rollins, A.W., Stephenson, S.L., 2011. Global distribution and ecology of myxomycetes. Plant biology 12(1), 1-14."
"k__Metazoa;p__Arthropoda;c__Arachnida;o__Trombidiformes;f__Demodicidae;g__Demodex;s__Demodex folliculorum"	481310		"Species"	"Detritivores"	"No"	"Usually found in the upper canal of the pilo-sebaceous unit and uses skin cells and sebum for nourishmen"	"Rather, P.A., Hassan, I., 2014. Human demodex mite: the versatile mite of dermatological importance. Indian journal of dermatology 59(1), 60."
"k__Metazoa;p__Nematoda;c__Enoplea;o__Trichinellida;f__Trichuridae;g__Trichuris;s__Trichuris discolor"	483153	"Trichocephalus discolor"	"Species"	"Carnivores"	"No"		"Collins, R., Cranwell, M., Mitchell, S., Wessels, M.E., Bradshaw, J., Allen, K., 2013. Trichuris discolor contributing to ill-thrift and diarrhoea in housed bullocks. Cattle Practice 21, 98–100."
"k__Metazoa;p__Nematoda;c__Chromadorea;o__Rhabditida;f__Aphelenchoididae;g__Ektaphelenchus;s__Ektaphelenchus obtusus"	483518		"Species"	"Carnivores"	"No"		"http://nemaplex.ucdavis.edu/"
"k__Metazoa;p__Arthropoda;c__Insecta;o__Coleoptera;f__Carabidae;g__Pterostichus;s__Pterostichus strenuus"	484362	"Pterostichus (Phonias) strenuus"	"Species"	"Carnivores"	"No"		"Hengeveld, R., 1979. Food Specialization in Ground Beetles: an Ecological or a Phylogenetic Process? (Coleoptera, Carabidae). Netherlands Journal of Zoology 30(4), 585–594. https://doi.org/10.1163/002829679x00205"
"k__Metazoa;p__Nematoda;c__Chromadorea;o__Rhabditida;f__Tylenchidae;g__Tylenchus;s__Tylenchus arcuatus"	492086		"Species"	"Herbivores"	"No"		"http://nemaplex.ucdavis.edu/"
"k__Metazoa;p__Nematoda;c__Chromadorea;o__Rhabditida;f__Tylopharyngidae;g__Tylopharynx;s__Tylopharynx foetidus"	492100	"Aphelenchus foetida"	"Species"	"Fungivores"	"No"		"http://nemaplex.ucdavis.edu/"
"k__Metazoa;p__Arthropoda;c__Insecta;o__Trichoptera;f__Limnephilidae;g__Chaetopterygopsis;s__Chaetopterygopsis maclachlani"	492548		"Species"	"Herbivores"	"No"		"Glime, J.M. 2017. Aquatic Insects: Holometabolous Insects – Trichoptera, Suborders Integripalpia and Spicipalpia. In: Glime, J. M. (Ed.), Bryophyte Ecology 2(11-12), Michigan Technological University, Houghton, pp. 2-31."
"k__Metazoa;p__Arthropoda;c__Insecta;o__Trichoptera;f__Limnephilidae;g__Consorophylax;s__Consorophylax consors"	492552	"Stenophylax consors"	"NA"	"NA"	"NA"		
"k__Metazoa;p__Tardigrada;c__Eutardigrada;o__Parachela;f__Isohypsibiidae;g__Isohypsibius;s__Isohypsibius papillifer"	500482		"NA"	"NA"	"NA"		
"k__Metazoa;p__Nematoda;c__Chromadorea;o__Rhabditida;f__Hoplolaimidae;g__Rotylenchus;s__Rotylenchus jaeni"	501211		"Species"	"Herbivores"	"No"		"http://nemaplex.ucdavis.edu/"
"k__Metazoa;p__Nematoda;c__Chromadorea;o__Rhabditida;f__Aphelenchoididae;g__Aphelenchoides;s__Aphelenchoides heidelbergi"	502183	"Laimaphelenchus heidelbergi"	"Species"	"Fungivores"	"No"		"http://nemaplex.ucdavis.edu/"
"k__Metazoa;p__Arthropoda;c__Arachnida;o__Sarcoptiformes;f__Ctenacaridae;g__Ctenacarus"	503172		"Genus"	"NA"	"NA"		
"k__Metazoa;p__Arthropoda;c__Arachnida;o__Sarcoptiformes;f__Mycobatidae;g__Mycobates;s__Mycobates parmeliae"	503575		"Species"	"Herbivores"	"No"	"Feeds on lichens"	"Maraun, M., Erdmann, G., Fischer, B.M., Pollierer, M.M., Norton, R.A., Schneider, K., Scheu, S., 2011. Stable isotopes revisited: Their use and limits for oribatid mite trophic ecology. Soil Biology and Biochemistry 43(5), 877–882. https://doi.org/10.1016/j.soilbio.2011.01.003"
"k__Metazoa;p__Arthropoda;c__Arachnida;o__Sarcoptiformes;f__Scheloribatidae;g__Scheloribates;s__Scheloribates ascendens"	503576		"Species"	"Fungivores"	"No"	"Feeds on arboricol fungi and mosses"	"Cordes, P.H., Maraun, M., Schaefer, I., 2022. Dispersal patterns of oribatid mites across habitats and seasons. Experimental and Applied Acarology 86(2), 173–187. https://doi.org/10.1007/s10493-022-00686-y"
"k__Metazoa;p__Arthropoda;c__Arachnida;o__Sarcoptiformes;f__Epilohmanniidae"	503585		"Family"	"Detritivores"	"No"	"They stay temporarily feeding on construction material like phytophagous (Ph) mites that feed on the partially degraded vegetables remains"	"Alonso, A., Garrido, J., 2009. Arthropods in shag (Phalacrocorax aristotelis) nests from the National Park of the Atlantic Islands (NW Spain): occurrence and abundance at different breeding phases. Vie et Milieu/Life & Environment, 59–68."
"k__Metazoa;p__Arthropoda;c__Arachnida;o__Sarcoptiformes;f__Atopochthoniidae;g__Atopochthonius;s__Atopochthonius artiodactylus"	503587		"NA"	"NA"	"NA"		
"k__Metazoa;p__Arthropoda;c__Arachnida;o__Sarcoptiformes;f__Ceratoppiidae;g__Ceratoppia;s__Ceratoppia bipilis"	503588		"Species"	"Fungivores"	"No"		"Nae, I., Nae, A., Scheu, S., Maraun, M., 2021. Oribatid mite communities in mountain scree: stable isotopes (15N, 13C) reveal three trophic levels of exclusively sexual species. Experimental and Applied Acarology 83(3), 375–386. https://doi.org/10.1007/s10493-021-00597-4."
"k__Metazoa;p__Arthropoda;c__Arachnida;o__Sarcoptiformes;f__Eremaeidae;g__Eueremaeus;s__Eueremaeus oblongus"	503621	"Eremaeus oblongus"	"Species"	"Herbivores"	"No"	"Microphytophagous"	"Kreibich, E., 2007. Oribatid mites (Oribatida, Acari) in the forests of the northeastern lowlands of Germany and their reaction to different aspects of forest conversion. University of Greifswald, PhD Thesis, 150 pp. https://nbn-resolving.org/urn:nbn:de:gbv:9-000416-2"
"k__Metazoa;p__Arthropoda;c__Arachnida;o__Sarcoptiformes;f__Oribatulidae;g__Phauloppia;s__Phauloppia lucorum"	503639		"Species"	"Omnivores"	"No"		"Siepel, H., Ruiter-Dijkman, E.M., 1993. Feeding guilds of oribatid mites based on their carbohydrase activities. Soil Biology and Biochemistry 25(11), 1491–1497. https://doi.org/10.1016/0038-0717(93)90004-U"
"k__Metazoa;p__Arthropoda;c__Arachnida;o__Sarcoptiformes;f__Scutoverticidae;g__Scutovertex"	504892		"Genus"	"Fungivores"	"No"		"http://taxondiversity.fieldofscience.com/2013/11/licneremaeoidea.html"
"k__Metazoa;p__Tardigrada;c__Eutardigrada;o__Parachela;f__Calohypsibiidae;g__Calohypsibius"	510445		"NA"	"NA"	"NA"		
"k__Metazoa;p__Arthropoda;c__Collembola;o__Entomobryomorpha;f__Tomoceridae;g__Pogonognathellus;s__Pogonognathellus flavescens"	511703	"Macrotoma flavescens"	"NA"	"NA"	"NA"		
"k__Metazoa;p__Arthropoda;c__Hexanauplia;o__Harpacticoida;f__Canthocamptidae;g__Attheyella;s__Attheyella crassa"	512215	"Canthocamptus crassus"	"NA"	"NA"	"NA"		
"k__Metazoa;p__Arthropoda;c__Hexanauplia;o__Harpacticoida;f__Canthocamptidae;g__Itunella;s__Itunella muelleri"	512230	"Paramoraria muelleri"	"NA"	"NA"	"NA"		
"k__Metazoa;p__Nematoda;c__Chromadorea;o__Rhabditida;f__Rhabditidae;g__Mesorhabditis;s__Mesorhabditis miotki"	512416	"Rhabditis miotki"	"Species"	"Bacterivores"	"No"		"http://nemaplex.ucdavis.edu/"
"k__Metazoa;p__Nematoda;c__Chromadorea;o__Rhabditida;f__Diplogasteridae;g__Diplogastrellus"	516119	"Tawdenema"	"Genus"	"Bacterivores"	"No"		"http://nemaplex.ucdavis.edu/"
"k__Metazoa;p__Arthropoda;c__Insecta;o__Trichoptera;f__Limnephilidae;g__Allogamus;s__Allogamus uncatus"	522520		"NA"	"NA"	"NA"		
"k__Metazoa;p__Arthropoda;c__Insecta;o__Lepidoptera;f__Hepialidae;g__Triodia;s__Triodia sylvina"	537462	"Hepialiscus sylvinus;Hepialus sylvina;Hepialus sylvinus;Phalaena sylvina"	"Species"	"Herbivores"	"No"		"Li, C., Li, L., Lu, Z., Sun, Y., Liu, L., Dong, S., Men, X., 2018. Characterization of the complete mitochondrial genome of the orange swift, Triodia sylvina. Mitochondrial DNA Part B 3(2), 533–535. https://doi.org/10.1080/23802359.2018.1467223"
"k__Metazoa;p__Nematoda;c__Chromadorea;o__Rhabditida;f__Ecphyadophoridae;g__Ecphyadophora;s__Ecphyadophora tenuissima"	537483		"Species"	"Herbivores"	"No"		"http://nemaplex.ucdavis.edu/"
"k__Metazoa;p__Nematoda;c__Chromadorea;o__Rhabditida;f__Telotylenchidae;g__Neodolichorhynchus;s__Neodolichorhynchus microphasmis"	537486		"Species"	"Herbivores"	"No"		"http://nemaplex.ucdavis.edu/"
"k__Metazoa;p__Nematoda;c__Chromadorea;o__Rhabditida;f__Criconematidae;g__Ogma;s__Ogma cobbi"	537487	"Iota cobbi"	"Species"	"Herbivores"	"No"		"http://nemaplex.ucdavis.edu/"
"k__Metazoa;p__Nematoda;c__Chromadorea;o__Rhabditida;f__Alloionematidae;g__Alloionema;s__Alloionema appendiculatum"	538900		"Species"	"Bacterivores"	"No"		"http://nemaplex.ucdavis.edu/"
"k__Metazoa;p__Nematoda;c__Chromadorea;o__Rhabditida;f__Angiostomatidae;g__Angiostoma"	538901		"Genus"	"Carnivores"	"No"		"http://nemaplex.ucdavis.edu/"
"k__Metazoa;p__Arthropoda;c__Insecta;o__Coleoptera;f__Coccinellidae;g__Propylaea;s__Propylaea quatuordecimpunctata"	558720	"Calvia quatuordecimpunctata;Propylaea quatuordecimpunctata;Propylea 14-punctata;Propylea quatuordecimpunctata"	"Species"	"Carnivores"	"No"	"Feeds on aphids"	"Obrycki, J.J., Orr, D.B., Orr, C.J., Wallendorf, M., Flanders, R.V., 1993. Comparative Developmental and Reproductive Biology of Three Populations of Propylea quatuordecimpunctata (Coleoptera: Coccinellidae). Biological Control 3(1), 27–33. https://doi.org/10.1006/bcon.1993.1005"
"k__Metazoa;p__Arthropoda;c__Insecta;o__Diptera;f__Muscidae;g__Limnophora;s__Limnophora exuta"	559652	"Calliophrys exuta"	"NA"	"NA"	"NA"		
"k__Metazoa;p__Arthropoda;c__Insecta;o__Diptera;f__Muscidae;g__Limnophora;s__Limnophora olympiae"	559654		"NA"	"NA"	"NA"		
"k__Metazoa;p__Arthropoda;c__Insecta;o__Diptera;f__Muscidae;g__Limnophora;s__Limnophora riparia"	559655		"Species"	"Omnivores"	"Yes"	"Larvae are predators, adults feed on sucrose solution and yeast"	"Merritt, R.W., Wotton, R.S., 1988. The Life History and Behavior of Limnophora riparia (Diptera:Muscidae), a Predator of Larval Black Flies. Journal of the North American Benthological Society 7(1), 1–12. https://doi.org/10.2307/1467826"
"k__Metazoa;p__Arthropoda;c__Insecta;o__Diptera;f__Muscidae;g__Phaonia;s__Phaonia pallida"	559663		"NA"	"NA"	"NA"		
"k__Metazoa;p__Arthropoda;c__Insecta;o__Diptera;f__Muscidae;g__Phaonia;s__Phaonia subventa"	559664		"Species"	"Omnivores"	"Yes"	"Larvae are predators, adults likely detritivores "	"Rotheray, G.E., Wilkinson, G., 2015. Trophic structure and function in the larva of predatory muscid flies (Diptera, Muscidae). Zoomorphology 134(4), 553–563. https://doi.org/10.1007/s00435-015-0284-5 / https://pictureinsect.com/wiki/Phaonia_subventa.html"
"k__Metazoa;p__Arthropoda;c__Insecta;o__Diptera;f__Anthomyiidae;g__Emmesomyia"	559672		"Genus"	"Detritivores"	"No"	"Coprophagous"	"Geiger, M., Moriniere, J., Hausmann, A., Haszprunar, G., Wägele, W., Hebert, P., Rulik, B., 2016. Testing the Global Malaise Trap Program – How well does the current barcode reference library identify flying insects in Germany? Biodiversity Data Journal 4. https://doi.org/10.3897/bdj.4.e10671"
"k__Metazoa;p__Arthropoda;c__Insecta;o__Diptera;f__Muscidae;g__Polietes;s__Polietes lardarius"	559703	"Musca lardaria"	"NA"	"NA"	"NA"		
"k__Metazoa;p__Nematoda;c__Chromadorea;o__Rhabditida;f__Diplogasteridae;g__Demaniella"	560179		"Genus"	"Bacterivores"	"No"		"http://nemaplex.ucdavis.edu/"
"k__Metazoa;p__Nematoda;c__Enoplea;o__Triplonchida;f__Tripylidae;g__Tripylella"	560192		"Genus"	"Carnivores"	"No"		"http://nemaplex.ucdavis.edu/"
"k__Metazoa;p__Nematoda;c__Chromadorea;o__Rhabditida;f__Aphelenchoididae;g__Aphelenchoides;s__Aphelenchoides saprophilus"	560199		"Species"	"Fungivores"	"No"		"http://nemaplex.ucdavis.edu/"
"k__Metazoa;p__Nematoda;c__Chromadorea;o__Rhabditida;f__Bunonematidae;g__Bunonema;s__Bunonema richtersi"	560200		"Species"	"Bacterivores"	"No"		"http://nemaplex.ucdavis.edu/"
"k__Metazoa;p__Nematoda;c__Chromadorea;o__Plectida;f__Plectidae;g__Chronogaster;s__Chronogaster typica"	560201	"Walcherenia typica"	"Species"	"Bacterivores"	"No"		"http://nemaplex.ucdavis.edu/"
"k__Metazoa;p__Nematoda;c__Chromadorea;o__Rhabditida;f__Panagrolaimidae;g__Panagrolaimus;s__Panagrolaimus paetzoldi"	560203		"Species"	"Bacterivores"	"No"		"http://nemaplex.ucdavis.edu/"
"k__Metazoa;p__Nematoda;c__Chromadorea;o__Rhabditida;f__Aphelenchoididae;g__Anomyctus;s__Anomyctus xenurus"	560209		"Species"	"Fungivores"	"No"		"http://nemaplex.ucdavis.edu/"
"k__Metazoa;p__Nematoda;c__Enoplea;o__Triplonchida;f__Bastianiidae;g__Dintheria;s__Dintheria tenuissima"	560211		"Species"	"Bacterivores"	"No"		"http://nemaplex.ucdavis.edu/"
"k__Metazoa;p__Nematoda;c__Chromadorea;o__Rhabditida;f__Diplogasteroididae;g__Diplogasteroides"	560212	"Rhabdontolaimus"	"Genus"	"Bacterivores"	"No"		"http://nemaplex.ucdavis.edu/"
"k__Metazoa;p__Nematoda;c__Chromadorea;o__Rhabditida;f__Diplogasteroididae;g__Diplogasteroides;s__Diplogasteroides magnus"	560213	"Rhabditolaimus magnus"	"Species"	"Bacterivores"	"No"		"http://nemaplex.ucdavis.edu/"
"k__Metazoa;p__Nematoda;c__Chromadorea;o__Plectida;f__Ohridiidae;g__Domorganus;s__Domorganus macronephriticus"	560215		"Species"	"Bacterivores"	"No"		"http://nemaplex.ucdavis.edu/"
"k__Metazoa;p__Platyhelminthes;c__Catenulida;o__;f__Stenostomidae;g__Stenostomum;s__Stenostomum bryophilum"	570253		"NA"	"NA"	"NA"		
"k__Metazoa;p__Platyhelminthes;c__Catenulida;o__;f__Stenostomidae;g__Rhynchoscolex ;s__Rhynchoscolex simplex"	570263		"Family"	"Omnivores"	"No"		"Núñez-Ortiz, A.R., Nandini, S., Nandini, S.S.S., 2016. Demography and feeding behavior of Stenostomum leucops (Dugés, 1828). Journal of Limnology 75(s1). https://doi.org/10.4081/jlimnol.2016.1369"
"k__Metazoa;p__Arthropoda;c__Insecta;o__Lepidoptera;f__Crambidae;g__Eudonia"	572712	"Witlesia"	"Genus"	"Detritivores"	"No"		"Garre, M., Girdley, J., Guerrero, J., Rubio, R., Ortiz, A. S., 2021. An annotated checklist of the Crambidae of the region of Murcia (Spain) with new records, distribution and biological data (Lepidoptera: Pyraloidea, Crambidae). Biodiversity Data Journal 9. https://doi.org/10.3897/bdj.9.e69388"
"k__Metazoa;p__Arthropoda;c__Collembola;o__Entomobryomorpha;f__Tomoceridae;g__Tomocerus;s__Tomocerus kinoshitai"	574224	"Tomocerus kinoshitai"	"NA"	"NA"	"NA"		
"k__Metazoa;p__Tardigrada;c__Eutardigrada;o__Parachela;f__Hypsibiidae;g__Diphascon;s__Diphascon pingue"	576294	"Hypsibius pinguis"	"NA"	"NA"	"NA"		
"k__Metazoa;p__Tardigrada;c__Eutardigrada;o__Parachela;f__Hypsibiidae;g__Hypsibius;s__Hypsibius convergens"	576298	"Macrobiotus convergens"	"Species"	"Microbivores"	"No"		"Guidetti, R., Colavita, C., Altiero, T., Bertolani, R., Rebecchi, L., 2007. Energy allocation in two species of Eutardigrada. Journal of Limnology 66(1s), 111. https://doi.org/10.4081/jlimnol.2007.s1.111"
"k__Metazoa;p__Tardigrada;c__Eutardigrada;o__Parachela;f__Macrobiotidae;g__Minibiotus;s__Minibiotus gumersindoi"	576301		"NA"	"NA"	"NA"		
"k__Metazoa;p__Tardigrada;c__Eutardigrada;o__Parachela;f__Murrayidae;g__Murrayon;s__Murrayon dianeae"	576302	"Macrobiotus dianae"	"NA"	"NA"	"NA"		
"k__Metazoa;p__Tardigrada;c__Eutardigrada;o__Parachela;f__Hypsibiidae;g__Astatumen;s__Astatumen trinacriae"	576305	"Itaquascon trinacriae"	"NA"	"NA"	"NA"		
"k__Metazoa;p__Tardigrada;c__Eutardigrada;o__Parachela;f__Isohypsibiidae;g__Eremobiotus;s__Eremobiotus alicatai"	576307	"Isohypsibius alicatai"	"NA"	"NA"	"NA"		
"k__Metazoa;p__Nematoda;c__Chromadorea;o__Rhabditida;f__Tylenchidae;g__Filenchus;s__Filenchus misellus"	583334	"Ditylenchus misellus"	"Species"	"Fungivores"	"No"		"http://nemaplex.ucdavis.edu/"
"k__Metazoa;p__Nematoda;c__Chromadorea;o__Rhabditida;f__Tylenchidae;g__Filenchus;s__Filenchus discrepans"	583335	"Ottolenchus discrepans;Tylenchus discrepans"	"Species"	"Fungivores"	"No"		"http://nemaplex.ucdavis.edu/"
"k__Metazoa;p__Arthropoda;c__Insecta;o__Coleoptera;f__Carabidae;g__Amara;s__Amara aenea"	585988	"Amara (Amara) aenea;Carabus aeneus"	"Species"	"Herbivores"	"No"	"Eat pollen, fungi, and other insects; however, they are primarily granivorous and feed on plant seeds"	"Ward, M.J., Ryan, M.R., Curran, W.S., Barbercheck, M.E., Mortensen, D.A., 2011. Cover Crops and Disturbance Influence Activity-Density of Weed Seed Predators Amara aenea and Harpalus pensylvanicus (Coleoptera: Carabidae). Weed Science 59(1), 76–81. https://doi.org/10.1614/ws-d-10-00065.1"
"k__Metazoa;p__Arthropoda;c__Insecta;o__Coleoptera;f__Carabidae;g__Anchomenus;s__Anchomenus dorsalis"	586010	"Agonum dorsale"	"Species"	"Carnivores"	"No"	"Specialized entomophage"	"Brygadyrenko, V., Avtaeva, T., Matsyura, A., 2021. Effect of global climate change on the distribution of Anchomenus dorsalis (Coleoptera, Carabidae) in Europe. Acta Biologica Sibirica 7, 237–260. https://doi.org/10.3897/abs.7.e72409"
"k__Metazoa;p__Nematoda;c__Chromadorea;o__Rhabditida;f__Panagrolaimidae;g__Panagrolaimus;s__Panagrolaimus rigidus"	591433	"Leptodera rigida"	"Species"	"Bacterivores"	"No"		"http://nemaplex.ucdavis.edu/"
"k__Metazoa;p__Arthropoda;c__Arachnida;o__Opiliones;f__Trogulidae;g__Anelasmocephalus;s__Anelasmocephalus cambridgei"	591633		"Species"	"Carnivores"	"No"		"https://srs.britishspiders.org.uk/portal.php/p/Summary/s/Anelasmocephalus+cambridgei (Accessed 10 April 2025)"
"k__Metazoa;p__Arthropoda;c__Insecta;o__Trichoptera;f__Limnephilidae;g__Chaetopteryx;s__Chaetopteryx fusca"	591973		"Species"	"Detritivores"	"No"		"Kiss, O., 2004. Functional feeding groups of trichoptera along the vöröskö valley rill, bükk mts., North Hungary. Acta entomologica slovenica 12(1), 123-128."
"k__Metazoa;p__Arthropoda;c__Insecta;o__Trichoptera;f__Rhyacophilidae;g__Rhyacophila;s__Rhyacophila balcanica"	591981		"Species"	"Carnivores"	"No"		"Resh, V.H., Cardé, R.T. (Eds.), 2009. Encyclopedia of Insects, second ed. Academic Press, London."
"k__Metazoa;p__Arthropoda;c__Insecta;o__Trichoptera;f__Limnephilidae;g__Annitella;s__Annitella apfelbecki"	591983	"Chaetopterygopsis apfelbecki"	"NA"	"NA"	"NA"		
"k__Metazoa;p__Nematoda;c__Enoplea;o__Dorylaimida;f__Longidoridae;g__Longidorus;s__Longidorus sturhani"	592162		"Species"	"Herbivores"	"No"		"http://nemaplex.ucdavis.edu/"
"k__Metazoa;p__Arthropoda;c__Insecta;o__Hemiptera;f__Aleyrodidae;g__Aleurocanthus;s__Aleurocanthus spiniferus"	593793	"Aleurodes spiniferus"	"Species"	"Herbivores"	"No"		"Radonjić, S., Hrnčić, S., Malumphy, C., 2014. First record of Aleurocanthus spiniferus (Quaintance)(Hemiptera Aleyrodidae) in Montenegro. Redia 97, 141-145."
"k__Metazoa;p__Arthropoda;c__Diplopoda;o__Polydesmida;f__Paradoxosomatidae;g__Nedyopus"	595208		"NA"	"NA"	"NA"		
"k__Metazoa;p__Arthropoda;c__Insecta;o__Diptera;f__Mycetophilidae;g__Gnoriste;s__Gnoriste bilineata"	608677		"NA"	"NA"	"NA"		
"k__Metazoa;p__Arthropoda;c__Insecta;o__Diptera;f__Mycetophilidae;g__Grzegorzekia;s__Grzegorzekia collaris"	608679	"Sciophila collaris"	"NA"	"NA"	"NA"		
"k__Metazoa;p__Arthropoda;c__Insecta;o__Diptera;f__Mycetophilidae;g__Neoempheria"	608686		"Genus"	"Carnivores"	"No"	"Larvae are likely carnivores"	"Jakovlev, J., 2012. Fungal hosts of mycetophilids (Diptera: Sciaroidea excluding Sciaridae): a review. Mycology 3(1), 11–23. https://doi.org/10.1080/21501203.2012.662533"
"k__Metazoa;p__Arthropoda;c__Insecta;o__Diptera;f__Mycetophilidae;g__Rondaniella;s__Rondaniella dimidiata"	608695		"Species"	"Fungivores"	"No"		"Väisänen, R., 1981. Is there more than one successional phase in the mycetophilid (Diptera) community feeding on a mushroom? Annales Zoologici Fennici 18, 199-201."
"k__Metazoa;p__Arthropoda;c__Insecta;o__Diptera;f__Mycetophilidae;g__Synapha;s__Synapha vitripennis"	608699		"NA"	"NA"	"NA"		
"k__Metazoa;p__Arthropoda;c__Insecta;o__Diptera;f__Mycetophilidae;g__Tetragoneura"	608702		"Genus"	"Fungivores"	"No"		"Jakovlev, J., 2012. Fungal hosts of mycetophilids (Diptera: Sciaroidea excluding Sciaridae): a review. Mycology 3(1), 11–23. https://doi.org/10.1080/21501203.2012.662533"
"k__Metazoa;p__Arthropoda;c__Insecta;o__Hymenoptera;f__Formicidae;g__Dinoponera;s__Dinoponera quadriceps"	609295		"Species"	"Omnivores"	"No"		"Araújo, A., Rodrigues, Z., 2006. Foraging behavior of the queenless ant Dinoponera quadriceps Santschi (Hymenoptera: Formicidae). Neotropical Entomology 35(2), 159–164. https://doi.org/10.1590/s1519-566x2006000200002"
"k__Metazoa;p__Arthropoda;c__Insecta;o__Diptera;f__Chironomidae;g__Gymnometriocnemus"	611353		"Genus"	"Detritivores"	"No"	"Larvae are detritiovres, adults may not feeds"	"Mendes, H.F., 2006. Rearing tanypodinae, telmatogetoninae and orthocladiinae in brazil – an empirical approach. Chironomus Journal of Chironomidae Research 15. https://doi.org/10.5324/cjcr.v0i15.92"
"k__Metazoa;p__Arthropoda;c__Insecta;o__Diptera;f__Chironomidae;g__Smittia;s__Smittia aterrima"	611654		"NA"	"NA"	"NA"		
"k__Metazoa;p__Nematoda;c__Chromadorea;o__Rhabditida;f__Criconematidae;g__Lobocriconema"	619195		"Genus"	"Herbivores"	"No"		"Raski, D.J., Luc, M., 1987. A reappraisal of Tylenchina (Nemata) 10. The superfamily Criconematoidea Taylor, 1936. Revue de Nématologie 10(4), 409–444."
"k__Metazoa;p__Nematoda;c__Chromadorea;o__Rhabditida;f__Merliniidae;g__Pratylenchoides;s__Pratylenchoides nevadensis"	623018		"Species"	"Herbivores"	"No"		"http://nemaplex.ucdavis.edu/"
"k__Metazoa;p__Nematoda;c__Chromadorea;o__Rhabditida;f__Pratylenchidae;g__Pratylenchus;s__Pratylenchus bolivianus"	623037		"Species"	"Herbivores"	"No"		"http://nemaplex.ucdavis.edu/"
"k__Metazoa;p__Nematoda;c__Chromadorea;o__Rhabditida;f__Pratylenchidae;g__Zygotylenchus;s__Zygotylenchus guevarai"	623139	"Pratylenchoides guevarai"	"Species"	"Herbivores"	"No"		"http://nemaplex.ucdavis.edu/"
"k__Metazoa;p__Nematoda;c__Chromadorea;o__Rhabditida;f__Pratylenchidae;g__Pratylenchus;s__Pratylenchus fallax"	626142		"Species"	"Herbivores"	"No"		"http://nemaplex.ucdavis.edu/"
"k__Metazoa;p__Arthropoda;c__Insecta;o__Trichoptera;f__Sericostomatidae;g__Sericostoma;s__Sericostoma clypeatum"	626967		"NA"	"NA"	"NA"		
"k__Metazoa;p__Arthropoda;c__Insecta;o__Coleoptera;f__Coccinellidae;g__Hyperaspis;s__Hyperaspis lateralis"	633103		"Species"	"Carnivores"	"No"		"Dobzhansky, T.G., Thomas, L.C., 1941. Beetles of the genus Hyperaspis inhabiting the United States. Smithsonian Miscellaneous Collections 101(6), 1–94."
"k__Metazoa;p__Arthropoda;c__Insecta;o__Hemiptera;f__Reduviidae;g__Empicoris"	633515		"Genus"	"Carnivores"	"No"		"Ishikawa, T., 2008. The emesine assassin bug genus Empicoris (Heteroptera: Reduviidae) from Japan. Tijdschrift Voor Entomologie 151(1), 11–49. https://doi.org/10.1163/22119434-900000248"
"k__Metazoa;p__Arthropoda;c__Arachnida;o__Trombidiformes;f__Eriophyidae;g__Abacarus;s__Abacarus hystrix"	644148	"Callyntrotus hystrix"	"Species"	"Herbivores"	"No"		"Gibson, R.W., 1974. Studies on the feeding behaviour of the eriophyid mite Abacarus hystrix, a vector of grass viruses. Annals of Applied Biology 78(3), 213–217. https://doi.org/10.1111/j.1744-7348.1974.tb01500.x"
"k__Metazoa;p__Nematoda;c__Chromadorea;o__Rhabditida;f__Tylenchidae;g__Miculenchus;s__Miculenchus salvus"	647157		"Species"	"Herbivores"	"No"		"http://nemaplex.ucdavis.edu/"
"k__Metazoa;p__Nematoda;c__Chromadorea;o__Rhabditida;f__Aphelenchidae;g__Seinura;s__Seinura demani"	647166	"Aphelenchus demani"	"Species"	"Carnivores"	"No"		"http://nemaplex.ucdavis.edu/"
"k__Metazoa;p__Nematoda;c__Enoplea;o__Triplonchida;f__Prismatolaimidae;g__Stenonchulus;s__Stenonchulus troglodytes"	647168		"Species"	"Carnivores"	"No"		"http://nemaplex.ucdavis.edu/"
"k__Metazoa;p__Nematoda;c__Chromadorea;o__Rhabditida;f__Merliniidae;g__Merlinius;s__Merlinius joctus"	650259	"Tetylenchus joctus"	"Species"	"Herbivores"	"No"		"http://nemaplex.ucdavis.edu/"
"k__Metazoa;p__Nematoda;c__Enoplea;o__Enoplida;f__Rhabdolaimidae;g__Rhabdolaimus;s__Rhabdolaimus aquaticus"	650260		"Species"	"Bacterivores"	"No"		"http://nemaplex.ucdavis.edu/"
"k__Metazoa;p__Nematoda;c__Enoplea;o__Mermithida;f__Mermithidae;g__Isomermis;s__Isomermis lairdi"	652833		"Species"	"Carnivores"	"No"		"Mondet, B., Poinar Jr., G.O., Bernadou, J., 1977. Etude du parasitisme des simulies (Diptera : Simuliidae) par des Mermithidae (Nematoda) en Afrique de l’ouest. IV : Description de Isomermis lairdi, n.sp., parasite de Simulium damnosum. Canadian Journal of Zoology 55(12), 2011–2017. https://doi.org/10.1139/z77-261"
"k__Metazoa;p__Nematoda;c__Chromadorea;o__Rhabditida;f__Travassosinematidae;g__Binema"	664854	"Gryllocola;Periplaneticola;Talpicola"	"Genus"	"Carnivores"	"No"		"http://nemaplex.ucdavis.edu/"
"k__Metazoa;p__Nematoda;c__Chromadorea;o__Rhabditida;f__Travassosinematidae;g__Travassosinema"	664866		"Genus"	"Carnivores"	"No"		"http://nemaplex.ucdavis.edu/"
"k__Metazoa;p__Arthropoda;c__Insecta;o__Coleoptera;f__Tenebrionidae;g__Idastrandiella"	668940		"Genus"	"Detritivores"	"No"		"Watt, J.C., 1974. A revised subfamily classification of Tenebrionidae (Coleoptera). New Zealand Journal of Zoology 1(4), 381–452. https://doi.org/10.1080/03014223.1974.9517846"
"k__Metazoa;p__Nematoda;c__Chromadorea;o__Rhabditida;f__Diplogasteridae;g__Diplogastrellus;s__Diplogastrellus gracilis"	669117		"Species"	"Bacterivores"	"No"		"http://nemaplex.ucdavis.edu/"
"k__Metazoa;p__Arthropoda;c__Insecta;o__Thysanoptera;f__Thripidae;g__Thrips;s__Thrips minutissimus"	670473		"Species"	"Herbivores"	"No"		"Çinkul, B., Atakan, E., Varlı, S.V., 2021. Determination of thrips (Thysanoptera) fauna on stone and pome fruit trees in Balıkesir province, Turkey. Bitki Koruma Bülteni 61(4), 38–45. https://doi.org/10.16955/bitkorb.992759."
"k__Metazoa;p__Arthropoda;c__Insecta;o__Thysanoptera;f__Thripidae;g__Thrips;s__Thrips vulgatissimus"	670474		"Species"	"Herbivores"	"No"		"Mound, L.A., Masumoto, M., 2005. The genus Thrips (Thysanoptera, Thripidae) in Australia, New Caledonia and New Zealand. Zootaxa 1020, 1-64. https://doi.org/10.11646/zootaxa.1020.1.1"
"k__Metazoa;p__Arthropoda;c__Insecta;o__Orthoptera;f__Gryllidae;g__Teleogryllus;s__Teleogryllus commodus"	672150		"Species"	"Herbivores"	"No"		"Blank, R.H., Olson, M.H., Cox, N.R., Bell, D.S., 1980. Black field cricket (Teleogryllus commodus) food preferences between sixteen pasture species. New Zealand Journal of Agricultural Research 23(3), 409–415. https://doi.org/10.1080/00288233.1980.10425376."
"k__Metazoa;p__Arthropoda;c__Insecta;o__Hymenoptera;f__Braconidae;g__Aphidius;s__Aphidius gifuensis"	684658		"Species"	"Carnivores"	"No"		"He, Y., Zhang, Y., Chen, J., Chen, W., Zeng, X., Chen, H., Ding, W., 2017. Effects of Aphidius gifuensis on the feeding behavior and potato virus Y transmission ability of Myzus persicae. Insect Science 25(6), 1025–1034. https://doi.org/10.1111/1744-7917.12476."
"k__Metazoa;p__Tardigrada;c__Eutardigrada;o__Parachela;f__Macrobiotidae;g__Paramacrobiotus;s__Paramacrobiotus richtersi"	697321	"Macrobiotus richtersi;Macrobiotus schultzei"	"Species"	"Carnivores"	"No"		"Schill, R.O. (Ed.), 2019. Water Bears: The Biology of Tardigrades, Springer, Cham."
"k__Metazoa;p__Arthropoda;c__Arachnida;o__Araneae;f__Chummidae;g__Chumma"	700643		"Genus"	"Carnivores"	"No"		"Jocqué, R., Dippenaar-Schoeman A.S., 2006. Spider families of the world. Musée Royal del’Afrique Central Tervuren, 336. https://doi.org/10.5431/aramit3311"
"k__Metazoa;p__Arthropoda;c__Insecta;o__Coleoptera;f__Coccinellidae;g__Hippodamia;s__Hippodamia variegata"	703264	"Adonia mutabilis;Adonia variegata;Coccinella mutabilis;Coccinella variegata;Hippodamia mutabilis"	"Species"	"Carnivores"	"No"		"Farhadi, R., Allahyari, H., Chi, H., 2011. Life table and predation capacity of Hippodamia variegata (Coleoptera: Coccinellidae) feeding on Aphis fabae (Hemiptera: Aphididae). Biological Control 59(2), 83–89. https://doi.org/10.1016/j.biocontrol.2011.07.013"
"k__Metazoa;p__Arthropoda;c__Insecta;o__Coleoptera;f__Curculionidae;g__Otiorhynchus;s__Otiorhynchus rugosostriatus"	703598		"Species"	"Herbivores"	"No"	"Insect pests of strawberry in Bulgaria"	"Burov, D., 1959. The distribution and biology of the strawberry root weevils (Otiorrhynchus rugosostriatus Goeze and O. ovatus L.) in Bulgaria. Nauch. Trud. agron. Fak. selsk. Inst. Dimitrov. 7, 479–486."
"k__Metazoa;p__Arthropoda;c__Arachnida;o__Mesostigmata;f__Macronyssidae;g__Chiroptonyssus;s__Chiroptonyssus haematophagus"	704016		"Species"	"Carnivores"	"No"	"Parassite"	"Yunker, C.E., Lukoschus, F.S., Giesen, K.M.T., 1990. Parasitic mites of Surinam: 24. The subfamily Ornithonyssinae, with descriptions of a new genus and three new species (Acari: Mesostigmata: Macronyssidae). Zoologische Mededelingen 63(14), 169-186."
"k__Metazoa;p__Arthropoda;c__Arachnida;o__Mesostigmata;f__Ascidae;g__Gamasellodes"	704017		"Genus"	"Carnivores"	"No"		"Walter, D.E., 2023. The genus Gamasellodes (Acari: Mesostigmata: Ascidae): New Australian and North American species. Systematic and Applied Acarology 15, 1-10. https://doi.org/10.11158/saasp.15.1.1"
"k__Metazoa;p__Arthropoda;c__Arachnida;o__Mesostigmata;f__Eviphididae;g__Alliphis"	704043		"Genus"	"Carnivores"	"No"		"Halliday, R.B., 2010. Revision of the Australian Eviphididae (Acari: Mesostigmata). Zootaxa 2596, 1-60. https://doi.org/10.11646/zootaxa.2596.1.1"
"k__Metazoa;p__Arthropoda;c__Arachnida;o__Mesostigmata;f__Ameroseiidae;g__Ameroseius"	704045		"Genus"	"Fungivores"	"No"		"Narita, J.P.Z., Abduch, W.Y., Moraes, G.J.D., Klingen, I., 2015. Description of a new species of Ameroseius Berlese (Acari: Ameroseiidae) from Norway, with a key to related species. Zootaxa 4034(2), 390-398. https://doi.org/10.11646/zootaxa.4034.2.10"
"k__Metazoa;p__Arthropoda;c__Arachnida;o__Mesostigmata;f__Digamasellidae;g__Dendrolaelaps"	704053		"Genus"	"Carnivores"	"No"		"Walter, D.E., Latonas, S., 2011. Almanac of Alberta Acari Part II, The Royal Alberta Museum, Edmonton (AB)."
"k__Metazoa;p__Arthropoda;c__Arachnida;o__Mesostigmata;f__Podocinidae;g__Podocinum"	704085		"Genus"	"Carnivores"	"No"		"Yan, Y., Jin, D.-C., Wu, D., Guo, J.-J., Guo, X.-G., 2012. A revised checklist and key to the genus Podocinum Berlese (Acari: Podocinidae) with description of a new species from Tibet, Southwest China. Zootaxa 3194(1). https://doi.org/10.11646/zootaxa.3194.1.2"
"k__Metazoa;p__Arthropoda;c__Arachnida;o__Mesostigmata;f__Rhodacaridae"	704112		"Family"	"Carnivores"	"No"	"Feed on insect larvae, springtails, nematodes, and phytophagous mites"	"Amin, M.R., Khanjani, M., 2024. Development, reproduction and survival of Protogamasellopsis rhizoglyphusi and Gaeolaelaps aculeifer (Mesostigmata: Rhodacaridae, Laelapidae) feeding on two astigmatine mite prey and notes on the behavior of P. rhizoglyphusi. Systematic and Applied Acarology 29(1). https://doi.org/10.11158/saa.29.1.8"
"k__Metazoa;p__Arthropoda;c__Arachnida;o__Sarcoptiformes;f__Alycidae;g__Bimichaelia"	708286		"NA"	"NA"	"NA"		
"k__Metazoa;p__Arthropoda;c__Arachnida;o__Trombidiformes;f__Tydeidae;g__Lorryia"	708297		"NA"	"NA"	"NA"		
"k__Metazoa;p__Arthropoda;c__Arachnida;o__Trombidiformes;f_Rhagidiidae;g__Rhagidia"	708301		"Genus"	"Carnivores"	"No"		"Walter, D.E., Latonas, S., 2011. Almanac of Alberta Acari Part II, The Royal Alberta Museum, Edmonton (AB)."
"k__Metazoa;p__Arthropoda;c__Arachnida;o__Mesostigmata;f__Parasitidae;g__Vulgarogamasus"	708314		"Genus"	"Carnivores"	"No"		"Negm, M. W., Gotoh, T., 2018. Mites of the family Parasitidae Oudemans, 1901 (Acari: Mesostigmata) from Japan: a new species of Vulgarogamasus Tichomirov, 1969, and a key to Japanese species. Zootaxa 4429(2), 379-389. https://doi.org/10.11646/zootaxa.4429.2.12"
"k__Metazoa;p__Arthropoda;c__Arachnida;o__Sarcoptiformes;f__Alycidae;g__Alycus;s__Alycus roseus"	708380		"Species"	"Carnivores"	"No"		"Walter, D.E., 1988. Predation and mycophagy by endeostigmatid mites (Acariformes: Prostigmata). Experimental and Applied Acarology 4(2), 159–166. https://doi.org/10.1007/bf01193873"
"k__Metazoa;p__Arthropoda;c__Arachnida;o__Opiliones;f__Phalangiidae;g__Oligolophus;s__Oligolophus tridens"	708402	"Opilio tridens"	"Species"	"Carnivores"	"No"	"Primary predators, integrates with fruit in laboratory conditions"	"Hvam, A., Toft, S., 2008. Prey Preference and Consumption by Some Non-Specialist Harvestman Species (Arachnida: Opiliones). Arachnology 14(4), 198–205. https://doi.org/10.13156/100.014.0402"
"k__Metazoa;p__Arthropoda;c__Arachnida;o__Trombidiformes;f__Microtrombidiidae"	708415	"Microthrombidiidae"	"Family"	"Carnivores"	"No"		"Maral, H., 2021. Contributions to the terrestrial Parasitengona Fauna (Acari: Trombidiformes: Prostigmata) of Diyarbakır and Mardin (Turkey). International Journal of Agriculture Environment and Food Sciences 5(3), 393-397. https://doi.org/10.31015/jaefs.2021.3.18"
"k__Metazoa;p__Arthropoda;c__Arachnida;o__Mesostigmata;f__Parasitidae;g__Aclerogamasus"	709474		"Genus"	"Carnivores"	"No"		"Witalinski, W., 2000. Aclerogamasus stenocornis sp. n., a fossil mite from the Baltic amber [Acari: Gamasida: Parasitidae]. Genus. International Journal of Invertebrate Taxonomy 11(4), 619-626."
"k__Metazoa;p__Tardigrada;c__Eutardigrada;o__Parachela;f__Eohypsibiidae;g__Bertolanius;s__Bertolanius nebulosus"	710163	"Amphibolus nebulosus"	"NA"	"NA"	"NA"		
"k__Metazoa;p__Nematoda;c__Enoplea;o__Triplonchida;f__Tripylidae;g__Tripyla;s__Tripyla glomerans"	715004		"Species"	"Carnivores"	"No"		"http://nemaplex.ucdavis.edu/"
"k__Metazoa;p__Arthropoda;c__Arachnida;o__Mesostigmata;f__Epicriidae;g__Epicrius;s__Epicrius mollis"	717519	"Gamasus mollis"	"NA"	"NA"	"NA"		
"k__Metazoa;p__Arthropoda;c__Collembola;o__Entomobryomorpha"	730330		"Order"	"NA"	"NA"	"Different feeding habits within the order"	
"k__Metazoa;p__Arthropoda;c__Insecta;o__Coleoptera;f__Carabidae;g__Pterostichus;s__Pterostichus madidus"	767470	"Carabus madidus"	"Species"	"Carnivores"	"No"		"Langan, A.M., Pilkington, G., Wheater, C. P., 2001. Feeding preferences of a predatory beetle (Pterostichus madidus) for slugs exposed to lethal and sub‐lethal dosages of metaldehyde. Entomologia Experimentalis et Applicata 98(2), 245–248. https://doi.org/10.1046/j.1570-7458.2001.00780.x"
"k__Metazoa;p__Arthropoda;c__Arachnida;o__Trombidiformes;f__Stigmaeidae;g__Agistemus"	768085		"Genus"	"Carnivores"	"No"		"Kamran, M., Mirza, J.H., Elgoni, N.A., Alatawi, F.J., 2023. Two new species of the genus Agistemus Summers (Acari: Stigmaeidae) from Saudi Arabia. Acarologia 63(2), 580–590. https://doi.org/10.24349/srli-y7eg"
"k__Metazoa;p__Arthropoda;c__Arachnida;o__Sarcoptiformes;f__Otocepheidae;g__Pseudotocepheus;s__Pseudotocepheus amonstruosus"	768142	"Pseudotocepheus septemtuberculatus"	"NA"	"NA"	"NA"		
"k__Metazoa;p__Nematoda;c__Chromadorea;o__Rhabditida;f__Spirocercidae;g__Streptopharagus"	768690		"Genus"	"Carnivores"	"No"		"Nascimento Gomes, A.P., dos Santos, M.M., Olifiers, N., do Val Vilela, R., Guimarães Beltrão, M., Maldonado Júnior, A., de Oliveira Simões, R., 2021. Molecular phylogenetic study in Spirocercidae (Nematoda) with description of a new species Spirobakerus sagittalis sp. nov. in wild canid Cerdocyon thous from Brazil. Parasitology Research 120(5), 1713–1725. https://doi.org/10.1007/s00436-021-07106-x."
"k__Metazoa;p__Arthropoda;c__Insecta;o__Coleoptera;f__Staphylinidae;g__Hadrotes;s__Hadrotes crassus"	795345	"Staphylinus crassus"	"NA"	"NA"	"NA"		
"k__Metazoa;p__Arthropoda;c__Insecta;o__Hemiptera;f__Aphididae;g__Euceraphis;s__Euceraphis betulae"	796228		"Species"	"Herbivores"	"No"		"Staley, J.T., Hartley, S.E., 2002. Host‐mediated effects of feeding by winter moth on the survival of Euceraphis betulae. Ecological Entomology 27(5), 626–630. https://doi.org/10.1046/j.1365-2311.2000.00440.x"
"k__Metazoa;p__Arthropoda;c__Insecta;o__Hemiptera;f__Aphrophoridae;g__Aphrophora;s__Aphrophora saratogensis"	798352		"Species"	"Herbivores"	"No"		"Ejere, V.C., Okpara, H.T., 2010. Aspects of the ecology of spittlebugs (Homoptera: Cercopidae) in Nsukka, south east, Nigeria. Animal Research International 7(3), 1242-1252."
"k__Metazoa;p__Arthropoda;c__Chilopoda;o__Geophilomorpha;f__Geophilidae;g__Geophilus;s__Geophilus flavus"	856749	"Necrophloeophagus flavus;Scolopendra flava"	"Species"	"Carnivores"	"No"		"Wu, X., Niklas, K. J., Sun, S., 2021. Climate change affects detritus decomposition rates by modifying arthropod performance and species interactions. Current Opinion in Insect Science 47, 62–66. https://doi.org/10.1016/j.cois.2021.05.002"
"k__Metazoa;p__Arthropoda;c__Insecta;o__Hymenoptera;f__Diapriidae;g__Ismarus"	860890		"Genus"	"Carnivores"	"No"		"Marchiori, C.H., 2023. Studies on the families Drynidae, Heloridae and Ismaridae (Insecta: Hymenoptera). Open Access Research Journal of Life Sciences 5(1), 041–072. https://doi.org/10.53022/oarjls.2023.5.1.0015"
"k__Metazoa;p__Arthropoda;c__Insecta;o__Hymenoptera;f__Braconidae;g__Wroughtonia;s__Wroughtonia ligator"	860933		"Species"	"Carnivores"	"No"		"Johnson, T.D., Buffington, M.L., Gates, M.W., Kula, R.R., Talamas, E., 2021. Deployment of aggregation-sex pheromones of longhorned beetles (Coleoptera: Cerambycidae) facilitates the discovery and identification of their parasitoids. J Chem Ecol 47(1), 28–42. https://doi.org/10.1007/s10886-020-01238-7"
"k__Metazoa;p__Arthropoda;c__Insecta;o__Hemiptera;f__Miridae;g__Monosynamma;s__Monosynamma bohemanni"	863815		"Species"	"Herbivores"	"No"		"Jung, S., Lee, S., 2012. Molecular phylogeny of the plant bugs (Heteroptera: Miridae) and the evolution of feeding habits. Cladistics 28, (50-79). https://doi.org/10.1111/j.1096-0031.2011.00365.x"
"k__Metazoa;p__Arthropoda;c__Arachnida;o__Opiliones;f__Phalangiidae;g__Rhampsinitus"	864022		"NA"	"NA"	"NA"		
"k__Metazoa;p__Arthropoda;c__Insecta;o__Thysanoptera;f__Thripidae;g__Anaphothrips;s__Anaphothrips obscurus"	864839	"Thrips obscura"	"Species"	"Herbivores"	"No"		"Reisig, D.D., Godfrey, L.D., Marcum, D.B., 2010. Plant Quality and Conspecific Density Effects on Anaphothrips obscurus (Thysanoptera: Thripidae) Wing Diphenism and Population Ecology. Environmental Entomology 39(2), 685–694. https://doi.org/10.1603/en09332"
"k__Metazoa;p__Arthropoda;c__Insecta;o__Coleoptera;f__Staphylinidae;g__Amischa;s__Amischa analis"	866022	"Aleochara analis"	"Species"	"Carnivores"	"No"		"Petrova, V., Čudare, Z., Cibuļskis, R., 2006. Predators and herbivores beetles (Coleoptera) naturally occuring on strawberry (Latvia). Acta Biologica Universitatis Daugavpiliensis 6(1-2), 155-159."
"k__Metazoa;p__Arthropoda;c__Insecta;o__Coleoptera;f__Staphylinidae;g__Atheta;s__Atheta aeneipennis"	866023		"NA"	"NA"	"NA"		
"k__Metazoa;p__Arthropoda;c__Insecta;o__Coleoptera;f__Staphylinidae;g__Atheta;s__Atheta bosnica"	866024		"NA"	"NA"	"NA"		
"k__Metazoa;p__Arthropoda;c__Insecta;o__Coleoptera;f__Staphylinidae;g__Atheta;s__Atheta cinnamoptera"	866026		"Species"	"Carnivores"	"No"		"Koskela, H., 1979. Patterns of Diel Flight Activity in Dung-Inhabiting Beetles: An Ecological Analysis. Oikos 33(3), 419-439. https://doi.org/10.2307/3544330"
"k__Metazoa;p__Arthropoda;c__Insecta;o__Coleoptera;f__Staphylinidae;g__Atheta;s__Atheta myrmecobia"	866034		"Species"	"Carnivores"	"No"		"Muona, J., Rutanen, I., 1994. The short-term impact of fire on the beetle fauna in boreal coniferous forest. Annales Zoologici Fennici 31(1), 109-121."
"k__Metazoa;p__Arthropoda;c__Insecta;o__Coleoptera;f__Staphylinidae;g__Atheta;s__Atheta pallidicornis"	866035	"Alaobia pallidicornis"	"NA"	"NA"	"NA"		
"k__Metazoa;p__Arthropoda;c__Insecta;o__Hemiptera;f__Cicadellidae;g__Tettigella;s__Tettigella viridis"	868261		"Species"	"Herbivores"	"No"		"Frediani, D., 1956. Morphological and biological notes on Tettigella viridis in central Italy. Bollettino del Laboratorio di Entomologia Agraria 'Filippo Silvestri', Portici, 14, pp. 1–47 ."
"k__Metazoa;p__Arthropoda;c__Insecta;o__Coleoptera;f__Elateridae;g__Agriotes;s__Agriotes ustulatus"	869177	"Elater ustulatus"	"Species"	"Herbivores"	"No"	"Feeds on maize roots"	"Toepfer, S., Ellsbury, M.M., Eschen, R., Kuhlmann, U., 2007. Spatial clustering of Diabrotica virgifera virgifera and Agriotes ustulatus in small‐scale maize fields without topographic relief drift. Entomologia Experimentalis et Applicata 124(1), 61–75. https://doi.org/10.1111/j.1570-7458.2007.00549.x"
"k__Metazoa;p__Arthropoda;c__Insecta;o__Coleoptera;f__Scirtidae;g__Cyphon;s__Cyphon variabilis"	877938	"Cyphon sp. BMNH 1425225;Cyphon variabilis"	"NA"	"NA"	"NA"		
"k__Metazoa;p__Arthropoda;c__Insecta;o__Coleoptera;f__Carabidae;g__Microlestes;s__Microlestes minutulus"	878146		"Species"	"Carnivores"	"No"		"Kiss, J., Kádár, F., Tóth, F., Barth, R., Hatvani, A., 1998. Predatory arthropods sampled in pitfall traps in winter wheat in northern Hungary. Bulletin OILB/SROP 21(8), 81-90."
"k__Metazoa;p__Arthropoda;c__Insecta;o__Coleoptera;f__Carabidae;g__Ophonus;s__Ophonus laticollis"	878178	"Ophonus nitidulus"	"Species"	"Herbivores"	"No"	"Granivorous specialists"	"Baulechner, D., Jauker, F., Neubauer, T. A., Wolters, V., 2020. Convergent evolution of specialized generalists: Implications for phylogenetic and functional diversity of carabid feeding groups. Ecology and Evolution 10(20), 11100–11110. https://doi.org/10.1002/ece3.6746."
"k__Metazoa;p__Arthropoda;c__Insecta;o__Coleoptera;f__Staphylinidae;g__Atheta;s__Atheta volans"	878337	"Philhygra volans"	"NA"	"NA"	"NA"		
"k__Metazoa;p__Arthropoda;c__Insecta;o__Coleoptera;f__Staphylinidae;g__Stenus;s__Stenus boops"	878996		"Species"	"Carnivores"	"No"		"Sunderland, K.D., Crook, N.E., Stacey, D.L., Fuller, B.J., 1987. A Study of Feeding by Polyphagous Predators on Cereal Aphids Using Elisa and Gut Dissection. The Journal of Applied Ecology 24(3), 907. https://doi.org/10.2307/2403989"
"k__Metazoa;p__Arthropoda;c__Insecta;o__Diptera;f__Chironomidae;g__Limnophyes;s__Limnophyes edwardsi"	879756		"NA"	"NA"	"NA"		
"k__Metazoa;p__Arthropoda;c__Insecta;o__Diptera;f__Chironomidae;g__Micropsectra ;s__Micropsectra nana"	879762		"NA"	"NA"	"NA"		
"k__Metazoa;p__Mollusca;c__Gastropoda;o__Acochlidiacea;f__Acochlidiidae;g__Acochlidium"	884221		"NA"	"NA"	"NA"		
"k__Metazoa;p__Nematoda;c__Chromadorea;o__Rhabditida;f__Diplogasteridae;g__Pseudodiplogasteroides;s__Pseudodiplogasteroides compositus"	912566		"NA"	"NA"	"NA"		
"k__Metazoa;p__Arthropoda;c__Insecta;o__Psocodea;f__Philopteridae;g__Goniocotes;s__Goniocotes chrysocephalus"	915405		"Species"	"Detritivores"	"No"		"Boddicker, M.L., 1972. Bionomics of Mallophaga of Sharp-Tailed Grouse in South Dakota. South Dakota State University, PhD Thesis, 144 pp.  https://openprairie.sdstate.edu/etd/5437"
"k__Metazoa;p__Arthropoda;c__Collembola;o__Poduromorpha;f__Hypogastruridae;g__Ceratophysella;s__Ceratophysella denticulata"	928250		"Species"	"Carnivores"	"No"	"Feeds on nematodes"	"Ferlian, O., Klarner, B., Langeneckert, A.E., Scheu, S., 2015. Trophic niche differentiation and utilisation of food resources in collembolans based on complementary analyses of fatty acids and stable isotopes. Soil Biology and Biochemistry 82, 28–35. https://doi.org/10.1016/j.soilbio.2014.12.012"
"k__Metazoa;p__Arthropoda;c__Insecta;o__Diptera;f__Mycetophilidae;g__Gnoriste;s__Gnoriste longirostris"	929255		"NA"	"NA"	"NA"		
"k__Metazoa;p__Arthropoda;c__Insecta;o__Coleoptera;f__Carabidae;g__Elaphropus;s__Elaphropus obesulus"	931298	"Elaphropus obesulus;Tachys obesulus"	"NA"	"NA"	"NA"		
"k__Metazoa;p__Arthropoda;c__Insecta;o__Hymenoptera;f__Scelionidae;g__Trissolcus;s__Trissolcus semistriatus"	935254	"Teleas semistriatus"	"Species"	"Carnivores"	"No"	"Egg parasitoid"	"Kivan, M., Kilic, N., 2005. Effects of storage at low-temperature of various heteropteran host eggs on the egg parasitoid, Trissolcus semistriatus. BioControl 50(4), 589–600. https://doi.org/10.1007/s10526-004-3122-0"
"k__Metazoa;p__Arthropoda;c__Insecta;o__Lepidoptera;f__Erebidae;g__Callimorpha;s__Callimorpha dominula"	938182	"Phalaena dominula"	"Species"	"Herbivores"	"No"		"Von Nickisch-Rosenegk, E., Wink, M., 1993. Sequestration of pyrrolizidine alkaloids in several arctiid moths (Lepidoptera: Arctiidae). Journal of Chemical Ecology 19(9), 1889–1903. https://doi.org/10.1007/bf00983794."
"k__Metazoa;p__Arthropoda;c__Insecta;o__Coleoptera;f__Elateridae;g__Nothodes;s__Nothodes parvulus"	941994		"NA"	"NA"	"NA"		
"k__Metazoa;p__Tardigrada;c__Eutardigrada;o__Parachela;f__Ramazzottiidae;g__Ramazzottius;s__Ramazzottius varieornatus"	947166		"Species"	"Microbivores"	"No"		"Horikawa, D.D., Kunieda, T., Abe, W., Watanabe, M., Nakahara, Y., Yukuhiro, F., Sakashita, T., Hamada, N., Wada, S., Funayama, T., Katagiri, C., Kobayashi, Y., Higashi, S., Okuda, T., 2008. Establishment of a Rearing System of the Extremotolerant Tardigrade Ramazzottius varieornatus: A New Model Animal for Astrobiology. Astrobiology 8(3), 549–556. https://doi.org/10.1089/ast.2007.0139"
"k__Metazoa;p__Arthropoda;c__Insecta;o__Coleoptera;f__Elateridae;g__Semiotus"	947289		"NA"	"NA"	"NA"		
"k__Metazoa;p__Arthropoda;c__Insecta;o__Hymenoptera;f__Eulophidae;g__Hadrotrichodes;s__Hadrotrichodes waukheon"	981039		"Species"	"Carnivores"	"No"		"Kirkland, C.A., Burks, R.A., Headrick, D.H., Heraty, J., 2009. A Review of Hadrotrichodes waukheon Lasalle (Hymenoptera: Eulophidae): A Possible Biological Control Agent of Marmara gulosa Guillén & Davis (Lepidoptera: Gracillariidae) in San Joaquin Valley Citrus. Proceedings of the Entomological Society of Washington 111(1), 7–11. https://doi.org/10.4289/0013-8797-111.1.7"
"k__Metazoa;p__Arthropoda;c__Insecta;o__Hemiptera;f__Delphacidae;g__Paraliburnia;s__Paraliburnia adela"	984435		"Species"	"Herbivores"	"No"		"Nickel, H., Hildebrandt, J., 2003. Auchenorrhyncha communities as indicators of disturbance in grasslands (Insecta, Hemiptera) — a case study from the Elbe flood plains (northern Germany). Agriculture, Ecosystems & Environment 98(1–3), 183–199. https://doi.org/10.1016/s0167-8809(03)00080-x"
"k__Metazoa;p__Annelida;c__Clitellata;o__Crassiclitellata;f__Hormogastridae;g__Hormogaster;s__Hormogaster najaformis"	991102	"Hormogaster najaformis"	"Species"	"Detritivores"	"No"		"Marchán, D.F., Novo, M., Fernández, R., de Sosa, I., Trigo, D., Díaz Cosín, D.J., 2016. Evaluating evolutionary pressures and phylogenetic signal in earthworms: a case study - the number of typhlosole lamellae in Hormogastridae (Annelida, Oligochaeta).Zoological Journal of the Linnean Society 178(1), 4–14.https://doi.org/10.1111/zoj.12410"
"k__Metazoa;p__Mollusca;c__Gastropoda;o__Ellobiida;f__Ellobiidae;g__Melampus;s__Melampus fasciatus"	999239	"Auricula fasciata"	"Species"	"Detritivores"	"No"		"Bouillon, S., Koedam, N., Raman, A., Dehairs, F., 2002. Primary producers sustaining macro-invertebrate communities in intertidal mangrove forests. Oecologia, 130(3), 441–448. https://doi.org/10.1007/s004420100814"
"k__Metazoa;p__Arthropoda;c__Insecta;o__Coleoptera;f__Carabidae;g__Zariquieya;s__Zariquieya boumortensis"	1001199		"NA"	"NA"	"NA"		
"k__Metazoa;p__Arthropoda;c__Insecta;o__Orthoptera;f__Acrididae;g__Gomphocerus;s__Gomphocerus sibiricus"	1007316	"Aeropus sibiricus"	"Species"	"Herbivores"	"No"		"Rubtzov, I.A., 1932. The food-plants of Siberian Acrididae. Plant protection bulletin 3, 13–31."
"k__Metazoa;p__Arthropoda;c__Insecta;o__Coleoptera;f__Elateridae;g__Ampedus;s__Ampedus nigrinus"	1028032	"Ampedus anthracinus"	"Species"	"Carnivores"	"No"	"Larvae are predators"	"Andersson, J., Hjältén, J., Dynesius, M., 2015. Wood-inhabiting beetles in low stumps, high stumps and logs on boreal clear-cuts: Implications for dead wood management. PLOS ONE 10(3), e0118896. https://doi.org/10.1371/journal.pone.0118896"
"k__Metazoa;p__Nematoda;c__Chromadorea;o__Rhabditida;f__Hoplolaimidae;g__Rotylenchus;s__Rotylenchus iranicus"	1040637		"Species"	"Herbivores"	"No"		"http://nemaplex.ucdavis.edu/"
"k__Metazoa;p__Annelida;c__Clitellata;o__Crassiclitellata;f__Lumbricidae;g__Lumbricus;s__Lumbricus polyphemus"	1046284	"Enterion polyphemus"	"Species"	"Detritivores"	"No"	"Earthworms/non-selective deposit feeder"	"https://www.eol.org/pages/3126807"
"k__Metazoa;p__Arthropoda;c__Arachnida;o__Araneae;f__Atypidae;g__Atypus;s__Atypus affinis"	1046760		"Species"	"Carnivores"	"No"		"Nyffeler, M., Moor, H., Foelix, R. F., 2001. Spiders Feeding on Earthworms. The Journal of Arachnology 29(1), 119–124. http://www.jstor.org/stable/3706130"
"k__Metazoa;p__Arthropoda;c__Arachnida;o__Pseudoscorpiones;f__Chthoniidae;g__Chthonius;s__Chthonius ischnocheles"	1046773	"Chelifer ischnochelus"	"Species"	"Carnivores"	"No"		"Gilbert, O., 1951. Observations on the feeding of some British false scorpions. Proceedings of the Zoological Society of London 121(3), 547–555. https://doi.org/10.1111/j.1096-3642.1951.tb00755.x"
"k__Metazoa;p__Nematoda;c__Chromadorea;o__Rhabditida;f__Aphelenchoididae;g__Aphelenchoides;s__Aphelenchoides fujianensis"	1052528		"Species"	"Fungivores"	"No"		"http://nemaplex.ucdavis.edu/"
"k__Metazoa;p__Arthropoda;c__Diplopoda;o__Polydesmida;f__Polydesmidae;g__Polydesmus;s__Polydesmus angustus"	1068628		"Species"	"Detritivores"	"No"		"David, J.F., Célérier, M.L., 1997. Effects of yeast on the growth and reproduction of the saprophagous millipede Polydesmus angustus (Diplopoda, Polydesmidae). Biology and Fertility of Soils 24(1), 66–69. https://doi.org/10.1007/s003740050209"
"k__Metazoa;p__Arthropoda;c__Insecta;o__Coleoptera;f__Curculionidae;g__Barynotus;s__Barynotus obscurus"	1069882		"Species"	"Herbivores"	"No"		"Marvaldi, A., Lanteri, A.A., Del Río, M.G., Oberprieler, R., 2014. Entiminae Schoenherr, 1823. De Gruyter 3, 503-523."
"k__Metazoa;p__Arthropoda;c__Insecta;o__Hemiptera;f__Aphididae;g__Nearctaphis;s__Nearctaphis bakeri"	1074823		"Species"	"Herbivores"	"No"		"Kanturski, M., Wojciechowski, W., Morawski, M.F., Mruk, K.B., Depa, Ł.S., 2017. Nearctaphis bakeri (Cowen, 1895) and Illinoia liriodendri (Monell, 1879) - two aphid species (Hemiptera: Aphididae) of alien origin new to the Polish fauna. Annals of the upper silesian museum in bytom entomology 26, 1-6."
"k__Metazoa;p__Nematoda;c__Chromadorea;o__Rhabditida;f__Anisakidae;g__Pseudanisakis"	1076220		"Genus"	"Carnivores"	"No"		"Santos, C.P., Lent, H., Gibson, D.I., 2004. A new species of Pseudanisakis Layman & Borovkova, 1926 (Nematoda: Ascaridida) from Rioraja agassizii and Psammobatis extenta (Rajidae) in Brazilian southwestern Atlantic waters. Systematic Parasitology 57(3), 229-35. https://doi.org/10.1023/b:sypa.0000019086.44939.17"
"k__Metazoa;p__Arthropoda;c__Insecta;o__Diptera;f__Bibionidae;g__Dilophus;s__Dilophus femoratus"	1086758		"NA"	"NA"	"NA"		
"k__Metazoa;p__Arthropoda;c__Insecta;o__Coleoptera;f__Chrysomelidae;g__Cryptocephalus;s__Cryptocephalus cynarae"	1091364		"Species"	"Herbivores"	"No"		"Kang, S.H., Lee, J.E., 2017. Morphological and Ecological study of Genus Cryptocephalus (Coleoptera: Chrysomelidae: Cryptocephalinae) from Korea. 국립공원연구지 8(3), 138-143."
"k__Metazoa;p__Arthropoda;c__Arachnida;o__Araneae;f__Antrodiaetidae;g__Aliatypus;s__Aliatypus coylei"	1094235		"Species"	"Carnivores"	"No"	"Common prey are beetles (tenebrionids, carabids, weevils, coccinellids)"	"Coyle, F.A., Icenogle, W.R., 1994. Natural history of the Californian trapdoor spider genus Aliatypus (Araneae, Antrodiaetidae). Journal of Arachnology 22, 225–255."
"k__Metazoa;p__Arthropoda;c__Insecta;o__Thysanoptera;f__Thripidae;g__Stenchaetothrips;s__Stenchaetothrips biformis"	1100830		"Species"	"Herbivores"	"No"		"Hu, Q.-L., Ye, Z.-X., Zhuo, J.-C., Li, J.-M., Zhang, C.-X., 2023. A chromosome-level genome assembly of Stenchaetothrips biformis and comparative genomic analysis highlights distinct host adaptations among thrips. Communications Biology 6(1). https://doi.org/10.1038/s42003-023-05187-1"
"k__Metazoa;p__Arthropoda;c__Insecta;o__Lepidoptera;f__Tortricidae;g__Epinotia;s__Epinotia tedella"	1100986	"Phalaena tedella"	"Species"	"Herbivores"	"No"		"Kosibowicz, M., Grodzki, W., Jachym, M., 2014. Local outbreak of the spruce needle tortricid Epinotia tedella Clerk (Lepidoptera, Tortricidae) in the Sudetes in Poland. Beskydy 7(1), 29–38. https://doi.org/10.11118/beskyd201407010029"
"k__Metazoa;p__Arthropoda;c__Insecta;o__Lepidoptera;f__Ypsolophidae;g__Ypsolopha;s__Ypsolopha ustella"	1101069	"Phalaena ustella"	"Species"	"Herbivores"	"No"		"Corley, M., Ferreira, S., Mata, V.A., 2019. Ypsolopha rhinolophi sp. nov. (Lepidoptera: Ypsolophidae), a new species from Portugal and France unveiled by bats. Zootaxa 4609(3), 565–573. https://doi.org/10.11646/zootaxa.4609.3.10."
"k__Metazoa;p__Arthropoda;c__Insecta;o__Diptera;f__Phoridae;g__Megaselia;s__Megaselia longicostalis"	1105311	"Aphiochaeta longicostalis"	"Species"	"Omnivores"	"Yes"	"Larvae are detritivores, adults feed on nectar"	"Disney, R.H.L., 2016. Scuttle Flies (Diptera, Phoridae) recorded in Bioblitz 2016 in Cambridge, including a new species of Megaselia Rondani. Dipierists Digest 23, 153-158."
"k__Metazoa;p__Arthropoda;c__Insecta;o__Lepidoptera;f__Hepialidae;g__Phymatopus;s__Phymatopus hecta"	1108693	"Phalaena hecta"	"Species"	"Herbivores"	"No"		"Turner, J.R.G., 2014. The flexible lek: Phymatopus hectathe gold swift demonstrates the evolution of leking and male swarming via a hotspot (Lepidoptera: Hepialidae). Biological Journal of the Linnean Society 114(1), 184–201. https://doi.org/10.1111/bij.12411"
"k__Metazoa;p__Arthropoda;c__Arachnida;o__Sarcoptiformes;f__Acaridae;g__Horstia"	1111185		"Genus"	"Omnivores"	"No"	"All stages live in nests of large carpenter bees (Xylocopa spp.), where they may kill bee eggs and larvae and/or feed on nectar and pollen"	"https://idtools.org/bee_mite/index.cfm?packageID=1&entityID=105"
"k__Metazoa;p__Arthropoda;c__Arachnida;o__Sarcoptiformes;f__Cosmochthoniidae;g__Cosmochthonius;s__Cosmochthonius lanatus"	1111190	"Hypochthonius lanatus"	"NA"	"NA"	"NA"		
"k__Metazoa;p__Arthropoda;c__Arachnida;o__Sarcoptiformes;f__Acaridae;g__Naiacus"	1111322		"NA"	"NA"	"NA"		
"k__Metazoa;p__Arthropoda;c__Arachnida;o__Sarcoptiformes;f__Brachychthoniidae"	1111450		"Family"	"Microbivores"	"No"	"Feed on fungi and algae"	"Akrami, M.A., 2016. The oribatid mite family Brachychthoniidae of Iran(Acari: Oribatida), with description of a new species. Systematic and Applied Acarology 21(4), 405. https://doi.org/10.11158/saa.21.4.3. / Schatz, H., 2021. A new species of Brachychthoniidae (Acari: Oribatida) from the Eastern Central Alps (Austria, Tyrol), with the proposal of a new genus. Acarologia 61(2), 365–379. https://doi.org/10.24349/acarologia/20214436"
"k__Metazoa;p__Arthropoda;c__Ostracoda;o__Podocopida;f__Candonidae;g__Cryptocandona"	1112805		"NA"	"NA"	"NA"		
"k__Metazoa;p__Arthropoda;c__Ostracoda;o__Podocopida;f__Candonidae;g__Pseudocandona"	1112808		"NA"	"NA"	"NA"		
"k__Metazoa;p__Arthropoda;c__Ostracoda;o__Podocopida;f__Cyclocyprididae;g__Physocypria;s__Physocypria nipponica"	1112817		"NA"	"NA"	"NA"		
"k__Metazoa;p__Arthropoda;c__Insecta;o__Coleoptera;f__Curculionidae;g__Hylastes;s__Hylastes cunicularius"	1117390		"Species"	"Herbivores"	"No"	"Feeds on the roots, root collars and stems of young conifers"	"Wallertz, K., Hjelm, K., Eriksson, S., 2024. Measures against pine weevil Hylobius abietis also reduce damage by Hylastes cunicularius and Hylastes brunneus. Scandinavian Journal of Forest Research 39(3–4), 191–198. https://doi.org/10.1080/02827581.2024.2351967"
"k__Metazoa;p__Arthropoda;c__Arachnida;o__Sarcoptiformes;f__Sphaerochthoniidae;g__Sphaerochthonius"	1131806		"NA"	"NA"	"NA"		
"k__Metazoa;p__Arthropoda;c__Insecta;o__Coleoptera;f__Elateridae;g__Ctenicera;s__Ctenicera cuprea"	1132042		"Species"	"Herbivores"	"No"	"Larvae feed on roots"	"Hislop, L., 2024. The genome sequence of an elaterid beetle, Ctenicera cuprea (Fabricius, 1775). Wellcome Open Research 9, 464. https://doi.org/10.12688/wellcomeopenres.22885.1"
"k__Metazoa;p__Arthropoda;c__Insecta;o__Diptera;f__Psychodidae;g__Psychoda;s__Psychoda phalaenoides"	1132395		"NA"	"NA"	"NA"		
"k__Metazoa;p__Arthropoda;c__Insecta;o__Diptera;f__Dolichopodidae;g__Medetera;s__Medetera muralis"	1132427		"Species"	"Carnivores"	"No"		"Grichanov, I.Ya., 2016. Review of faunal investigation of predatory flies of the family Dolichopodidae (Diptera) in Iran. Acta Biologica Sibirica 2(4), 11-14."
"k__Metazoa;p__Arthropoda;c__Insecta;o__Coleoptera;f__Staphylinidae;g__Aloconota;s__Aloconota sulcifrons"	1143016	"Homalota sulcifrons"	"NA"	"NA"	"NA"		
"k__Metazoa;p__Arthropoda;c__Insecta;o__Coleoptera;f__Staphylinidae;g__Oxypoda;s__Oxypoda brachyptera"	1143081		"NA"	"NA"	"NA"		
"k__Metazoa;p__Arthropoda;c__Insecta;o__Coleoptera;f__Staphylinidae;g__Oxypoda;s__Oxypoda vittata"	1143083		"Species"	"Carnivores"	"No"		"Ayre, K., 1995. Evaluation of carabids as predators of slugs in arable land. Newcastle University, PhD Thesis, 234 pp. https://hdl.handle.net/10443/946"
"k__Metazoa;p__Arthropoda;c__Insecta;o__Coleoptera;f__Staphylinidae;g__Sepedophilus;s__Sepedophilus bipunctatus"	1143114		"Species"	"Fungivores"	"No"		"Audisio, P.A., Baviera, C., Carpaneto, G.M., Biscaccianti, A.B., Battistoni, A., Teofili, C., Rondinini, C., 2014. Lista Rossa IUCN dei Coleotteri saproxilici italiani. Comitato Italiano IUCN e Ministero dell’Ambiente e della Tutela del Territorio e del Mare, Roma."
"k__Metazoa;p__Arthropoda;c__Insecta;o__Coleoptera;f__Staphylinidae;g__Stenichnus;s__Stenichnus godarti"	1143116		"Species"	"Carnivores"	"No"		"Jałoszyński, P., 2016. Mature larva of Stenichnus godarti (Latreille) (Coleoptera: Staphylinidae, Scydmaeninae): redescription, hypothesis of displaced epicranial suture and alternative interpretation of homology between chaetotaxic structures. Zootaxa 4196(1). https://doi.org/10.11646/zootaxa.4196.1.4"
"k__Metazoa;p__Arthropoda;c__Chilopoda;o__Geophilomorpha;f__Schendylidae;g__Schendyla;s__Schendyla nemorensis"	1147033	"Geophilus nemorensis"	"Species"	"Carnivores"	"No"		"Pollierer, M.M., Langel, R., Scheu, S., Maraun, M., 2009. Compartmentalization of the soil animal food web as indicated by dual analysis of stable isotope ratios (15N/14N and 13C/12C). Soil Biology and Biochemistry 41(6), 1221–1226. https://doi.org/10.1016/j.soilbio.2009.03.002"
"k__Metazoa;p__Arthropoda;c__Insecta;o__Hymenoptera;f__Apidae;g__Bombus;s__Bombus lantschouensis"	1164557		"Species"	"Herbivores"	"No"		"Du, L., Wang, M., Li, J., He, S., Huang, J., Wu, J., 2019. Characterization of a Vitellogenin Receptor in the Bumblebee, Bombus lantschouensis (Hymenoptera, Apidae). Insects 10(12), 445. https://doi.org/10.3390/insects10120445"
"k__Metazoa;p__Annelida;c__Clitellata;o__Parvidrilida;f__Parvidrilidae;g__Parvidrilus;s__Parvidrilus jugeti"	1171979		"NA"	"NA"	"NA"		
"k__Metazoa;p__Arthropoda;c__Insecta;o__Coleoptera;f__Carabidae;g__Nebria;s__Nebria rufescens"	1177201	"Carabus rufescens"	"Species"	"Carnivores"	"No"		"Raso, L., Sint, D., Mayer, R., Plangg, S., Recheis, T., Brunner, S., Kaufmann, R., Traugott, M., 2014. Intraguild predation in pioneer predator communities of alpine glacier forelands. Molecular Ecology 23(15), 3744–3754. https://doi.org/10.1111/mec.12649."
"k__Metazoa;p__Arthropoda;c__Collembola;o__Entomobryomorpha;f__Isotomidae;g__Desoria;s__Desoria trispinata"	1184801		"Species"	"Detritivores"	"No"		"Zettel, J., 2010. Springtails and Silverfishes (Apterygota). BioRisk 4(13.5), 851–854. https://doi.org/10.3897/biorisk.4.47"
"k__Metazoa;p__Arthropoda;c__Collembola;o__Entomobryomorpha;f__Isotomidae;g__Folsomides;s__Folsomides parvulus"	1184808		"NA"	"NA"	"NA"		
"k__Metazoa;p__Arthropoda;c__Collembola;o__Entomobryomorpha;f__Isotomidae;g__Weberacantha;s__Weberacantha beckeri"	1184814		"NA"	"NA"	"NA"		
"k__Metazoa;p__Arthropoda;c__Collembola;o__Entomobryomorpha;f__Isotomidae;g__Isotomodes"	1184818		"Genus"	"NA"	"NA"		
"k__Metazoa;p__Nematoda;c__Enoplea;o__Triplonchida;f__Trichodoridae;g__Trichodorus;s__Trichodorus viruliferus"	1190641	"Trichodorus viruliferous"	"Species"	"Herbivores"	"No"		"http://nemaplex.ucdavis.edu/"
"k__Metazoa;p__Arthropoda;c__Insecta;o__Hemiptera;f__Scutelleridae;g__Odontoscelis;s__Odontoscelis fuliginosa"	1191092	"Cimex fuliginosus"	"Species"	"Herbivores"	"No"		"Watson, L., Dallwitz, M.J., 2003 onwards. Insects of Britain and Ireland: the families of Hemiptera. Version: 27th July 2019. https://www.delta-intkey.com/britin/hem/www/scutelle.htm"
"k__Metazoa;p__Arthropoda;c__Insecta;o__Diptera;f__Tipulidae;g__Tipula;s__Tipula submarmorata"	1191670	"Tipula (Pterelachisus) submarmorata"	"NA"	"NA"	"NA"		
"k__Metazoa;p__Gastrotricha;c__;o__Chaetonotida;f__Chaetonotidae;g__Heterolepidoderma;s__Heterolepidoderma acidophilum"	1194612	"Heterolepidoderma ocellatum f. sphagnophilum;Heterolepidoderma ocellatum sphagnophilum;Heterolepidoderma sphagnophilum"	"NA"	"NA"	"NA"		
"k__Metazoa;p__Gastrotricha;c__;o__Chaetonotida;f__Chaetonotidae;g__Lepidodermella;s__Lepidodermella intermedia"	1194613		"NA"	"NA"	"NA"		
"k__Metazoa;p__Arthropoda;c__Insecta;o__Embioptera;f__Embiidae;g__Embia;s__Embia tyrrhenica"	1208769		"Species"	"Omnivores"	"No"	"Primarily detritivorous and phytophagous, with occasional cannibalistic behaviour"	"Fontana, P., Buzzetti, F.M., Stancher, G., 2022. Un gruppo poco conosciuto: generalità, raccolta, allevamento e studio degli Embiotteri italiani e mediterranei. Bollettino della Società entomologica italiana 154(1), 29-43."
"k__Metazoa;p__Nematoda;c__Chromadorea;o__Rhabditida;f__Aphelenchoididae;g__Aphelenchoides;s__Aphelenchoides blastophthorus"	1209610		"Species"	"Fungivores"	"No"		"http://nemaplex.ucdavis.edu/"
"k__Metazoa;p__Nematoda;c__Enoplea;o__Triplonchida;f__Diphtherophoridae;g__Tylolaimophorus;s__Tylolaimophorus typicus"	1209612		"Species"	"Fungivores"	"No"		"http://nemaplex.ucdavis.edu/"
"k__Metazoa;p__Arthropoda;c__Arachnida;o__Trombidiformes;f__Phytoptidae"	1221082		"Family"	"Herbivores"	"No"		"Kiedrowicz, A., Lewandowski, M., Skoracka, A., 2016. Diversity and significance of eriophyoid mites (Acari: Eriophyoidea) associated with coniferous trees in Poland: a review. Biological Letters 53(1), 19–30. https://doi.org/10.1515/biolet-2017-0003"
"k__Metazoa;p__Rotifera;c__Eurotatoria;o__Philodinida;f__Philodinidae;g__Didymodactylos;s__Didymodactylos carnosus"	1234261		"NA"	"NA"	"NA"		
"k__Metazoa;p__Arthropoda;c__Arachnida;o__Sarcoptiformes;f__Nanorchestidae;g__Nanorchestes"	1251890		"Genus"	"Microbivores"	"No"	"Feed on algae"	"Luxton, M., 1990. The marine littoral mites of the New Zealand region. Journal of the Royal Society of New Zealand 20(4), 367–418. https://doi.org/10.1080/03036758.1990.10426719"
"k__Metazoa;p__Arthropoda;c__Arachnida;o__Trombidiformes;f__Ereynetidae"	1251929		"NA"	"NA"	"NA"		
"k__Metazoa;p__Arthropoda;c__Arachnida;o__Trombidiformes;f__Stigmaeidae;g__Eustigmaeus"	1252988		"Genus"	"Carnivores"	"No"		"Khaustov, A.A., 2019. Contribution to systematics of the genus Eustigmaeus (Acari: Stigmaeidae) of Russia. Acarologia 59(1), 152–173. https://doi.org/10.24349/acarologia/20194320"
"k__Metazoa;p__Arthropoda;c__Chilopoda;o__Geophilomorpha;f__Linotaeniidae;g__Strigamia;s__Strigamia acuminata"	1255758	"Geophilus acuminatus"	"Species"	"Carnivores"	"No"		"Ferlian, O., Scheu, S., Pollierer, M.M., 2012. Trophic interactions in centipedes (Chilopoda, Myriapoda) as indicated by fatty acid patterns: Variations with life stage, forest age and season. Soil Biology and Biochemistry 52, 33–42. https://doi.org/10.1016/j.soilbio.2012.04.018"
"k__Metazoa;p__Arthropoda;c__Arachnida;o__Mesostigmata;f__Trachytidae;g__Trachytes;s__Trachytes aegrota"	1255759	"Celaeno aegrota"	"Species"	"Omnivores"	"No"		"Bowman, C.E., 2021. Feeding design in free-living mesostigmatid chelicerae (Acari: Anactinotrichida). Experimental and Applied Acarology 84(1), 1–119. https://doi.org/10.1007/s10493-021-00612-8"
"k__Metazoa;p__Arthropoda;c__Insecta;o__Diptera;f__Sciaridae;g__Bradysia;s__Bradysia cinerascens"	1260803	"Sciara cinerascens"	"NA"	"NA"	"NA"		
"k__Metazoa;p__Arthropoda;c__Insecta;o__Diptera;f__Sciaridae;g__Ctenosciara;s__Ctenosciara hyalipennis"	1260805	"Ctenosciara hyalipennis;Sciara hyalipennis"	"NA"	"NA"	"NA"		
"k__Metazoa;p__Arthropoda;c__Insecta;o__Diptera;f__Sciaridae;g__Sciara;s__Sciara multispinulosa"	1260813		"Species"	"Fungivores"	"No"		"Mlynarek, J.J., Grégoire Taillefer, A., Wheeler, T.A., 2018. Saproxylic Diptera assemblages in a temperate deciduous forest: implications for community assembly. PeerJ 6, e6027. https://doi.org/10.7717/peerj.6027"
"k__Metazoa;p__Arthropoda;c__Insecta;o__Diptera;f__Sciaridae;g__Cratyna;s__Cratyna vagabunda"	1260827	"Cratyna (Peyerimhoffia) vagabunda"	"Species"	"Detritivores"	"No"	"Larvae are detritivores"	"Shin, S., Menzel, F., Heller, K., Lee, H., Lee, S., 2014. Review of the genus Cratyna Winnertz (Diptera: Sciaridae) in Korea, including the description of a new species. Zootaxa 3794(3). https://doi.org/10.11646/zootaxa.3794.3.2"
"k__Metazoa;p__Arthropoda;c__Insecta;o__Diptera;f__Sciaridae;g__Cratyna;s__Cratyna nobilis"	1260830	"Cratyna (Spathobdella) nobilis"	"NA"	"NA"	"NA"		
"k__Metazoa;p__Arthropoda;c__Insecta;o__Diptera;f__Sciaridae;g__Leptosciarella;s__Leptosciarella rejecta"	1260834	"Leptosciarella (Leptosciarella) rejecta rejecta;Leptosciarella (Leptosciarella) rejecta;Leptosciarella rejecta echinata;Leptosciarella rejecta rejecta"	"NA"	"NA"	"NA"		
"k__Metazoa;p__Arthropoda;c__Insecta;o__Diptera;f__Sciaridae;g__Leptosciarella;s__Leptosciarella subpilosa"	1260836	"Leptosciarella (Leptosciarella) subpilosa"	"NA"	"NA"	"NA"		
"k__Metazoa;p__Arthropoda;c__Insecta;o__Diptera;f__Sciaridae;g__Zygoneura;s__Zygoneura sciarina"	1260848	"Zygoneura (Zygoneura) sciarina"	"NA"	"NA"	"NA"		
"k__Metazoa;p__Arthropoda;c__Insecta;o__Diptera;f__Sciaridae;g__Corynoptera;s__Corynoptera subtilis"	1260857	"Sciara subtilis"	"NA"	"NA"	"NA"		
"k__Metazoa;p__Arthropoda;c__Insecta;o__Diptera;f__Sciaridae;g__Corynoptera;s__Corynoptera boletiphaga"	1260858	"Neosciara boletiphaga"	"NA"	"NA"	"NA"		
"k__Metazoa;p__Arthropoda;c__Insecta;o__Diptera;f__Sciaridae;g__Scatopsciara"	1260859		"Genus"	"Fungivores"	"No"		"Gorban, I., Podėnienė, V., 2021. Diversity of the Bibionomorpha and Tipulomorpha (Diptera) from dead ash and aspen wood in the forests of Lithuania. Baltic forestry 27(1). https://doi.org/10.46490/bf538"
"k__Metazoa;p__Arthropoda;c__Insecta;o__Diptera;f__Sciaridae;g__Camptochaeta;s__Camptochaeta camptochaeta"	1260863	"Corynoptera camptochaeta"	"NA"	"NA"	"NA"		
"k__Metazoa;p__Arthropoda;c__Insecta;o__Diptera;f__Sciaridae;g__Bradysiopsis;s__Bradysiopsis vittigera"	1260868	"Sciara vittigera"	"NA"	"NA"	"NA"		
"k__Metazoa;p__Arthropoda;c__Insecta;o__Diptera;f__Sciaridae;g__Corynoptera;s__Corynoptera saetistyla"	1260876		"NA"	"NA"	"NA"		
"k__Metazoa;p__Arthropoda;c__Insecta;o__Diptera;f__Sciaridae;g__Bradysia;s__Bradysia tilicola"	1262229	"Sciara tilicola"	"NA"	"NA"	"NA"		
"k__Metazoa;p__Arthropoda;c__Insecta;o__Diptera;f__Hybotidae;g__Hybos;s__Hybos culiciformis"	1262239	"Asilus culiciformis"	"NA"	"NA"	"NA"		
"k__Metazoa;p__Arthropoda;c__Insecta;o__Coleoptera;f__Elateridae;g__Photophorus;s__Photophorus jansonii"	1266551		"NA"	"NA"	"NA"		
"k__Metazoa;p__Arthropoda;c__Arachnida;o__Opiliones;f__Phalangiidae;g__Mitopus;s__Mitopus morio"	1267525		"Species"	"Carnivores"	"No"		"Phillipson, J., 1960. A Contribution to the Feeding Biology of Mitopus morio (F) (Phalangida). The Journal of Animal Ecology 29(1), 35. https://doi.org/10.2307/2269"
"k__Metazoa;p__Arthropoda;c__Insecta;o__Trichoptera;f__Sericostomatidae;g__Sericostoma;s__Sericostoma personatum"	1271737		"Species"	"Detritivores"	"No"		"Wagner, R., 1990. A laboratory study on the life cycle of Sericostoma personatum (Kirby & Spence), and light dark-dependent food consumption. Hydrobiologia 208, 201–212. https://doi.org/10.1007/BF00007785"
"k__Metazoa;p__Arthropoda;c__Insecta;o__Trichoptera;f__Limnephilidae;g__Glyphotaelius;s__Glyphotaelius pellucidus"	1271742		"Species"	"Detritivores"	"No"		"Otto, C., 1983. Behavioural and Physiological Adaptations to a Variable Habitat in Two Species of Case-Making Caddis Larvae Using Different Food. Oikos 41(2), 188-194. https://doi.org/10.2307/3544262"
"k__Metazoa;p__Gastrotricha;c__;o__Chaetonotida;f__Chaetonotidae;g__Chaetonotus;s__Chaetonotus acanthodes"	1274457		"NA"	"NA"	"NA"		
"k__Metazoa;p__Gastrotricha;c__;o__Chaetonotida;f__Chaetonotidae;g__Ichthydium;s__Ichthydium skandicum"	1274492		"NA"	"NA"	"NA"		
"k__Metazoa;p__Arthropoda;c__Insecta;o__Hemiptera;f__Cicadellidae;g__Eupteryx;s__Eupteryx atropunctata"	1276742	"Eupteryx petasilidis"	"Species"	"Herbivores"	"No"		"Günthardt, M.S., Wanner, H., 1981. The feeding behaviour of two leafhoppers on Vicia faba. Ecological Entomology 6, 17-22. https://doi.org/10.1111/j.1365-2311.1981.tb00968.x, M.S. and WANNER, H. (1981), The feeding behaviour of two leafhoppers on Vicia faba. Ecological Entomology, 6: 17-22. https://doi.org/10.1111/j.1365-2311.1981.tb00968.x"
"k__Metazoa;p__Arthropoda;c__Insecta;o__Thysanoptera;f__Aeolothripidae;g__Aeolothrips;s__Aeolothrips duvali"	1291219		"Species"	"Herbivores"	"No"		"Tingey, W.M., Jorgensen, C.D., Frischknecht, N.C., 1972. Thrips of the Sagebrush-Grass Range Community in West-Central Utah. Journal of Range Management 25(4), 304. https://doi.org/10.2307/3896919"
"k__Metazoa;p__Arthropoda;c__Insecta;o__Thysanoptera;f__Thripidae;g__Aeolothrips;s__Anaphothrips incertus"	1291222	"Limothrips incertus"	"Species"	"Herbivores"	"No"		"Palmer, C.M., Mound, L.A., 2020. The diversity of thrips (Insecta: Thysanoptera) on buffel grass (Cenchrus ciliaris) is markedly lower than on native grasses in an urban landscape. Journal of Urban Ecology 6(1). https://doi.org/10.1093/jue/juaa024"
"k__Metazoa;p__Arthropoda;c__Insecta;o__Thysanoptera;f__Thripidae;g__Pseudodendrothrips;s__Pseudodendrothrips mori"	1291231	"Belothrips mori"	"Species"	"Herbivores"	"No"		"https://keys.lucidcentral.org/keys/v3/thrips_of_california/identify-thrips/key/california-thysanoptera-2012/Media/Html/browse_species/Pseudodendrothrips_mori.htm"
"k__Metazoa;p__Arthropoda;c__Insecta;o__Thysanoptera;f__Thripidae;g__Aptinothrips;s__Aptinothrips rufus"	1291243	"Thrips rufus"	"Species"	"Herbivores"	"No"		"Sharga, U.S., 1933. Biology and life history of Limothrips cebealium Haliday and Aptinothrips rufus Gmelin feeding on Gramineae. Annals of Applied Biology 20(2), 308–326. https://doi.org/10.1111/j.1744-7348.1933.tb07768.x"
"k__Metazoa;p__Arthropoda;c__Insecta;o__Thysanoptera;f__Thripidae;g__Tenothrips;s__Tenothrips frici"	1291297		"Species"	"Herbivores"	"No"		"Kobro, S., Ulitzka, M.R., 2021. Thrips orarius sp. n. and six first records of thrips (Thysanoptera) from Norway. Norwegian Journal of Entomology 68, 130–145."
"k__Metazoa;p__Arthropoda;c__Insecta;o__Diptera;f__Muscidae;g__Spilogona ;s__Spilogona contractifrons"	1291936		"NA"	"NA"	"NA"		
"k__Metazoa;p__Nematoda;c__Chromadorea;o__Rhabditida;f__Aphelenchoididae;g__Robustodorus"	1293520	"Megadorus"	"Genus"	"Fungivores"	"No"		"http://nemaplex.ucdavis.edu/"
"k__Metazoa;p__Nematoda;c__Enoplea;o__Triplonchida;f__Tripylidae;g__Tripyla;s__Tripyla daviesae"	1297122		"Species"	"Carnivores"	"No"		"http://nemaplex.ucdavis.edu/"
"k__Metazoa;p__Arthropoda;c__Collembola;o__Entomobryomorpha;f__Entomobryidae;g__Dicranocentrus;s__Dicranocentrus wangi"	1302322		"NA"	"NA"	"NA"		
"k__Metazoa;p__Arthropoda;c__Collembola;o__Entomobryomorpha;f__Entomobryidae;g__Pseudosinella;s__Pseudosinella alba"	1302326	"Lepidocyrtus albus"	"Species"	"Fungivores"	"No"		"Jørgensen, H.B., Elmholt, S., Petersen, H., 2003. Collembolan dietary specialisation on soil grown fungi. Biology and Fertility of Soils 39(1), 9–15. https://doi.org/10.1007/s00374-003-0674-6"
"k__Metazoa;p__Arthropoda;c__Collembola;o__Entomobryomorpha;f__Tomoceridae;g__Tomocerus;s__Tomocerus ocreatus"	1302332		"NA"	"NA"	"NA"		
"k__Metazoa;p__Arthropoda;c__Arachnida;o__Araneae;f__Linyphiidae;g__Erigone;s__Erigone psychrophila"	1304388		"Species"	"Carnivores"	"No"		"Schmidt, N.M., Mosbacher, J.B., Eitzinger, B., Vesterinen, E.J., Roslin, T., 2018. High resistance towards herbivore-induced habitat change in a high Arctic arthropod community. Biology Letters 14(5), 20180054. https://doi.org/10.1098/rsbl.2018.0054 / Cuff, J. P., Drake, L. E., Tercel, M. P. T. G., Stockdale, J. E., Orozco‐terWengel, P., Bell, J. R., Vaughan, I. P., Müller, C. T., Symondson, W. O. C., 2020. Money spider dietary choice in pre‐ and post‐harvest cereal crops using metabarcoding. Ecological Entomology 46(2), 249–261. https://doi.org/10.1111/een.12957"
"k__Metazoa;p__Platyhelminthes;c__Rhabditophora;o__Rhabdocoela;f__Dalyelliidae;g__Gieysztoria;s__Gieysztoria ornata"	1311893	"Dalyellia ornata"	"NA"	"NA"	"NA"		
"k__Metazoa;p__Platyhelminthes;c__Rhabditophora;o__Rhabdocoela;f__Dalyelliidae;g__Gieysztoria;s__Gieysztoria rubra"	1311895		"NA"	"NA"	"NA"		
"k__Metazoa;p__Platyhelminthes;c__Rhabditophora;o__Rhabdocoela;f__Dalyelliidae;g__Microdalyellia;s__Microdalyellia armigera"	1311898	"Vortex armiger"	"NA"	"NA"	"NA"		
"k__Metazoa;p__Platyhelminthes;c__Rhabditophora;o__Rhabdocoela;f__Carcharodopharyngidae;g__Carcharodopharynx"	1311921		"NA"	"NA"	"NA"		
"k__Metazoa;p__Platyhelminthes;c__Rhabditophora;o__Rhabdocoela;f__Typhloplanidae;g__Acrochordonoposthia;s__Acrochordonoposthia conica"	1311952		"Species"	"Carnivores"	"No"		"Houben, A.M., Proesmans, W., Bert, W., Artois, T.J., 2014. Revision of Acrochordonoposthia Reisinger, 1924 (Rhabditophora, Typhloplanidae, Protoplanellinae) with the description of one new species. Zootaxa 3790, 36-50. https://doi.org/10.11646/zootaxa.3790.1.2"
"k__Metazoa;p__Platyhelminthes;c__Rhabditophora;o__Rhabdocoela;f__Provorticidae;g__Canetellia;s__Canetellia beauchampi"	1311971		"NA"	"NA"	"NA"		
"k__Metazoa;p__Platyhelminthes;c__Rhabditophora;o__Rhabdocoela;f__Dalyelliidae;g__Pseudodalyellia;s__Pseudodalyellia alabamensis"	1311992		"NA"	"NA"	"NA"		
"k__Metazoa;p__Platyhelminthes;c__Rhabditophora;o__Rhabdocoela;f__Typhloplanidae;g__Typhloplana;s__Typhloplana viridata"	1312000	"Planaria viridata"	"NA"	"NA"	"NA"		
"k__Metazoa;p__Arthropoda;c__Insecta;o__Orthoptera;f__Acrididae;g__Podisma;s__Podisma carpetana"	1321395		"NA"	"NA"	"NA"		
"k__Metazoa;p__Arthropoda;c__Insecta;o__Coleoptera;f__Staphylinidae;g__Ilyobates;s__Ilyobates nigricollis"	1321679		"NA"	"NA"	"NA"		
"k__Metazoa;p__Arthropoda;c__Insecta;o__Coleoptera;f__Staphylinidae;g__Ocalea;s__Ocalea badia"	1321685		"NA"	"NA"	"NA"		
"k__Metazoa;p__Arthropoda;c__Insecta;o__Coleoptera;f__Staphylinidae;g__Ocalea;s__Ocalea corsicana"	1321686		"NA"	"NA"	"NA"		
"k__Metazoa;p__Arthropoda;c__Insecta;o__Coleoptera;f__Staphylinidae;g__Thinonoma;s__Thinonoma atra"	1321721	"Tachyusa atra"	"NA"	"NA"	"NA"		
"k__Metazoa;p__Arthropoda;c__Insecta;o__Embioptera;f__Oligotomidae;g__Haploembia;s__Haploembia palaui"	1323539		"NA"	"NA"	"NA"		
"k__Metazoa;p__Arthropoda;c__Arachnida;o__Sarcoptiformes;f__Oribatulidae;g__Oribatula;s__Oribatula sakamorii"	1323719		"NA"	"NA"	"NA"		
"k__Metazoa;p__Arthropoda;c__Insecta;o__Diptera;f__Mycetophilidae;g__Docosia;s__Docosia muranica"	1343501		"NA"	"NA"	"NA"		
"k__Metazoa;p__Arthropoda;c__Insecta;o__Diptera;f__Mycetophilidae;g__Novakia;s__Novakia scatopsiformis"	1343531		"NA"	"NA"	"NA"		
"k__Metazoa;p__Nematoda;c__Chromadorea;o__Rhabditida;f__Pratylenchidae;g__Hoplotylus;s__Hoplotylus femina"	1368613		"Species"	"Herbivores"	"No"		"http://nemaplex.ucdavis.edu/"
"k__Metazoa;p__Arthropoda;c__Insecta;o__Hymenoptera;f__Pamphiliidae;g__Cephalcia;s__Cephalcia lariciphila"	1384797		"Species"	"Herbivores"	"No"		"Vejpustková, M., Holuša, J., 2006. Impact of defoliation caused by the sawfly Cephalcia lariciphila (Hymenoptera: Pamphilidae) on radial growth of larch (Larix decidua Mill.). European Journal of Forest Research 125(4), 391–396. https://doi.org/10.1007/s10342-006-0112-z"
"k__Metazoa;p__Arthropoda;c__Insecta;o__Coleoptera;f__Tenebrionidae;g__Blaps;s__Blaps nitens"	1390667		"NA"	"NA"	"NA"		
"k__Metazoa;p__Arthropoda;c__Insecta;o__Hemiptera;f__Tingidae;g__Acalypta"	1400081		"Genus"	"Herbivores"	"No"		"Rédei, D., Harmat, B., Hufnagel, L., 2004. Ecology of the Acalypta species occurring in Hungary (Insecta: Heteroptera: Tingidae). Applied Ecology and Environmental Research 2(2), 73-91."
"k__Metazoa;p__Arthropoda;c__Insecta;o__Diptera;f__Hybotidae;g__Bicellaria;s__Bicellaria nigra"	1403658	"Cyrtoma nigra"	"NA"	"NA"	"NA"		
"k__Metazoa;p__Arthropoda;c__Insecta;o__Coleoptera;f__Carabidae;g__Trechus;s__Trechus rubens"	1407890		"NA"	"NA"	"NA"		
"k__Metazoa;p__Arthropoda;c__Collembola;o__Symphypleona;f__Bourletiellidae;g__Heterosminthurus"	1410433		"NA"	"NA"	"NA"		
"k__Metazoa;p__Tardigrada;c__Eutardigrada;o__Parachela;f__Doryphoribiidae;g__Apodibius;s__Apodibius confusus"	1424308		"Species"	"Microbivores"	"No"		"Hohberg, K., Russell, D.J., Elmer, M., 2011. Mass occurrence of algal‐feeding tardigrade Apodibius confusus, in the young soils of a post‐mining site. Journal of Zoological Systematics and Evolutionary Research 49(s1), 62–65. https://doi.org/10.1111/j.1439-0469.2010.00600.x"
"k__Metazoa;p__Arthropoda;c__Insecta;o__Hemiptera;f__Aphididae;g__Euceraphis;s__Euceraphis punctipennis"	1425397		"Species"	"Herbivores"	"No"		"Magyar, D., Strażyński, P., Grewling, Ł., Pashley, C. H., Satchwell, J., Bobvos, J., Ladányi, M., 2023. The contribution of aphids (Aphidoidea) to atmospheric concentrations of Alternaria and Cladosporium spores. Aerobiologia 39(3), 345–361. https://doi.org/10.1007/s10453-023-09797-4"
"k__Metazoa;p__Arthropoda;c__Insecta;o__Coleoptera;f__Chrysomelidae;g__Lachnaia;s__Lachnaia pubescens"	1425578	"Clytra pubescens"	"Species"	"Herbivores"	"No"		"Samih, A., Rohi, L., Soldati, F., Maatouf, N., 2024. Response of beetle communities and functional groups to changes in structural and compositional biodiversity of cork oak forest and agricultural landscapes in the northwest of Morocco. Arxius de Miscel·lània Zoològica 22, 169–183. https://doi.org/10.32800/amz.2024.22.0169"
"k__Metazoa;p__Rotifera;c__Malacostraca;o__Amphipoda;f__Gammaridae;g__Echinogammarus;s__Echinogammarus veneris"	1435206		"Species"	"Fungivores"	"No"		"Fano, E.A., Rossi, L., Basset, A., 1982. Fungi in the diet of three benthic invertebrate species. Bolletino Di Zoologia 49(1–2), 99–105. https://doi.org/10.1080/11250008209439377"
"k__Metazoa;p__Arthropoda;c__Insecta;o__Diptera;f__Platypezidae;g__Agathomyia;s__Agathomyia zetterstedti"	1445820	"Callomyia zetterstedti"	"Species"	"Fungivores"	"No"	"Larvae feed on fungi"	"Chandler, P.J., Gilbert, F.S., Rotheray, G.E., 2004. Final stage larvae and puparia of Platypezidae (Diptera). Insect Systematics & Evolution 35, 79-105."
"k__Metazoa;p__Nematoda;c__Chromadorea;o__Rhabditida;f__Sphaeronematidae;g__Meloidoderita;s__Meloidoderita salina"	1446103		"Species"	"Herbivores"	"No"		"http://nemaplex.ucdavis.edu/"
"k__Metazoa;p__Nematoda;c__Enoplea;o__Dorylaimia"	1457286		"NA"	"NA"	"NA"	"Different feeding habits within the order"	
"k__Metazoa;p__Arthropoda;c__Insecta;o__Lepidoptera;f__Tortricidae;g__Cydia;s__Cydia fagiglandana"	1458189	"Tortrix fagiglandana"	"Species"	"Herbivores"	"No"		"Avtzis, D.N., Doudoumis, V., Bourtzis, K., 2014. Wolbachia Infections and Mitochondrial Diversity of Two Chestnut Feeding Cydia Species. PLOS ONE 9(11), e112795. https://doi.org/10.1371/journal.pone.0112795"
"k__Metazoa;p__Arthropoda;c__Collembola;o__Entomobryomorpha;f__Entomobryidae;g__Willowsia;s__Willowsia buski"	1458441	"Seira buskii;Sira buskii;Willowsia buski"	"Species"	"Fungivores"	"No"		"Vannier, G., Kilbertus, G., 1984. Colonization pattern of two saprophagous insect species in a decaying tree log. Revue d'Ecologie et de Biologie du Sol 21(3), 329-346"
"k__Metazoa;p__Platyhelminthes;c__Rhabditophora;o__Rhabdocoela;f__Provorticidae;g__Baicalellia;s__Baicalellia canadensis"	1468191		"NA"	"NA"	"NA"		
"k__Metazoa;p__Platyhelminthes;c__Rhabditophora;o__Lecithoepitheliata;f__Prorhynchidae;g__Prorhynchus;s__Prorhynchus alpinus"	1468198		"NA"	"NA"	"NA"		
"k__Metazoa;p__Platyhelminthes;c__Rhabditophora;o__Lecithoepitheliata;f__Prorhynchidae;g__Prorhynchus;s__Prorhynchus stagnalis"	1468201		"NA"	"NA"	"NA"		
"k__Metazoa;p__Platyhelminthes;c__Rhabditophora;o__Lecithoepitheliata;f__Prorhynchidae;g__Prorhynchus;s__Prorhynchus tasmaniensis"	1468202		"NA"	"NA"	"NA"		
"k__Metazoa;p__Platyhelminthes;c__Rhabditophora;o__Lecithoepitheliata;f__Prorhynchidae;g__Xenoprorhynchus"	1468244		"NA"	"NA"	"NA"		
"k__Metazoa;p__Arthropoda;c__Insecta;o__Ephemeroptera;f__Baetidae;g__Baetis;s__Baetis ingridae"	1469374		"NA"	"NA"	"NA"		
"k__Metazoa;p__Arthropoda;c__Insecta;o__Ephemeroptera;f__Heptageniidae;g__Electrogena;s__Electrogena fallax"	1469378	"Baetis fallax"	"NA"	"NA"	"NA"		
"k__Metazoa;p__Arthropoda;c__Insecta;o__Hymenoptera;f__Pompilidae;g__Tachypompilus;s__Tachypompilus analis"	1486705		"Species"	"Carnivores"	"No"		"Barthélémy, C., 2010. Preliminary description of the predatory and nesting behavior of Tachypompilus analis (Pompilidae: Pompilinae) in Hong Kong, China. Hong Kong Entomological Bulletin 4, 3–9."
"k__Metazoa;p__Arthropoda;c__Insecta;o__Coleoptera;f__Elateridae;g__Anostirus;s__Anostirus castaneus"	1490098		"NA"	"NA"	"NA"		
"k__Metazoa;p__Arthropoda;c__Arachnida;o__Trombidiformes;f__Tetranychidae;g__Petrobia;s__Petrobia latens"	1490239	"Acarus latens"	"Species"	"Herbivores"	"No"	"Feeding on crop (includiing coriander, cumin)"	"Song, Y., Song, Y., Wang, Y., 1996. Control of Petrobia latens. Bulletin of Agricultural Science and Technology 1, 27."
"k__Metazoa;p__Arthropoda;c__Collembola;o__Symphypleona;f__Katiannidae;g__Sminthurinus;s__Sminthurinus aureus"	1496267		"NA"	"NA"	"NA"		
"k__Metazoa;p__Nematoda;c__Chromadorea;o__Rhabditida;f__Diplogastridae;g__Micoletzkya;s__Micoletzkya hylurginophila"	1498070	"Fuchsia hylurginophila"	"NA"	"NA"	"NA"		
"k__Metazoa;p__Arthropoda;c__Insecta;o__Hymenoptera;f__Diapriidae;g__Trichopria;s__Trichopria drosophilae"	1507179		"Species"	"Carnivores"	"No"		"Wang, X.-G., Kaçar, G., Biondi, A., Daane, K. M., 2016. Life-history and host preference of Trichopria drosophilae, a pupal parasitoid of spotted wing drosophila. BioControl 61(4), 387–397. https://doi.org/10.1007/s10526-016-9720-9"
"k__Metazoa;p__Nematoda;c__Chromadorea;o__Monhysterida;f__Monhysteridae;g__Eumonhystera;s__Eumonhystera hungarica"	1510641		"Species"	"Bacterivores"	"No"		"http://nemaplex.ucdavis.edu/"
"k__Metazoa;p__Nematoda;c__Chromadorea;o__Rhabditida;f__Seinuridae;g__Aprutides;s__Aprutides guidetti"	1510645		"Species"	"Fungivores"	"No"		"http://nemaplex.ucdavis.edu/"
"k__Metazoa;p__Nematoda;c__Enoplea;o__Triplonchida;f__Tobrilidae;g__Epitobrilus;s__Epitobrilus stefanskii"	1510650		"Species"	"Carnivores"	"No"		"http://nemaplex.ucdavis.edu/"
"k__Metazoa;p__Nematoda;c__Enoplea;o__Isolaimida;f__Isolaimiidae;g__Isolaimium;s__Isolaimium multistriatum"	1510658		"Species"	"Bacterivores"	"No"		"http://nemaplex.ucdavis.edu/"
"k__Metazoa;p__Nematoda;c__Chromadorea;o__Plectida;f__Aphanolaimidae;g__Paraphanolaimus;s__Paraphanolaimus behningi"	1510662		"Species"	"Bacterivores"	"No"		"http://nemaplex.ucdavis.edu/"
"k__Metazoa;p__Nematoda;c__Chromadorea;o__Rhabditida;f__Hoplolaimidae;g__Rotylenchulus;s__Rotylenchulus borealis"	1510666		"Species"	"Herbivores"	"No"		"http://nemaplex.ucdavis.edu/"
"k__Metazoa;p__Nematoda;c__Chromadorea;o__Rhabditida;f__Telotylenchidae;g__Tylenchorhynchus;s__Tylenchorhynchus teeni"	1510669	"Bitylenchus teeni"	"Species"	"Herbivores"	"No"		"http://nemaplex.ucdavis.edu/"
"k__Metazoa;p__Nematoda;c__Chromadorea;o__Rhabditida;f__Panagrolaimidae;g__Propanagrolaimus"	1510670		"Genus"	"Bacterivores"	"No"		"http://nemaplex.ucdavis.edu/"
"k__Metazoa;p__Nematoda;c__Enoplea;o__Dorylaimida;f__Leptonchidae;g__Proleptonchus;s__Proleptonchus weischeri"	1510674		"Species"	"Fungivores"	"No"		"http://nemaplex.ucdavis.edu/"
"k__Metazoa;p__Nematoda;c__Chromadorea;o__Rhabditida;f__Heteroderidae;g__Globodera;s__Globodera ellingtonae"	1517492	"Globodera sp. AMS-2009"	"Species"	"Herbivores"	"No"		"http://nemaplex.ucdavis.edu/"
"k__Metazoa;p__Arthropoda;c__Collembola;o__Poduromorpha;f__Onychiuridae;g__Protaphorura;s__Protaphorura fimata"	1519113		"Species"	"Herbivores"	"No"	"Feeds on seeds and germinating seedlings of lettuce"	"Joseph, S.V., Bettiga, C., Ramirez, C., Soto-Adames, F.N., 2015. Evidence of Protaphorura fimata (Collembola: Poduromorpha: Onychiuridae) feeding on germinating lettuce in the Salinas Valley of California. Journal of Economic Entomology 108(1), 228–236. https://doi.org/10.1093/jee/tou021"
"k__Metazoa;p__Arthropoda;c__Insecta;o__Diptera;f__Scatopsidae;g__Scatopse;s__Scatopse notata"	1520325		"Species"	"Detritivores"	"No"	"Larvae are detritivores"	"Basbagcİ, G., Erler, F., 2013. Evaluation of some essential oils and their major components against mushroom scatopsid flies as fumigants. Fresenius Environmental Bulletin 22(11), 3170–3178."
"k__Metazoa;p__Arthropoda;c__Insecta;o__Ephemeroptera;f__Baetidae;g__Baetis;s__Baetis enigmaticus"	1521165		"Species"	"Microbivores"	"No"		"Rutschmann, S., Gattolliat, J., Hughes, S.J., Báez, M., Sartori, M., Monaghan, M.T., 2014. Evolution and island endemism of morphologically cryptic Baetis and Cloeon species (Ephemeroptera, Baetidae) on the Canary Islands and Madeira. Freshwater Biology 59(12), 2516–2527. https://doi.org/10.1111/fwb.12450"
"k__Metazoa;p__Arthropoda;c__Insecta;o__Diptera;f__Ceratopogonidae;g__Forcipomyia;s__Forcipomyia nigra"	1525510		"Species"	"Omnivores"	"Yes"	"Larvae are detritivores, females could be pollinivorous or just sucking hemolymph from insects that pollinate plants"	"Urbanek, A., Rost-Roszkowska, M.M., 2015. Ultrastructural studies on the midgut of biting midge Forcipomyia nigra (Winnertz) (Diptera: Ceratopogonidae). Micron 69, 25–34. https://doi.org/10.1016/j.micron.2014.11.003"
"k__Metazoa;p__Nematoda;c__Chromadorea;o__Rhabditida;f__Tylenchidae;g__Basiria;s__Basiria duplexa"	1538485		"Species"	"Herbivores"	"No"		"http://nemaplex.ucdavis.edu/"
"k__Metazoa;p__Nematoda;c__Chromadorea;o__Rhabditida;f__Tylenchidae;g__Cephalenchus;s__Cephalenchus leptus"	1538487		"Species"	"Herbivores"	"No"		"http://nemaplex.ucdavis.edu/"
"k__Metazoa;p__Nematoda;c__Chromadorea;o__Rhabditida;f__Tylenchidae;g__Filenchus;s__Filenchus andrassyi"	1538491		"Species"	"Fungivores"	"No"		"http://nemaplex.ucdavis.edu/"
"k__Metazoa;p__Nematoda;c__Chromadorea;o__Rhabditida;f__Tylenchidae;g__Filenchus;s__Filenchus aquilonius"	1538492	"Tylenchus aquilonius"	"Species"	"Fungivores"	"No"		"http://nemaplex.ucdavis.edu/"
"k__Metazoa;p__Nematoda;c__Chromadorea;o__Rhabditida;f__Tylenchidae;g__Filenchus;s__Filenchus chilensis"	1538493		"Species"	"Fungivores"	"No"		"http://nemaplex.ucdavis.edu/"
"k__Metazoa;p__Nematoda;c__Chromadorea;o__Rhabditida;f__Tylenchidae;g__Filenchus;s__Filenchus facultativus"	1538494		"Species"	"Fungivores"	"No"		"http://nemaplex.ucdavis.edu/"
"k__Metazoa;p__Nematoda;c__Chromadorea;o__Rhabditida;f__Hoplolaimidae;g__Helicotylenchus;s__Helicotylenchus digitiformis"	1538498		"Species"	"Herbivores"	"No"		"http://nemaplex.ucdavis.edu/"
"k__Metazoa;p__Nematoda;c__Chromadorea;o__Rhabditida;f__Hoplolaimidae;g__Helicotylenchus;s__Helicotylenchus minzi"	1538500		"Species"	"Herbivores"	"No"		"http://nemaplex.ucdavis.edu/"
"k__Metazoa;p__Nematoda;c__Chromadorea;o__Rhabditida;f__Tylenchidae;g__Malenchus;s__Malenchus acarayensis"	1538503		"Species"	"Herbivores"	"No"		"http://nemaplex.ucdavis.edu/"
"k__Metazoa;p__Nematoda;c__Chromadorea;o__Rhabditida;f__Tylenchidae;g__Malenchus;s__Malenchus neosulcus"	1538504		"Species"	"Herbivores"	"No"		"http://nemaplex.ucdavis.edu/"
"k__Metazoa;p__Nematoda;c__Chromadorea;o__Rhabditida;f__Tylenchidae;g__Tylenchus;s__Tylenchus naranensis"	1538505		"Species"	"Herbivores"	"No"		"http://nemaplex.ucdavis.edu/"
"k__Metazoa;p__Nematoda;c__Chromadorea;o__Rhabditida;f__Tylenchidae;g__Irantylenchus;s__Irantylenchus vicinus"	1538510	"Irantylenchus clavidorus;Tylenchus vicinus"	"Species"	"Herbivores"	"No"		"http://nemaplex.ucdavis.edu/"
"k__Metazoa;p__Nematoda;c__Chromadorea;o__Rhabditida;f__Tylenchidae;g__Filenchus;s__Filenchus longiurus"	1538511	"Ottolenchus longiurus"	"Species"	"Fungivores"	"No"		"http://nemaplex.ucdavis.edu/"
"k__Metazoa;p__Nematoda;c__Chromadorea;o__Rhabditida;f__Neodiplogasteridae;g__Fictor;s__Fictor stercorarius"	1538713		"Species"	"Bacterivores"	"No"		"http://nemaplex.ucdavis.edu/"
"k__Metazoa;p__Arthropoda;c__Insecta;o__Coleoptera;f__Curculionidae;g__Sitona;s__Sitona obsoletus"	1541163	"Curculio obsoletus"	"Species"	"Herbivores"	"No"		"Basse, B., Phillips, C.B., Hardwick, S., Kean, J. M., 2015. Economic benefits of biological control of Sitona obsoletus (clover root weevil) in Southland pasture. New Zealand Plant Protection 68, 218–226. https://doi.org/10.30843/nzpp.2015.68.5809."
"k__Metazoa;p__Nematoda;c__Chromadorea;o__Rhabditida;f__Tylenchulidae;g__Paratylenchus;s__Paratylenchus goldeni"	1542466		"Species"	"Herbivores"	"No"		"http://nemaplex.ucdavis.edu/"
"k__Metazoa;p__Nematoda;c__Chromadorea;o__Rhabditida;f__Telotylenchidae;g__Bitylenchus;s__Bitylenchus parvus"	1544698	"Tylenchorhynchus parvus"	"Species"	"Herbivores"	"No"		"http://nemaplex.ucdavis.edu/"
"k__Metazoa;p__Nematoda;c__Chromadorea;o__Rhabditida;f__Telotylenchidae;g__Tylenchorhynchus;s__Tylenchorhynchus clarus"	1544706		"Species"	"Herbivores"	"No"		"http://nemaplex.ucdavis.edu/"
"k__Metazoa;p__Arthropoda;c__Insecta;o__Hemiptera;f__Miridae;g__Calocoris;s__Calocoris alpestris"	1545087	"Adelphocoris alpestris"	"NA"	"NA"	"NA"		
"k__Metazoa;p__Arthropoda;c__Insecta;o__Hemiptera;f__Miridae;g__Pithanus;s__Pithanus maerkelii"	1545217		"NA"	"NA"	"NA"		
"k__Metazoa;p__Arthropoda;c__Insecta;o__Coleoptera;f__Staphylinidae;g__Acrotona;s__Acrotona fungi"	1553023	"Aleochara fungi"	"NA"	"NA"	"NA"		
"k__Metazoa;p__Arthropoda;c__Insecta;o__Coleoptera;f__Elateridae;g__Dalopius;s__Dalopius marginatus"	1553258		"Species"	"Omnivores"	"No"	"Larvae are found in the soil in woodland, probably mainly predaceous on insect larvae but also feeding on plant roots"	"Lompe, A., 2013. Subfamily Elaterinae (Elateridae) Key to British Species. Available at: http://www.coleo-net.de/coleo/texte/elateridae.htm"
"k__Metazoa;p__Arthropoda;c__Insecta;o__Coleoptera;f__Staphylinidae;g__Acidota;s__Acidota crenata"	1553348	"Staphylinus crenatus"	"NA"	"NA"	"NA"		
"k__Metazoa;p__Arthropoda;c__Insecta;o__Coleoptera;f__Staphylinidae;g__Anthophagus;s__Anthophagus alpinus"	1553359		"NA"	"NA"	"NA"		
"k__Metazoa;p__Arthropoda;c__Insecta;o__Coleoptera;f__Hydrophilidae;g__Megasternum;s__Megasternum concinnum"	1553560		"Species"	"Detritivores"	"No"	"Coprophagous"	"Anderson, A., Carnus, T., Helden, A.J., Sheridan, H., Purvis, G., 2012. The influence of conservation field margins in intensively managed grazing land on communities of five arthropod trophic groups. Insect Conservation and Diversity 6(3), 201–211. https://doi.org/10.1111/j.1752-4598.2012.00203.x"
"k__Metazoa;p__Arthropoda;c__Insecta;o__Coleoptera;f__Staphylinidae;g__Mycetoporus;s__Mycetoporus boreellus"	1553575		"NA"	"NA"	"NA"		
"k__Metazoa;p__Arthropoda;c__Insecta;o__Coleoptera;f__Staphylinidae;g__Mycetoporus;s__Mycetoporus lepidus"	1553576		"Species"	"Carnivores"	"No"		"Majzlan, O., Fedor, P. J., 2009. The phenology of geobiont beetles (Coleoptera) and other arthropods (Arthropoda) in the Vysoké Tatry Mts. Folia oecologica 36(2), 116."
"k__Metazoa;p__Arthropoda;c__Insecta;o__Coleoptera;f__Staphylinidae;g__Olophrum;s__Olophrum boreale"	1553603		"NA"	"NA"	"NA"		
"k__Metazoa;p__Arthropoda;c__Insecta;o__Coleoptera;f__Carabidae;g__Patrobus;s__Patrobus septentrionis"	1553643		"Species"	"Carnivores"	"No"		"Rex, C.L., Bateman, M.D., Buckland, P.C., Panagiotakopulu, E., Livingstone, S.J., Hardiman, M., Eddey, L., 2023. A revision of the British chronostratigraphy within the last glacial-interglacial cycle based on new evidence from Arclid, Cheshire UK. Quaternary Science Reviews 299, 107882. https://doi.org/10.1016/j.quascirev.2022.107882"
"k__Metazoa;p__Arthropoda;c__Insecta;o__Coleoptera;f__Staphylinidae;g__Philonthus;s__Philonthus lederi"	1553651		"NA"	"NA"	"NA"		
"k__Metazoa;p__Arthropoda;c__Insecta;o__Coleoptera;f__Cantharidae;g__Podabrus;s__Podabrus alpinus"	1553677	"Cantharis alpinus"	"Species"	"Omnivores"	"No"	"Larvae are believed to be predators living in upper soil layers and organic debris, adults are predators, feeding on soft-bodied insects but have also been observed to feed on pollen. "	"Crowley, L.M., Chua, P., Kusy, D., 2023. The genome sequence of a soldier beetle, Podabrus alpinus (Paykull, 1798). Wellcome Open Research 8, 56. https://doi.org/10.12688/wellcomeopenres.18890.1"
"k__Metazoa;p__Arthropoda;c__Insecta;o__Coleoptera;f__Ptiliidae;g__Ptiliolum;s__Ptiliolum sahlbergi"	1553689		"NA"	"NA"	"NA"		
"k__Metazoa;p__Arthropoda;c__Insecta;o__Coleoptera;f__Cantharidae;g__Rhagonycha;s__Rhagonycha atra"	1553713	"Cantharis atra"	"NA"	"NA"	"NA"		
"k__Metazoa;p__Arthropoda;c__Insecta;o__Plecoptera;f__Perlodidae;g__Perlodes;s__Perlodes mortoni"	1554534	"Dictyopteryx mortoni"	"Species"	"Carnivores"	"No"	"Nymphs are carnivores"	"Mackereth, J.C., 1957. Notes on the Plecoptera from a Stony Stream. Journal of Animal Ecology 26(2), 343–351. https://doi.org/10.2307/1751"
"k__Metazoa;p__Arthropoda;c__Arachnida;o__Sarcoptiformes;f__Winterschmidtiidae;g__Czenspinskia"	1569444		"Genus"	"Fungivores"	"No"		"O’Dowd, D.J., Pemberton, R.W., 1998. Leaf domatia and foliar mite abundance in broadleaf deciduous forest of north asia. American Journal of Botany 85(1), 70–78. https://doi.org/10.2307/2446556"
"k__Metazoa;p__Arthropoda;c__Diplopoda;o__Glomerida;f__Glomeridae;g__Glomeris;s__Glomeris intermedia"	1569476		"Species"	"Detritivores"	"No"		"Proesmans, W., Verheyen, K., 2014. Millipede communities in small forest patches in contrasting agricultural landscapes. Ghent University, PhD Thesis, 76 pp. http://www.unicat.be/uniCat?func=search&query=sysid:128799516"
"k__Metazoa;p__Nematoda;c__Chromadorea;o__Rhabditida;f__Panagrolaimidae;g__Baldwinema;s__Baldwinema ilamense"	1576582		"Species"	"Bacterivores"	"No"		"http://nemaplex.ucdavis.edu/"
"k__Metazoa;p__Nematoda;c__Chromadorea;o__Rhabditida;f__Tylenchidae;g__Discotylenchus"	1582099		"Genus"	"Herbivores"	"No"		"http://nemaplex.ucdavis.edu/"
"k__Metazoa;p__Nematoda;c__Chromadorea;o__Rhabditida;f__Tylenchidae;g__Discopersicus;s__Discopersicus iranicus"	1582100	"Discotylenchus iranicus"	"Species"	"Herbivores"	"No"		"http://nemaplex.ucdavis.edu/"
"k__Metazoa;p__Arthropoda;c__Insecta;o__Coleoptera;f__Ptinidae;g__Ernobius;s__Ernobius abietis"	1587281	"Anobium abietis"	"NA"	"NA"	"NA"		
"k__Metazoa;p__Arthropoda;c__Insecta;o__Coleoptera;f__Staphylinidae;g__Eusphalerum;s__Eusphalerum limbatum"	1587300	"Anthobium limbatum"	"Species"	"Herbivores"	"No"		"Zehetmair, T.J.S., 2015. Diversität der Insektenfauna europäischer Buchenwälder (Asperulo-Fagetum) in einem biogeografischen Gradienten. Technische Universität München, PhD Thesis, 170 pp. http://d-nb.info/1074243471/34"
"k__Metazoa;p__Arthropoda;c__Insecta;o__Coleoptera;f__Ptinidae;g__Lasioderma;s__Lasioderma redtenbacheri"	1587376		"NA"	"NA"	"NA"		
"k__Metazoa;p__Arthropoda;c__Collembola;o__Entomobryomorpha;f__Paronellidae;g__Cyphoderus;s__Cyphoderus javanus"	1588068		"NA"	"NA"	"NA"		
"k__Metazoa;p__Arthropoda;c__Collembola;o__Entomobryomorpha;f__Paronellidae;g__Pseudoparonella"	1588077		"NA"	"NA"	"NA"		
"k__Metazoa;p__Arthropoda;c__Insecta;o__Diptera;f__Cecidomyiidae;g__Lasioptera;s__Lasioptera rubi"	1588142	"Tipula rubi"	"Species"	"Omnivores"	"No"	"Feeds of plant tissue and fungi within galls"	"Majić, I., Sarajlić, A., Lakatos, T., Tóth, T., Raspudić, E., Puškadija, Z., Šarić, G.K., Laznik, Ž., 2019. Virulence of new strain of Heterorhabditis bacteriophora from Croatia against Lasioptera rubi. Plant Protection Science 55(2), 134–141. https://doi.org/10.17221/119/2018-pps"
"k__Metazoa;p__Arthropoda;c__Insecta;o__Diptera;f__Keroplatidae;g__Orfelia;s__Orfelia nemoralis"	1588145		"NA"	"NA"	"NA"		
"k__Metazoa;p__Arthropoda;c__Insecta;o__Diptera;f__Cecidomyiidae;g__Lestremia"	1588161		"Genus"	"Detritivores"	"No"		"Mamaev, B.M., 1996. Records of gall midges of the subfamily Lestremiinae (Diptera: Cecidomyiidae) in Sweden. Entomologisk Tidskrift 117(1-2), 61-62."
"k__Metazoa;p__Arthropoda;c__Insecta;o__Diptera;f__Cecidomyiidae;g__Porricondyla"	1588167		"Genus"	"Fungivores"	"No"		"Jaschhof, M., 2024. New taxa and new records of Winnertziinae and Porricondylinae (Diptera: Cecidomyiidae) from Germany. European Journal of Taxonomy 953, 1–134. https://doi.org/10.5852/ejt.2024.953.2649"
"k__Metazoa;p__Arthropoda;c__Insecta;o__Coleoptera;f__Cantharidae;g__Metacantharis;s__Metacantharis clypeata"	1588237	"Cantharis clypeata"	"NA"	"NA"	"NA"		
"k__Metazoa;p__Arthropoda;c__Insecta;o__Diptera;f__Limoniidae;g__Dicranomyia;s__Dicranomyia halterella"	1588690	"Dicranomyia (Idiopyga) halterella"	"NA"	"NA"	"NA"		
"k__Metazoa;p__Arthropoda;c__Insecta;o__Diptera;f__Mycetophilidae;g__Tarnania;s__Tarnania tarnanii"	1601832	"Rhymosia tarnanii"	"NA"	"NA"	"NA"		
"k__Metazoa;p__Arthropoda;c__Insecta;o__Hemiptera;f__Cydnidae;g__Macroscytus;s__Macroscytus fraterculus"	1603585		"NA"	"NA"	"NA"		
"k__Metazoa;p__Arthropoda;c__Insecta;o__Dermaptera;f__Anisolabididae;g__Euborellia;s__Euborellia arcanum"	1610841		"Species"	"Omnivores"	"No"		"Matzke, D., Kocarek, P., 2015. Description and biology of Euborellia arcanum sp. nov., an alien earwig occupying greenhouses in Germany and Austria (Dermaptera: Anisolabididae). Zootaxa 3956(1), 131-9. https://doi.org/10.11646/zootaxa.3956.1.8."
"k__Metazoa;p__Rotifera;c__Eurotatoria;o__Flosculariaceae;f__Flosculariidae;g__Collotheca;s__Collotheca tenuilobata"	1611838	"Floscularia tenuilobata"	"NA"	"NA"	"NA"		
"k__Metazoa;p__Rotifera;c__Eurotatoria;o__Flosculariaceae;f__Flosculariidae;g__Ptygura;s__Ptygura beauchampi"	1611841		"NA"	"NA"	"NA"		
"k__Metazoa;p__Rotifera;c__Eurotatoria;o__Flosculariaceae;f__Flosculariidae;g__Floscularia;s__Floscularia bifida"	1611845		"NA"	"NA"	"NA"		
"k__Metazoa;p__Rotifera;c__Eurotatoria;o__Flosculariaceae;f__Hexarthridae;g__Hexarthra;s__Hexarthra intermedia"	1611852	"Pedalia intermedia"	"Species"	"Microbivores"	"No"		"Wallace, R.L., Walsh, E.J., 2019. Evidence does not support the conclusion that Hexarthra intermedia (Rotifera, Monogononta, Flosculariaceae) causes mortality in Bosmina longirostris (Cladocera, Diplostraca, Branchiopoda). Limnetica 38(1), 147–157. https://doi.org/10.23818/limn.38.16"
"k__Metazoa;p__Rotifera;c__Eurotatoria;o__Flosculariaceae;f__Flosculariidae;g__Lacinularia;s__Lacinularia flosculosa"	1611854	"Vorticella flosculosa"	"NA"	"NA"	"NA"		
"k__Metazoa;p__Rotifera;c__Eurotatoria;o__Flosculariaceae;f__Flosculariidae;g__Limnias;s__Limnias ceratophylli"	1611856		"Species"	"Microbivores"	"No"		"Sarma, S.S.S., Jiménez-Santos, M.A., Nandini, S., Wallace, R.L., 2017. Demography of the sessile rotifers, Limnias ceratophylli and Limnias melicerta (Rotifera: Gnesiotrocha), in relation to food (Chlorella vulgaris Beijerinck, 1890) density. Hydrobiologia 796(1), 181–189. https://doi.org/10.1007/s10750-017-3184-5"
"k__Metazoa;p__Nematoda;c__Chromadorea;o__Rhabditida;f__Tylenchulidae;g__Gracilacus;s__Gracilacus wuae"	1632182	"Gracilacus wuae"	"Species"	"Herbivores"	"No"		"http://nemaplex.ucdavis.edu/"
"k__Metazoa;p__Arthropoda;c__Arachnida;o__Trombidiformes;f__Eutrombidiidae;g__Hexathrombium"	1635227		"Genus"	"Carnivores"	"No"	"Parasite"	"Acal, D.A.P., Wiesner, J., Nuñeza, O.M., Jaskuła, R., 2021. Tiger beetles (Coleoptera, Cicindelidae) of Northern Mindanao region (Philippines): checklist, distributional maps, and habitats. ZooKeys 1017, 37–75. https://doi.org/10.3897/zookeys.1017.34500"
"k__Metazoa;p__Nematoda;c__Enoplea;o__Trichinellida;f__Capillariidae;g__Pearsonema"	1647934		"Genus"	"Carnivores"	"No"		"Pelligra, S., Guardone, L., Riggio, F., Parisi, F., Maestrini, M., Mariacher, A., Perrucci, S., 2020. Pearsonema spp. (Family Capillariidae, Order Enoplida) Infection in Domestic Carnivores in Central–Northern Italy and in a Red Fox Population from Central Italy. Animals 10(9), 1607. https://doi.org/10.3390/ani10091607."
"k__Metazoa;p__Nematoda;c__Enoplea;o__Trichinellida;f__Capillariidae;g__Aonchotheca;s__Aonchotheca putorii"	1647945	"Aonchotheca (Aonchotheca) putorii;Trichosoma putorii"	"Species"	"Carnivores"	"No"		"Zalewski, A., Kołodziej-Sobocińska, M., Bartoń, K.A., 2022. A tale of two nematodes: Climate mediates mustelid infection by nematodes across the geographical range. International Journal for Parasitology: Parasites and Wildlife 17, 218–224. https://doi.org/10.1016/j.ijppaw.2022.02.005"
"k__Metazoa;p__Nematoda;c__Chromadorea;o__Rhabditida;f__Rhabditidae;g__Pellioditis;s__Pellioditis marina"	1654675	"Pellioditis marina;Rhabditis marina"	"Species"	"Bacterivores"	"No"		"http://nemaplex.ucdavis.edu/"
"k__Metazoa;p__Arthropoda;c__Insecta;o__Hemiptera;f__Cicadellidae;g__Balclutha;s__Balclutha punctata"	1655874		"Species"	"Herbivores"	"No"		"Thanou, Z., Stamouli, M., Magklara, A., Theodorou, D., Stamatakou, G., Konidis, G., Koufopoulou, P., Lyberopoulos, C., Tribonia, S., Vetsos, P., Katribouzas, A., Kalaitzaki, A., Papadoulis, G., Tsagkarakis, A., 2024. Faunistic Study of Auchenorrhyncha in Olive Orchards in Greece, Including First Records of Species. Agronomy 14(12), 2792. https://doi.org/10.3390/agronomy14122792"
"k__Metazoa;p__Arthropoda;c__Insecta;o__Hemiptera;f__Cicadellidae;g__Fagocyba;s__Fagocyba douglasi"	1656773		"Species"	"Herbivores"	"No"		"Guglielmino, A., Bückle, C., Remane, R., 2005. Contribution to the knowledge of the Auchenorrhyncha fauna of Central Italy (Hemiptera, Fulgoromorpha et Cicadomorpha). Marburger Entomologische Publikationen 3(3), 13-98."
"k__Metazoa;p__Nematoda;c__Enoplea;o__Triplonchida;f__Diphtherophoridae;g__Triplonchium;s__Triplonchium cylindricum"	1659213		"NA"	"NA"	"NA"		
"k__Metazoa;p__Nematoda;c__Enoplea;o__Mermithida;f__Mermithidae;g__Pheromermis"	1670665		"Genus"	"Carnivores"	"No"		"http://nemaplex.ucdavis.edu/"
"k__Metazoa;p__Arthropoda;c__Insecta;o__Diptera;f__Syrphidae;g__Sericomyia;s__Sericomyia silentis"	1676147		"Species"	"Omnivores"	"Yes"	"Larvae are microbiovres, adults feed on nectar and pollen"	"Skevington, J.H., Thompson, F.C., 2012. Review of New World Sericomyia (Diptera: Syrphidae), including description of a new species. The Canadian Entomologist 144(2), 216–247. https://doi.org/10.4039/tce.2012.24"
"k__Metazoa;p__Arthropoda;c__Insecta;o__Diptera;f__Cecidomyiidae;g__Lasioptera;s__Lasioptera carophila"	1678855		"Species"	"Herbivores"	"No"		"Szwejda, J.H., 2023. Diptera Pests Occurring on Vegetable Crops in Poland. Journal of Horticultural Research 31(2), 169–188. https://doi.org/10.2478/johr-2023-0030"
"k__Metazoa;p__Arthropoda;c__Insecta;o__Diptera;f__Cecidomyiidae;g__Ozirhincus"	1678859		"Genus"	"Herbivores"	"No"		"Grosscurt, A., 2022. De galmuggen Ozirhincus hungaricus and O. longicollis in bloemhoofdjes van boerenwormkruid (Diptera: Cecidomyiidae). Entomologische Berichten 82(2), 60–64."
"k__Metazoa;p__Arthropoda;c__Insecta;o__Diptera;f__Rangomaramidae;g__Chiletricha;s__Chiletricha spinulosa"	1689131		"NA"	"NA"	"NA"		
"k__Metazoa;p__Arthropoda;c__Insecta;o__Diptera;f__Rangomaramidae;g__Insulatricha;s__Insulatricha hippai"	1689133		"NA"	"NA"	"NA"		
"k__Metazoa;p__Arthropoda;c__Insecta;o__Diptera;f__Limoniidae;g__Limonia;s__Limonia nubeculosa"	1690341		"NA"	"NA"	"NA"		
"k__Metazoa;p__Arthropoda;c__Insecta;o__Diptera;f__Chironomidae;g__Arctopelopia"	1690370		"Genus"	"Omnivores"	"No"		"Reuss, N.S., Hamerlík, L., Velle, G., Michelsen, A., Pedersen, O., Brodersen, K.P., 2013. Stable isotopes reveal that chironomids occupy several trophic levels within West Greenland lakes: Implications for food web studies. Limnology and Oceanography 58(3), 1023–1034. https://doi.org/10.4319/lo.2013.58.3.1023. / Burtt, E.T., Perry, R.J.O., McLachlan, A.J., 1986. Feeding and sexual dimorphism in adult midges (Diptera: Chironomidae). Ecography 9(1), 27–32. https://doi.org/10.1111/j.1600-0587.1986.tb01188.x."
"k__Metazoa;p__Arthropoda;c__Insecta;o__Diptera;f__Anthomyiidae;g__Alliopsis;s__Alliopsis silvestris"	1692455	"Musca silvestris"	"NA"	"NA"	"NA"		
"k__Metazoa;p__Nematoda;c__Chromadorea;o__Rhabditida;f__Hoplolaimidae;g__Rotylenchus;s__Rotylenchus cypriensis"	1697376		"Species"	"Herbivores"	"No"		"http://nemaplex.ucdavis.edu/"
"k__Metazoa;p__Arthropoda;c__Insecta;o__Diptera;f__Phoridae;g__Megaselia;s__Megaselia lata"	1701713	"Phora lata"	"NA"	"NA"	"NA"		
"k__Metazoa;p__Arthropoda;c__Insecta;o__Diptera;f__Phoridae;g__Megaselia;s__Megaselia lucifrons"	1701714	"Aphiochaeta lucifrons"	"NA"	"NA"	"NA"		
"k__Metazoa;p__Arthropoda;c__Arachnida;o__Araneae;f__Araneidae;g__Alpaida;s__Alpaida alto"	1712233		"NA"	"NA"	"NA"		
"k__Metazoa;p__Arthropoda;c__Arachnida;o__Trombidiformes;f__Penthalodidae;g__Penthalodes"	1712372		"NA"	"NA"	"NA"		
"k__Metazoa;p__Arthropoda;c__Arachnida;o__Sarcoptiformes;f__Ctenacaridae;g__Beklemishevia;s__Beklemishevia galeodula"	1712436		"NA"	"NA"	"NA"		
"k__Metazoa;p__Arthropoda;c__Arachnida;o__Sarcoptiformes;f__Nematalycidae;g__Cunliffea"	1712465		"NA"	"NA"	"NA"		
"k__Metazoa;p__Arthropoda;c__Arachnida;o__Sarcoptiformes;f__Nematalycidae;g__Gordialycus"	1712469		"Genus"	"Microbivores"	"No"		"Bolton, S.J., Bauchan, G.R., Ochoa, R., Klompen, H., 2015. A novel fluid-feeding mechanism for microbivory in the Acariformes (Arachnida: Acari). Arthropod Structure & Development 44(4), 313–325. https://doi.org/10.1016/j.asd.2015.04.009."
"k__Metazoa;p__Arthropoda;c__Arachnida;o__Sarcoptiformes;f__Micropsammidae;g__Micropsammus"	1712475		"Genus"	"Fungivores"	"No"		"https://keys.lucidcentral.org/keys/v3/mites/Invasive_Mite_Identification/key/Endeostigmata/Media/Html/Micropsammus.htm"
"k__Metazoa;p__Arthropoda;c__Arachnida;o__Sarcoptiformes;f__Pediculochelidae;g__Paralycus"	1712481		"NA"	"NA"	"NA"		
"k__Metazoa;p__Arthropoda;c__Arachnida;o__Trombidiformes;f__Raphignathidae;g__Raphignathus"	1712485		"Genus"	"Carnivores"	"No"		"Doğan, S., Doğan, S., Erman, O., 2019. Harşit Vadisi’nden (Türkiye) Raphignathus Dugés (Acari: Raphignathidae) akarları ve cinsin diğer üyeleri hakkında taksonomik yorumlar. Plant Protection Bulletin 59(1), 25–36. https://doi.org/10.16955/bitkorb.419431"
"k__Metazoa;p__Arthropoda;c__Arachnida;o__Trombidiformes;f__Paratydeidae;g__Tanytydeus"	1712487		"NA"	"NA"	"NA"		
"k__Metazoa;p__Arthropoda;c__Arachnida;o__Trombidiformes;f__Cryptognathidae"	1712501		"Family"	"Herbivores"	"No"		"Khanjani, M., Khanjani, M., Rafeian Najaf-Abadi, P., Seeman, O.D., 2014. Three new species of the genus Favognathus Luxton (Acari: Cryptognathidae) and re-description of Cryptognathus lagena Kramer from Iran. International Journal of Acarology 40(5), 370–383. https://doi.org/10.1080/01647954.2014.924993"
"k__Metazoa;p__Arthropoda;c__Insecta;o__Diptera;f__Chironomidae;g__Bryophaenocladius;s__Bryophaenocladius ictericus"	1720634	"Chironomus ictericus"	"NA"	"NA"	"NA"		
"k__Metazoa;p__Arthropoda;c__Insecta;o__Diptera;f__Chironomidae;g__Tanytarsus;s__Tanytarsus ejuncidus"	1729532	"Chironomus ejuncidus"	"Species"	"Detritivores"	"No"	"Larvae are filter-feeding"	"Walshe, B.M., 1951. The feeding habits of certain chironomid larvae (subfamily Tendipedinae). Proceedings of the Zoological Society of London 121, 63-79. https://doi.org/10.1111/j.1096-3642.1951.tb00738.x"
"k__Metazoa;p__Nematoda;c__Enoplea;o__Enoplida;f__Trischistomatidae;g__Trischistoma;s__Trischistoma pellucidum"	1736765		"Species"	"Carnivores"	"No"		"http://nemaplex.ucdavis.edu/"
"k__Metazoa;p__Arthropoda;c__Insecta;o__Diptera;f__Mycetophilidae;g__Docosia;s__Docosia sciarina"	1739655	"Mycetophila sciarina"	"NA"	"NA"	"NA"		
"k__Metazoa;p__Arthropoda;c__Insecta;o__Diptera;f__Muscidae;g__Spilogona ;s__Spilogona megastoma"	1749370		"NA"	"NA"	"NA"		
"k__Metazoa;p__Arthropoda;c__Arachnida;o__Opiliones;f__Phalangiidae;g__Lophopilio;s__Lophopilio palpinalis"	1759713	"Opilio palpinalis"	"Species"	"Carnivores"	"No"		"https://srs.britishspiders.org.uk/portal.php/p/Summary/s/Lophopilio+palpinalis (Accessed 10 April 2025)"
"k__Metazoa;p__Nematoda;c__Enoplea;o__Dorylaimida;f__Longidoridae;g__Longidorus;s__Longidorus macrodorus"	1789216		"Species"	"Herbivores"	"No"		"http://nemaplex.ucdavis.edu/"
"k__Metazoa;p__Arthropoda;c__Insecta;o__Diptera;f__Sciaridae;g__Lycoriella;s__Lycoriella modesta"	1790181		"NA"	"NA"	"NA"		
"k__Metazoa;p__Arthropoda;c__Hexanauplia;o__Cyclopoida;f__Cyclopidae;g__Microcyclops;s__Microcyclops varicans"	1795154		"NA"	"NA"	"NA"		
"k__Metazoa;p__Arthropoda;c__Arachnida;o__Sarcoptiformes;f__Nothridae;g__Nothrus;s__Nothrus willmanni"	1797417		"Species"	"Detritivores"	"No"		"Norton, R.A., Behan-Pelletier, V.M., 2009. Suborder Oribatida. In: Krantz, G.W., Walter, D.E. (Eds.), A Manual of Acarology. Texas Tech University Press, Lubbock, Texas, pp. 807."
"k__Metazoa;p__Arthropoda;c__Arachnida;o__Sarcoptiformes;f__Achipteriidae;g__Campachipteria;s__Campachipteria brevisetosa"	1797427		"NA"	"NA"	"NA"		
"k__Metazoa;p__Arthropoda;c__Arachnida;o__Sarcoptiformes;f__Nanhermanniidae;g__Cyrthermannia;s__Cyrthermannia florens"	1797429		"NA"	"NA"	"NA"		
"k__Metazoa;p__Arthropoda;c__Arachnida;o__Sarcoptiformes;f__Tetracondylidae;g__Plenotocepheus;s__Plenotocepheus neotropicus"	1797447		"NA"	"NA"	"NA"		
"k__Metazoa;p__Nematoda;c__Chromadorea;o__Rhabditida;f__Tylenchidae;g__Cephalenchus;s__Cephalenchus daisuce"	1812237		"Species"	"Herbivores"	"No"		"http://nemaplex.ucdavis.edu/"
"k__Metazoa;p__Arthropoda;c__Insecta;o__Diptera;f__Sciaridae;g__Bradysia;s__Bradysia affinis"	1817597	"Sciara affinis"	"NA"	"NA"	"NA"		
"k__Metazoa;p__Arthropoda;c__Insecta;o__Diptera;f__Sciaridae;g__Bradysia;s__Bradysia brevispina"	1817599		"NA"	"NA"	"NA"		
"k__Metazoa;p__Arthropoda;c__Insecta;o__Diptera;f__Sciaridae;g__Bradysia;s__Bradysia flavipila"	1817601		"NA"	"NA"	"NA"		
"k__Metazoa;p__Arthropoda;c__Insecta;o__Diptera;f__Sciaridae;g__Bradysia;s__Bradysia heydemanni"	1817604	"Neosciara heydemanni"	"NA"	"NA"	"NA"		
"k__Metazoa;p__Arthropoda;c__Insecta;o__Diptera;f__Sciaridae;g__Bradysia;s__Bradysia lembkei"	1817605		"NA"	"NA"	"NA"		
"k__Metazoa;p__Arthropoda;c__Insecta;o__Diptera;f__Sciaridae;g__Bradysia;s__Bradysia normalis"	1817609		"NA"	"NA"	"NA"		
"k__Metazoa;p__Arthropoda;c__Insecta;o__Diptera;f__Sciaridae;g__Bradysia;s__Bradysia pauperata"	1817610	"Sciara pauperata"	"NA"	"NA"	"NA"		
"k__Metazoa;p__Arthropoda;c__Insecta;o__Diptera;f__Sciaridae;g__Bradysia;s__Bradysia subvernalis"	1817617		"NA"	"NA"	"NA"		
"k__Metazoa;p__Arthropoda;c__Insecta;o__Diptera;f__Sciaridae;g__Bradysia;s__Bradysia trivittata"	1817618	"Sciara trivittata"	"NA"	"NA"	"NA"		
"k__Metazoa;p__Arthropoda;c__Insecta;o__Diptera;f__Sciaridae;g__Corynoptera;s__Corynoptera flavicauda"	1817621	"Sciara flavicauda"	"NA"	"NA"	"NA"		
"k__Metazoa;p__Arthropoda;c__Insecta;o__Diptera;f__Sciaridae;g__Corynoptera;s__Corynoptera forcipata"	1817622		"NA"	"NA"	"NA"		
"k__Metazoa;p__Arthropoda;c__Insecta;o__Diptera;f__Sciaridae;g__Corynoptera;s__Corynoptera globiformis"	1817625	"Lycoriella globiformis"	"NA"	"NA"	"NA"		
"k__Metazoa;p__Arthropoda;c__Insecta;o__Diptera;f__Sciaridae;g__Corynoptera;s__Corynoptera trepida"	1817632	"Sciara trepida"	"NA"	"NA"	"NA"		
"k__Metazoa;p__Arthropoda;c__Insecta;o__Diptera;f__Sciaridae;g__Cratyna;s__Cratyna perplexa"	1817637		"NA"	"NA"	"NA"		
"k__Metazoa;p__Arthropoda;c__Insecta;o__Diptera;f__Sciaridae;g__Ctenosciara;s__Ctenosciara lutea"	1817639	"Ctenosciara lutea;Sciara lutea"	"NA"	"NA"	"NA"		
"k__Metazoa;p__Arthropoda;c__Insecta;o__Diptera;f__Sciaridae;g__Epidapus;s__Epidapus absconditus"	1817640	"Aptanogyna absconditus"	"NA"	"NA"	"NA"		
"k__Metazoa;p__Arthropoda;c__Insecta;o__Diptera;f__Sciaridae;g__Leptosciarella;s__Leptosciarella hirtipennis"	1817645	"Leptosciarella (Hirtipennia) hirtipennis"	"NA"	"NA"	"NA"		
"k__Metazoa;p__Arthropoda;c__Insecta;o__Diptera;f__Sciaridae;g__Leptosciarella;s__Leptosciarella nudinervis"	1817646	"Leptosciarella (Leptosciarella) nudinervis;Trichosia nudinervis"	"NA"	"NA"	"NA"		
"k__Metazoa;p__Arthropoda;c__Insecta;o__Diptera;f__Sciaridae;g__Lycoriella;s__Lycoriella inflata"	1817650		"NA"	"NA"	"NA"		
"k__Metazoa;p__Arthropoda;c__Insecta;o__Diptera;f__Sciaridae;g__Claustropyga;s__Claustropyga abblanda"	1817659	"Corynoptera abblanda"	"NA"	"NA"	"NA"		
"k__Metazoa;p__Arthropoda;c__Insecta;o__Diptera;f__Sciaridae;g__Claustropyga;s__Claustropyga refrigerata"	1817660	"Neosciara refrigerata"	"NA"	"NA"	"NA"		
"k__Metazoa;p__Arthropoda;c__Insecta;o__Diptera;f__Sciaridae;g__Peyerimhoffia;s__Peyerimhoffia alpina"	1817662	"Corynoptera alpina"	"NA"	"NA"	"NA"		
"k__Metazoa;p__Arthropoda;c__Insecta;o__Diptera;f__Rhagionidae;g__Rhagio;s__Rhagio lineola"	1822558		"Species"	"Carnivores"	"No"	"Larvae and adults are carnivores"	"https://bugguide.net/node/view/442946"
"k__Metazoa;p__Arthropoda;c__Insecta;o__Diptera;f__Limoniidae;g__Cheilotrichia;s__Cheilotrichia cinerascens"	1822572	"Erioptera cinerascens"	"NA"	"NA"	"NA"		
"k__Metazoa;p__Arthropoda;c__Insecta;o__Diptera;f__Lauxaniidae;g__Lyciella;s__Lyciella platycephala"	1825006	"Lyciella platycephala;Sapromyza platycephala"	"NA"	"NA"	"NA"		
"k__Metazoa;p__Arthropoda;c__Insecta;o__Diptera;f__Sciaridae;g__Ctenosciara;s__Ctenosciara exigua"	1825295	"Ctenosciara exigua"	"NA"	"NA"	"NA"		
"k__Metazoa;p__Arthropoda;c__Insecta;o__Diptera;f__Lauxaniidae;g__Sapromyza;s__Sapromyza slovaca"	1825819		"NA"	"NA"	"NA"		
"k__Metazoa;p__Arthropoda;c__Collembola;o__Entomobryomorpha;f__Tomoceridae;g__Tomocerus;s__Tomocerus botanicus"	1826608		"NA"	"NA"	"NA"		
"k__Metazoa;p__Arthropoda;c__Collembola;o__Entomobryomorpha;f__Tomoceridae;g__Pogonognathellus;s__Pogonognathellus heterochros"	1827016		"NA"	"NA"	"NA"		
"k__Metazoa;p__Arthropoda;c__Insecta;o__Diptera;f__Tipulidae;g__Tipula;s__Tipula limbata"	1828816	"Tipula (Savtshenkia) limbata"	"NA"	"NA"	"NA"		
"k__Metazoa;p__Arthropoda;c__Insecta;o__Diptera;f__Sciaridae;g__Camptochaeta;s__Camptochaeta bournei"	1837137	"Camptochaeta bolurnei;Sciara bournei"	"NA"	"NA"	"NA"		
"k__Metazoa;p__Tardigrada;c__Eutardigrada;o__Parachela;f__Macrobiotidae;g__Mesobiotus"	1867264		"Genus"	"Omnivores"	"No"		"Collins, M., Goudie, I., 2020. The tardigrade and associated micrometazoa of the textured lungwort lichen, Lobaria scrobiculata, in eastern Newfoundland, Canada. Journal of Agriculture & Life Sciences 7. https://doi.org/10.30845/jals.v7n2p2."
"k__Metazoa;p__Arthropoda;c__Arachnida;o__Araneae;f__Linyphiidae;g__Diplocephalus;s__Diplocephalus latifrons"	1871945	"Walckenaera latifrons"	"Species"	"Carnivores"	"No"		"Roth, M., 1993. Investigations on lead in the soil invertebrates of a forest ecosystem. Pedobiologia 37(5), 270–279. https://doi.org/10.1016/s0031-4056(24)00103-3 / Cuff, J. P., Drake, L. E., Tercel, M. P. T. G., Stockdale, J. E., Orozco‐terWengel, P., Bell, J. R., Vaughan, I. P., Müller, C. T., Symondson, W. O. C., 2020. Money spider dietary choice in pre‐ and post‐harvest cereal crops using metabarcoding. Ecological Entomology 46(2), 249–261. https://doi.org/10.1111/een.12957"
"k__Metazoa;p__Arthropoda;c__Insecta;o__Trichoptera;f__Limnephilidae;g__Limnephilus;s__Limnephilus coenosus"	1875628		"Species"	"Herbivores"	"No"		"Balibrea A., Ferreira V., Goncalves V., Raposeiro P.M., 2017. Consumption, growth and survival of the endemic stream shredder Limnephilus atlanticus (Trichoptera, Limnephilidae) fed with distinct leaf species. Limnologica 64, 31-37. https://doi.org/10.1016/j.limno.2017.04.002"
"k__Metazoa;p__Arthropoda;c__Insecta;o__Diptera;f__Chironomidae;g__Smittia;s__Smittia stercoraria"	1887126		"NA"	"NA"	"NA"		
"k__Metazoa;p__Arthropoda;c__Insecta;o__Diptera;f__Sciaridae;g__Bradysia;s__Bradysia atroparva"	1887971		"NA"	"NA"	"NA"		
"k__Metazoa;p__Arthropoda;c__Insecta;o__Diptera;f__Sciaridae;g__Lycoriella;s__Lycoriella sativae"	1887997		"Species"	"Fungivores"	"No"	"Larvae feed on fungi"	"Frouz, J., Nováková, A., 2001. A new method for rearing the sciarid fly, Lycoriella ingenua (Diptera: Sciaridae), in the laboratory: possible implications for the study of fly — fungal interactions. Pedobiologia 45(4), 329–340. https://doi.org/10.1078/0031-4056-00090"
"k__Metazoa;p__Arthropoda;c__Insecta;o__Diptera;f__Phoridae;g__Megaselia;s__Megaselia diversa"	1887999	"Phora diversa"	"NA"	"NA"	"NA"		
"k__Metazoa;p__Arthropoda;c__Insecta;o__Diptera;f__Phoridae;g__Megaselia;s__Megaselia spinigera"	1888002	"Phora spinigera"	"NA"	"NA"	"NA"		
"k__Metazoa;p__Arthropoda;c__Insecta;o__Hemiptera;f__Aphalaridae;g__Rhinocola;s__Rhinocola aceris"	1889912	"Chermes aceris;Rhinicola aceris"	"Species"	"Herbivores"	"No"		"Korányi, D., 2021. Changes in arthropod communities of maple trees (Acer spp.) along stress gradients in urban environment. Magyar Agrár-és Élettudományi Egyetem, PhD Thesis, 123 pp. https://doi.org/10.54598/000980"
"k__Metazoa;p__Arthropoda;c__Insecta;o__Diptera;f__Sciaridae;g__Corynoptera;s__Corynoptera minima"	1890564		"NA"	"NA"	"NA"		
"k__Metazoa;p__Arthropoda;c__Insecta;o__Diptera;f__Sciaridae;g__Cratyna;s__Cratyna keilini"	1890996	"Plastosciara keilini"	"NA"	"NA"	"NA"		
"k__Metazoa;p__Arthropoda;c__Insecta;o__Diptera;f__Phoridae;g__Megaselia;s__Megaselia lutea"	1891810	"Phora lutea"	"NA"	"NA"	"NA"		
"k__Metazoa;p__Nematoda;c__Enoplea;o__Dorylaimida;f__Longidoridae;g__Xiphinema;s__Xiphinema pseudocoxi"	1892716		"Species"	"Herbivores"	"No"		"http://nemaplex.ucdavis.edu/"
"k__Metazoa;p__Nematoda;c__Chromadorea;o__Rhabditida;f__Tylenchidae;g__Discotylenchus;s__Discotylenchus lorestanensis"	1908339		"Species"	"Herbivores"	"No"		"http://nemaplex.ucdavis.edu/"
"k__Metazoa;p__Arthropoda;c__Arachnida;o__Sarcoptiformes;f__Limnozetidae;g__Limnozetes;s__Limnozetes foveolatus"	1914585		"Species"	"Omnivores"	"No"		"Siepel, H., 1994. Structure and Function of Soil Microarthropod Communities. University of Wageningen, Thesis, 136 pp."
"k__Metazoa;p__Arthropoda;c__Insecta;o__Diptera;f__Tachinidae;g__Cyzenis;s__Cyzenis jucunda"	1918066		"NA"	"NA"	"NA"		
"k__Metazoa;p__Arthropoda;c__Insecta;o__Hemiptera;f__Triozidae;g__Bactericera;s__Bactericera albiventris"	1920869	"Trioza albiventris"	"Species"	"Herbivores"	"No"		"Percy, D., Cronk, Q., 2020. Salix transect of Europe: patterns in the distribution of willow-feeding psyllids (Hemiptera: Psylloidea) from Greece to arctic Norway. Biodiversity Data Journal 8, e53788. https://doi.org/10.3897/BDJ.8.e53788"
"k__Metazoa;p__Tardigrada;c__Eutardigrada;o__Parachela;f__Hypsibiidae;g__Mesocrista;s__Mesocrista revelata"	1921093		"NA"	"NA"	"NA"		
"k__Metazoa;p__Arthropoda;c__Arachnida;o__Opiliones;f__Phalangiidae;g__Lacinius;s__Lacinius ephippiatus"	1926192	"Acantholopus ephippiatus"	"Species"	"Carnivores"	"No"		"Todd, V., 1949. The Habits and Ecology of the British Harvestmen (Arachnida, Opiliones), with Special Reference to Those of the Oxford District. The Journal of Animal Ecology 18(2), 209-229. https://doi.org/10.2307/1600"
"k__Metazoa;p__Arthropoda;c__Arachnida;o__Opiliones;f__Phalangiidae;g__Platybunus;s__Platybunus pinetorum"	1926215	"Platylophus pinetorum"	"NA"	"NA"	"NA"		
"k__Metazoa;p__Arthropoda;c__Insecta;o__Psocoptera"	1930602	"Psocoptera"	"NA"	"NA"	"NA"	"Different feeding habits within the order"	
"k__Metazoa;p__Nematoda;c__Chromadorea;o__Rhabditida;f__Tylenchidae;g__Malenchus;s__Malenchus pachycephalus"	1934786	"Neomalenchus pachycephalus"	"Species"	"Herbivores"	"No"		"http://nemaplex.ucdavis.edu/"
"k__Metazoa;p__Nematoda;c__Chromadorea;o__Rhabditida;f__Tylenchidae;g__Malenchus;s__Malenchus ovalis"	1934791	"Neomalenchus ovalis"	"Species"	"Herbivores"	"No"		"http://nemaplex.ucdavis.edu/"
"k__Metazoa;p__Arthropoda;c__Insecta;o__Diptera;f__Syrphidae;g__Eupeodes;s__Eupeodes curtus"	1944113	"Syrphus curtus"	"NA"	"NA"	"NA"		
"k__Metazoa;p__Arthropoda;c__Arachnida;o__Araneae;f__Gnaphosidae;g__Camillina;s__Camillina calel"	1956399		"NA"	"NA"	"NA"		
"k__Metazoa;p__Nematoda;c__Chromadorea;o__Rhabditida;f__Telotylenchidae;g__Bitylenchus;s__Bitylenchus huesingi"	1960261	"Tylenchorhynchus huesingi"	"Species"	"Herbivores"	"No"		"http://nemaplex.ucdavis.edu/"
"k__Metazoa;p__Nematoda;c__Chromadorea;o__Rhabditida;f__Merliniidae;g__Nagelus;s__Nagelus camelliae"	1960263	"Merlinius camelliae"	"Species"	"Herbivores"	"No"		"http://nemaplex.ucdavis.edu/"
"k__Metazoa;p__Nematoda;c__Chromadorea;o__Rhabditida;f__Telotylenchidae;g__Tylenchorhynchus;s__Tylenchorhynchus microconus"	1960274		"Species"	"Herbivores"	"No"		"http://nemaplex.ucdavis.edu/"
"k__Metazoa;p__Nematoda;c__Chromadorea;o__Rhabditida;f__Telotylenchidae;g__Tylenchorhynchus;s__Tylenchorhynchus serranus"	1960275	"Bitylenchus serranus"	"Species"	"Herbivores"	"No"		"http://nemaplex.ucdavis.edu/"
"k__Metazoa;p__Arthropoda;c__Insecta;o__Coleoptera;f__Curculionidae;g__Sitona;s__Sitona griseus"	1971335	"Charagmus griseus;Curculio griseus"	"Species"	"Herbivores"	"No"		"Ströcker, K., Wendt, S., Kirchner, W. H., Struck, C., 2013. Feeding preferences of the weevils Sitona gressorius and Sitona griseus on different lupin genotypes and the role of alkaloids. Arthropod-Plant Interactions 7(5), 579–589. https://doi.org/10.1007/s11829-013-9273-0"
"k__Metazoa;p__Arthropoda;c__Insecta;o__Coleoptera;f__Staphylinidae;g__Atheta;s__Atheta negligens"	1971780		"NA"	"NA"	"NA"		
"k__Metazoa;p__Arthropoda;c__Insecta;o__Lepidoptera;f__Nepticulidae;g__Stigmella;s__Stigmella lycii"	1983340		"Species"	"Herbivores"	"No"		"Wang, Y., Chen, X.-R., Yang, C., 2013. A new Stigmella species associated with Lycium leaf spots in northwestern China. Mycotaxon 122(1), 69–72. https://doi.org/10.5248/122.69"
"k__Metazoa;p__Arthropoda;c__Insecta;o__Diptera;f__Phoridae;g__Megaselia;s__Megaselia glabrifrons"	1987624	"Phora glabrifrons"	"NA"	"NA"	"NA"		
"k__Metazoa;p__Arthropoda;c__Insecta;o__Diptera;f__Phoridae;g__Megaselia;s__Megaselia pumila"	1987648	"Phora pumila"	"NA"	"NA"	"NA"		
"k__Metazoa;p__Arthropoda;c__Insecta;o__Diptera;f__Phoridae;g__Megaselia;s__Megaselia subpleuralis"	1987659	"Phora subpleuralis"	"NA"	"NA"	"NA"		
"k__Metazoa;p__Arthropoda;c__Insecta;o__Hemiptera;f__Liviidae;g__Euphyllura;s__Euphyllura phillyreae"	2008460		"Species"	"Herbivores"	"No"		"Prophetou‐Athanasiadou, D.A., 1997. Occurrence of immature stages of olive psyllid Euphyllura phillyreae (Hom., Aphalaridae) in Phillyrea latifolia and Olea europaea in coastal northern Greece. Journal of Applied Entomology 121(1–5), 383–387. https://doi.org/10.1111/j.1439-0418.1997.tb01423.x"
"k__Metazoa;p__Arthropoda;c__Insecta;o__Diptera;f__Fanniidae;g__Fannia;s__Fannia polychaeta"	2021712	"Homalomyia polychaeta"	"NA"	"NA"	"NA"		
"k__Metazoa;p__Arthropoda;c__Insecta;o__Hemiptera;f__Triozidae;g__Trioza;s__Trioza anthrisci"	2023874	"Dyspersa pallida"	"Species"	"Herbivores"	"No"		"Sumner-Kalkun, J.C., Highet, F., Arnsdorf, Y.M., Back, E., Carnegie, M., Madden, S., Carboni, S., Billaud, W., Lawrence, Z., Kenyon, D., 2020. ‘Candidatus Liberibacter solanacearum’ distribution and diversity in Scotland and the characterisation of novel haplotypes from Craspedolepta spp. (Psylloidea: Aphalaridae). Scientific Reports 10(1). https://doi.org/10.1038/s41598-020-73382-9."
"k__Metazoa;p__Nematoda;c__Chromadorea;o__Rhabditida;f__Thelastomatidae;g__Cephalobellus;s__Cephalobellus brevicaudatus"	2026706	"Aorurus brevicaudatum"	"Species"	"Carnivores"	"No"		"http://nemaplex.ucdavis.edu/"
"k__Metazoa;p__Arthropoda;c__Insecta;o__Diptera;f__Muscidae;g__Lispe;s__Lispe consanguinea"	2032845		"Species"	"Carnivores"	"No"		"Frantsevich, L., Gorb, S., 2006. Courtship dances in the flies of the genus lispe (Diptera: Muscidae): From the fly’s viewpoint. Archives of Insect Biochemistry and Physiology 62(1), 26–42. https://doi.org/10.1002/arch.20118"
"k__Metazoa;p__Arthropoda;c__Insecta;o__Diptera;f__Sciaridae;g__Dichopygina;s__Dichopygina nigrohalteralis"	2036861	"Bradysia nigrohalteralis"	"NA"	"NA"	"NA"		
"k__Metazoa;p__Arthropoda;c__Collembola;o__Poduromorpha;f__Onychiuridae;g__Supraphorura;s__Supraphorura furcifera"	2041972		"NA"	"NA"	"NA"		
"k__Metazoa;p__Nematoda;c__Enoplea;o__Mermithida;f__Mermithidae;g__Thaumamermis;s__Thaumamermis zealandica"	2049311		"Species"	"Carnivores"	"No"		"Brooks, S.J., Mills, C.L., 2011. Parasitic infection manipulates sodium regulation in the freshwater amphipod Gammarus pulex (L.). Comparative Biochemistry and Physiology Part A: Molecular Integrative Physiology 159(3), 247–252. https://doi.org/10.1016/j.cbpa.2011.03.011"
"k__Metazoa;p__Nematoda;c__Chromadorea;o__Rhabditida;f__Criconematidae;g__Crossonema;s__Crossonema menzeli"	2050984		"Species"	"Herbivores"	"No"		"http://nemaplex.ucdavis.edu/"
"k__Metazoa;p__Arthropoda;c__Arachnida;o__Trombidiformes;f__Bdellidae;g__Bdella;s__Bdella longicornis"	2051699	"Acarus longicornis"	"Species"	"Carnivores"	"No"		"Sorensen, J.T., Kinn, D.N., Doutt, R.L., 1983. Biological observations on Bdella longicornis: a predatory mite in California Vineyards (Acari:Bdellidae). Entomography 2, 297-305."
"k__Metazoa;p__Arthropoda;c__Arachnida;o__Trombidiformes;f__Pygmephoridae;g__Elattoma;s__Elattoma abeskoun"	2051711		"NA"	"NA"	"NA"		
"k__Metazoa;p__Arthropoda;c__Arachnida;o__Sarcoptiformes;f__Alycidae;g__Laminamichaelia"	2051786		"NA"	"NA"	"NA"		
"k__Metazoa;p__Arthropoda;c__Arachnida;o__Trombidiformes;f__Pygmephoridae;g__Pediculaster"	2051790		"Genus"	"NA"	"NA"	"Different feeding habits within the genus"	
"k__Metazoa;p__Arthropoda;c__Arachnida;o__Trombidiformes;f__Caraboacaridae"	2051831		"Family"	"Fungivores"	"No"		"Katlav, A., Riegler, M., Seeman, O. D., 2020. Tiny hitchhikers and parasites: a review of Australian heterostigmatic mites (Acari: Prostigmata) associated with insects, with description of three new species. Austral Entomology 59(3), 401–421. https://doi.org/10.1111/aen.12484"
"k__Metazoa;p__Arthropoda;c__Arachnida;o__Trombidiformes;f__Halacaridae;g__Simognathus"	2060451		"NA"	"NA"	"NA"		
"k__Metazoa;p__Nematoda;c__Chromadorea;o__Rhabditida;f__Criconematidae;g__Criconemoides;s__Criconemoides parvus"	2070021		"Species"	"Herbivores"	"No"		"http://nemaplex.ucdavis.edu/"
"k__Metazoa;p__Nematoda;c__Chromadorea;o__Rhabditida;f__Anguinidae;g__Ditylenchus;s__Ditylenchus gilanicus"	2078672		"Species"	"Fungivores"	"No"		"http://nemaplex.ucdavis.edu/"
"k__Metazoa;p__Nematoda;c__Chromadorea;o__Rhabditida;f__Aphelenchoididae;g__Robustodorus;s__Robustodorus arachidis"	2093262	"Aphelenchoides arachidis"	"Species"	"Fungivores"	"No"		"http://nemaplex.ucdavis.edu/"
"k__Metazoa;p__Nematoda;c__Chromadorea;o__Rhabditida;f__Sphaerulariidae;g__Paurodontella;s__Paurodontella gilanica"	2094283		"NA"	"NA"	"NA"		
"k__Metazoa;p__Arthropoda;c__Collembola;o__Entomobryomorpha;f__Isotomidae;g__Desoria;s__Desoria grisea"	2107370	"Isotoma grisea"	"NA"	"NA"	"NA"		
"k__Metazoa;p__Arthropoda;c__Arachnida;o__Sarcoptiformes;f__Tetracondylidae;g__Dolicheremaeus;s__Dolicheremaeus dorni"	2126177	"Oppia dorni"	"NA"	"NA"	"NA"		
"k__Metazoa;p__Nematoda;c__Chromadorea;o__Rhabditida;f__Aphelenchoididae;g__Aphelenchoides;s__Aphelenchoides subtenuis"	2152845	"Aphelenchoides subtenuis;Aphelenchus subtenuis"	"Species"	"Fungivores"	"No"		"http://nemaplex.ucdavis.edu/"
"k__Metazoa;p__Nematoda;c__Chromadorea;o__Rhabditida;f__Aphelenchoididae;g__Robustodorus;s__Robustodorus subtenuis"	2152845	"Aphelenchoides subtenuis;Aphelenchus subtenuis"	"Species"	"Fungivores"	"No"		"http://nemaplex.ucdavis.edu/"
"k__Metazoa;p__Arthropoda;c__Arachnida;o__Sarcoptiformes;f__Oppiidae;g__Dissorhina;s__Dissorhina ornata"	2202870	"Eremaeus ornatus"	"Species"	"Herbivores"	"No"		"Stary, J., Pizl, V., 2007. Oribatid mites (Acari: Oribatida) in casts and burrows of an endemic earthworm Dendrobaena mrazeki and in litter of thermophilous oak forests. Ekologia Bratislava 26(4), 390-397."
"k__Metazoa;p__Arthropoda;c__Arachnida;o__Sarcoptiformes;f__Ceratozetidae;g__Edwardzetes;s__Edwardzetes edwardsi"	2202872		"Species"	"Herbivores"	"No"		"Maraun, M., Augustin, D., Pollierer, M.M.,Scheu, S., 2020. Variation in trophic niches of oribatid mites in temperate forest ecosystems as indicated by neutral lipid fatty acid patterns. Experimental and Applied Acarology 81(1), 103–115. https://doi.org/10.1007/s10493-020-00494-2"
"k__Metazoa;p__Arthropoda;c__Insecta;o__Diptera;f__Cecidomyiidae;g__Dasineura;s__Dasineura trifolii"	2338575		"NA"	"NA"	"NA"		
"k__Metazoa;p__Arthropoda;c__Insecta;o__Diptera;f__Cecidomyiidae;g__Spurgia;s__Spurgia euphorbiae"	2338582	"Cecidomyia euphorbiae"	"NA"	"NA"	"NA"		
"k__Metazoa;p__Arthropoda;c__Insecta;o__Diptera;f__Cecidomyiidae;g__Bryomyia"	2338591		"Genus"	"Detritivores"	"No"		"Mamaev, B., Økland, B., 1998. The genus Bryomyia Kieff. (Diptera, Cecidomyiidae): Palaearctic species and Fennoscandian records. Entomologica Fennica 9(3), 147–152. https://doi.org/10.33338/ef.83978"
"k__Metazoa;p__Arthropoda;c__Insecta;o__Diptera;f__Cecidomyiidae;g__Campylomyza;s__Campylomyza flavipes"	2338596		"Species"	"Fungivores"	"No"		"Skuhrava, M., Karimpour, Y., Sadeghi, H., Gol, A., Joghataie, M., 2014. Gall midges (Diptera: Cecidomyiidae) of Iran-annotated list and zoogeographical analysis. Acta Societatis Zoologicae Bohemicae 78(2), 269-301."
"k__Metazoa;p__Arthropoda;c__Insecta;o__Diptera;f__Cecidomyiidae;g__Lestodiplosis;s__Lestodiplosis polypori"	2338617	"Cecidomyia polypori"	"Species"	"Carnivores"	"No"	"Larvae feed on other larvae"	"Alexander, K.N.A., 2002. The Invertebrates of Living and Decaying Timber in Britain and Ireland – a Provisional Annotated Checklist. Research Reports 467, 142pp. www.cerambycoidea.com/titles/alexander2002.pdf."
"k__Metazoa;p__Arthropoda;c__Insecta;o__Diptera;f__Cecidomyiidae;g__Stomatosema;s__Stomatosema obscurum"	2338631	"Vanchidiplosis obscura"	"NA"	"NA"	"NA"		
"k__Metazoa;p__Arthropoda;c__Insecta;o__Diptera;f__Cecidomyiidae;g__Claspettomyia"	2338795		"NA"	"NA"	"NA"		
"k__Metazoa;p__Arthropoda;c__Insecta;o__Diptera;f__Mycetophilidae;g__Greenomyia;s__Greenomyia mongolica"	2339111		"Species"	"Omnivores"	"Yes"	"Larvae are fungivorous, adults feed on nectar"	"Søli, G.E.I.R., Rindal, E., Hansen, L.O., 2009. New records of fungus gnats for Norway (Diptera: Mycetophilidae). Norwegian Journal of Entomology 56, 69-73. /  Dipterists Forum, 2010. Fungus Gnats Recording Scheme Newsletter #4"
"k__Metazoa;p__Arthropoda;c__Insecta;o__Diptera;f__Mycetophilidae;g__Grzegorzekia;s__Grzegorzekia hungarica"	2339112		"NA"	"NA"	"NA"		
"k__Metazoa;p__Arthropoda;c__Collembola;o__Symphypleona;f__Katiannidae;g__Gisinianus;s__Gisinianus flammeolus"	2449080	"Sminthurinus flammeolus"	"NA"	"NA"	"NA"		
"k__Metazoa;p__Nematoda;c__Chromadorea;o__Rhabditida;f__Tylenchulidae;g__Paratylenchus;s__Paratylenchus neoamblycephalus"	2487076		"Species"	"Herbivores"	"No"		"http://nemaplex.ucdavis.edu/"
"k__Metazoa;p__Arthropoda;c__Insecta;o__Psocodea;f__Liposcelididae"	2545764	"Liposcelidae"	"Family"	"Omnivores"	"No"	"Eating detritus and microorganisms"	"Kalinović, I., Rozman, V., Liška, A., 2006. Significance and feeding of psocids (Liposcelididae, Psocoptera) with microorganisms. In: Proceedings of the 9th International Working Conference on Stored Product Protection. ABRAPOS – Brazilian Post-harvest Association, Campinas, pp. 1087–1094."
"k__Metazoa;p__Arthropoda;c__Insecta;o__Psocoptera;f__Liposcelididae"	2545764	"Liposcelidae"	"NA"	"NA"	"NA"	"Different feeding habits within the family"	
"k__Metazoa;p__Arthropoda;c__Insecta;o__Lepidoptera;f__Adelidae;g__Nemophora;s__Nemophora congruella"	2561528	"Adela congruella"	"Species"	"Herbivores"	"No"		"Modlinger, R., Liška, J., 2016. Review of Lepidoptera with trophic relationships to Picea abies (L.) in the conditions of Czechia. Forestry Journal 62(4), 178–194. https://doi.org/10.1515/forj-2016-0015"
"k__Metazoa;p__Arthropoda;c__Insecta;o__Diptera;f__Chironomidae;g__Limnophyes;s__Limnophyes habilis"	2578562	"Chironomus habilis"	"NA"	"NA"	"NA"		
"k__Metazoa;p__Nematoda;c__Enoplea;o__Dorylaimida;f__Nygolaimidae;g__Nygolaimus;s__Nygolaimus brachyurus"	2692751		"Species"	"Carnivores"	"No"		"http://nemaplex.ucdavis.edu/"
"k__Metazoa;p__Arthropoda;c__Arachnida;o__Trombidiformes;f__Cocceupodidae"	2696928		"Family"	"Fungivores"	"No"		"Muma, M.H., 1965. Populations of Common Mites in Florida Citrus Groves. The Florida Entomologist 48(1), 35-46. https://doi.org/10.2307/3493522"
"k__Metazoa;p__Arthropoda;c__Insecta;o__Diptera;f__Tipulidae;g__Tipula;s__Tipula scripta"	2736688	"Tipula (Vestiplex) scripta"	"NA"	"NA"	"NA"		
"k__Metazoa;p__Arthropoda;c__Insecta;o__Diptera;f__Keroplatidae;g__Macrorrhyncha;s__Macrorrhyncha collarti"	2746328	"Asindulum collarti"	"NA"	"NA"	"NA"		
"k__Metazoa;p__Nematoda;c__Chromadorea;o__Rhabditida;f__Telotylenchidae;g__Bitylenchus;s__Bitylenchus maximus"	2780991	"Bitylenchus maximus;Tylenchorhynchus maximus"	"Species"	"Herbivores"	"No"		"http://nemaplex.ucdavis.edu/"
"k__Metazoa;p__Arthropoda;c__Insecta;o__Coleoptera;f__Curculionidae;g__Exomias;s__Exomias indigens"	2805633	"Omias indigens"	"NA"	"NA"	"NA"		
"k__Metazoa;p__Rotifera;c__Eurotatoria"	2816136		"NA"	"NA"	"NA"		
"k__Metazoa;p__Annelida;c__Clitellata;o__Crassiclitellata;f__Lumbricidae;g__Dendrodrilus;s__Dendrodrilus rubidus"	2866284	"Dendrodrilus rubidus;Enterion rubidum;Lumbricus terrestris rubidus"	"Species"	"Detritivores"	"No"		"Langdon, C.J., Piearce, T.G., Feldmann, J., Semple, K.T., Meharg, A.A., 2003.Arsenic speciation in the earthworms Lumbricus rubellus and Dendrodrilus rubidus.Environmental Toxicology and Chemistry 22(6), 1302–1308.https://doi.org/10.1002/etc.5620220617"
"k__Metazoa;p__Arthropoda;c__Insecta;o__Diptera;f__Pediciidae;g__Tricyphona;s__Tricyphona immaculata"	2866288	"Limonia immaculata;Pedicia immaculata"	"NA"	"NA"	"NA"		
"k__Metazoa;p__Arthropoda;c__Insecta;o__Diptera;f__Heleomyzidae;g__Heteromyza;s__Heteromyza rotundicornis"	2867252	"Anthomyza rotundicornis"	"NA"	"NA"	"NA"		
"k__Metazoa;p__Arthropoda;c__Insecta;o__Diptera;f__Sphaeroceridae;g__Crumomyia;s__Crumomyia notabilis"	2881788		"NA"	"NA"	"NA"		
"k__Metazoa;p__Arthropoda;c__Insecta;o__Diptera;f__Empididae;g__Hilara;s__Hilara litorea"	2882116	"Empis litorea"	"NA"	"NA"	"NA"		
"k__Metazoa;p__Arthropoda;c__Insecta;o__Diptera;f__Sciaridae;g__Lycoriella;s__Lycoriella thuringiensis"	2882276		"NA"	"NA"	"NA"		
"k__Metazoa;p__Arthropoda;c__Insecta;o__Diptera;f__Phoridae;g__Phora;s__Phora artifrons"	2882624		"NA"	"NA"	"NA"		
"k__Metazoa;p__Arthropoda;c__Insecta;o__Diptera;f__Tipulidae;g__Tipula;s__Tipula hortorum"	2886544		"NA"	"NA"	"NA"		
"k__Metazoa;p__Arthropoda;c__Insecta;o__Diptera;f__Tipulidae;g__Tipula;s__Tipula irrorata"	2886547	"Tipula (Pterelachisus) irrorata"	"NA"	"NA"	"NA"		
"k__Metazoa;p__Annelida;c__Clitellata;o__Tubificida"	2937015		"Order"	"Detritivores"	"No"		"Danielson, T., Danielson, K., Goodwin, K., Cazier, A., 2022. Maine Stream Explorers Volume 3: Expanded Macroinvertebrate Guide, third ed., Maine."
"k__Metazoa;p__Arthropoda;c__Insecta;o__Diptera;f__Limoniidae;g__Austrolimnophila;s__Austrolimnophila ochracea"	2998518	"Limonia ochracea"	"Species"	"Detritivores"	"No"	"Larvae are detritivores"	"Hinton, H.E., 1954. On the structure and function of the respiratory horns of the pupae of the genus pseudolimnophila (diptera: tipulidae). Proceedings of the Royal Entomological Society of London. Series A, General Entomology 29(10–12), 135–140. https://doi.org/10.1111/j.1365-3032.1954.tb01186.x"
"k__Metazoa;p__Arthropoda;c__Collembola;o__Entomobryomorpha;f__Isotomidae;g__Desoria;s__Desoria hiemalis"	3051841	"Isotoma hiemalis"	"NA"	"NA"	"NA"		
"k__Metazoa;p__Arthropoda;c__Arachnida;o__Sarcoptiformes;f__Ceratozetidae;g__Oromurcia;s__Oromurcia sudetica"	3123227	"Oromurcia bicuspidata;Oromurcia sudetica"	"NA"	"NA"	"NA"		
"k__Metazoa;p__Nematoda;c__Enoplea;o__Triplonchida;f__Diphterophoridae;g__Diphtherophora;s__Diphtherophora communis"	3142722		"Species"	"Fungivores"	"No"		"http://nemaplex.ucdavis.edu/"
"k__Metazoa;p__Annelida;c__Clitellata;o__Lumbriculida;f__Lumbriculidae;g__Rhynchelmis;s__Rhynchelmis shamanensis"	3270758	"Rhynchelmis shamanensis"	"NA"	"NA"	"NA"		
"k__Metazoa;p__Nematoda;c__Chromadorea;o__Plectida;f__Plectidae;g__Chronogaster;s__Chronogaster boettgeri"	3313961	"Chronogaster boettgeri"	"Species"	"Bacterivores"	"No"		"http://nemaplex.ucdavis.edu/"
"k__Metazoa;p__Arthropoda;c__Insecta;o__Diptera;f__Lauxaniidae;g__Sapromyza;s__Sapromyzosoma quadricincta"	1825020	"Sapromyza quadricincta;Sapromyza bipunctata;Sapromyza bipunctella"	"NA"	"NA"	"NA"		
"k__Metazoa;p__Arthropoda;c__Insecta;o__Diptera;f__Mycetophilidae;g__Coelosia;s__Coelosia fusca"	"not_in_NCBI"	"Coelosia silvatica"	"NA"	"NA"	"NA"		
"k__Metazoa;p__Arthropoda;c__Insecta;o__Diptera;f__Phoridae;g__Megaselia;s__Megaselia haraldlundi"	"not_in_NCBI"		"NA"	"NA"	"NA"		
"k__Metazoa;p__Arthropoda;c__Insecta;o__Diptera;f__Phoridae;g__Megaselia;s__Megaselia rufa"	"not_in_NCBI"	"Aphiochaeta rubra;Megaselia pallens;Megaselia rubra;Phora pallens;Phora rufa"	"NA"	"NA"	"NA"		
"k__Metazoa;p__Arthropoda;c__Insecta;o__Diptera;f__Phoridae;g__Triphleba;s__Triphleba luteifemorata"	"not_in_NCBI"	"Phora luteifemorata"	"NA"	"NA"	"NA"		
"k__Metazoa;p__Arthropoda;c__Insecta;o__Diptera;f__Sciaridae;g__Corynoptera;s__Corynoptera alneti"	"not_in_NCBI"	"Bradysia penna;Neosciara penna;Corynoptera penna "	"NA"	"NA"	"NA"		
"k__Metazoa;p__Arthropoda;c__Insecta;o__Diptera;f__Sciaridae;g__Corynoptera;s__Corynoptera postglobiformis"	"not_in_NCBI"		"NA"	"NA"	"NA"		
"k__Metazoa;p__Arthropoda;c__Insecta;o__Diptera;f__Sciaridae;g__Corynoptera;s__Corynoptera sphenoptera"	"not_in_NCBI"		"NA"	"NA"	"NA"		
"k__Metazoa;p__Nematoda;c__Chromadorea;o__Chromadorida;f__Cyatholaimidae;g__Achromadora;s__Achromadora terricola"	"not_in_NCBI"	"Cyatholaimus terricola;Cyatholaimus lacustris;Cyatholaimus bryophilus;Cyatholaimus ornatus;Cyatholaimus fluviatilis;Chromadora lacustris;Ethmolaimus lacustris;Triodontolaimus lacustris;Chromadora musae"	"Species"	"Carnivores"	"No"		"http://nemaplex.ucdavis.edu/"
"k__Metazoa;p__Nematoda;c__Chromadorea;o__Monhysterida;f__Monhysteridae;g__Eumonhystera;s__Eumonhystera similis"	"not_in_NCBI"	"Monhystera similis;Monhystera anomala"	"Species"	"Bacterivores"	"No"		"http://nemaplex.ucdavis.edu/"
"k__Metazoa;p__Nematoda;c__Enoplea;o__Triplonchida;f__Diphterophoridae;g__Diphtherophora;s__Diphtherophora obesus"	211192	"Diphtherophora obesa"	"Species"	"Fungivores"	"No"		"http://nemaplex.ucdavis.edu/"
"k__Metazoa;p__Platyhelminthes;c__Catenulida;o__;f__Stenostomidae;g__Stenostomum;s__Stenostomum heebuktense"	570255	"Stenostomum bigmouth;Anokkostenostomum bigmouth;Stenostomum sp. 'bigmouth'"	"NA"	"NA"	"NA"		
"k__Metazoa;p__Platyhelminthes;c__Rhabditophora;o__Lecithoepitheliata"	"not_in_NCBI"		"NA"	"NA"	"NA"		
