SampleID	LUCAS_ID	Elevation	Erosion_risk	Slope	Aspect	Sample_month	Precipitation_in_sample_month	Temperature_in_sample_month	AvTemp2000_2018	AvPrec2000_2018	bas	Cmic	qO2	Water_content	BARCODE_ID	LC1_2018	LC_simpl_2018	LU1_2018	LU1_2015	Depth	Coarse_fragments	Clay	Sand	Silt	pH	Electrical_conductivity	Organic_carbon	Carbonates	P	N	K	Bulk_density	bioregions	Aridity_in_sample_month	Bioregions_chr	LC_num	C:N	Sample_season	Soil_depth	Mean_annual_temperature	Mean_diurnal_range	Isothermality	Temperature_seasonality	Max_temperature_of_warmest month	Min_temperature_of_coldest month	Temperature_annual_range	Mean_temperature_of_the_wettest_quarter	Mean_temperature_of_driest_quarter	Mean_temperature_of_warmest_quarter	Mean_temperature_of_coldest_quarter	Total_annual_precipitation	Precipitation_of_wettest_month	Precipitation_of_driest_month	Precipitation_seasonality	Precipitation_of_wettest_quarter	Precipitation_of_driest_quarter	Precipitation_of_warmest_quarter	Precipitation_of_coldest_quarter	Sample_date	SSM	SSMA	Project
Lucas0001	52404680	166.6268921	0.01496763	0	345.8823529	5	28.35309982	11.57687235	2.545843422	42.0404114	17.40193237	1514.529469	0.011489993	85.24379812	Lucas0001	WL_coniferous	Woodland	U120	U120	0-20	5	1	84	15	4.16	10.96	346.5	0	44	10.4	193.5	0.494559074	9	0.636049555	mediterranean	2	33.31730769	Spring	1638	1.533333349	8.266666656	23.02692625	973.0069015	20.70000076	-15.19999981	35.90000057	12.00000012	-5.24999994	13.9333334	-10.33333333	624	82	30	32.32172649	222	96	221	117	29.05.2018	9.056149483	-1.161229372	LUCAS
Lucas0002	48623348	69.15314484	0.087306309	0	42.35294118	6	34.1084671	19.11700201	9.018930787	41.06292152	5.794661191	716.2882957	0.008089845	59.69877524	Lucas0002	GL_managed	Grassland	U111	U111	0-20	21.68978102	20.05210918	39.89454094	39.80887097	6.87	118.7	401.3	3	16.6	29.6	65.9	1.067405006	9	0.6544595	mediterranean	3	13.55743243	Summer	2740	8.274999903	8.466666552	29.81220657	760.4917571	23.89999962	-4.5	28.39999962	17.5999999	-0.11666661	17.5999999	-1.166666642	534	80	23	38.03820111	207	80	207	90	01.06.2018	10.87158775	-0.393304437	LUCAS
Lucas0003	34182178	451.0388794	5.424099896	90	0	6	48.03684998	21.52044249	14.70255726	30.53410149	1.043138587	211.230865	0.004938381	16.37551484	Lucas0003	Other bare soil	Bareland	U112	U112	0-20	5	18	17	65	8.24	24.8	7.6	379	5.3	1.2	140.4	1.496392833	9	0.881079606	mediterranean	Bareland	6.333333333	Summer	2035	13.76666669	10.70000005	37.80918751	636.6722225	30	1.700000048	28.29999995	15.58333317	21.83333349	21.88333321	6.399999936	481	55	24	21.40826634	147	93	99	113	03.06.2018	13.68152618	0.953108907	LUCAS
Lucas0004	52863656	134.4962769	0.641072307	0	180.7058824	6	42.75957489	16.72523785	7.242327389	49.18437918	0.464011181	115.7127883	0.004010025	4.695304695	Lucas0004	WL_coniferous	Woodland	U120	U120	0-20	8	4	86	9	6.66	5.31	9.9	1	54.5	0.9	62.4	1.226929449	9	0.85991695	mediterranean	2	11	Summer	1329	5.945833343	8.058333312	26.95094745	831.3309689	22	-7.900000095	29.9000001	16.01666673	-3.566666702	16.01666673	-4.333333383	641	77	30	27.9846486	220	105	220	120	26.06.2018	6.201380253	-0.836800218	LUCAS
Lucas0005	43882828	424.8546448	0.805818879	0	245.6470588	6	77.93600464	18.07496881	9.309268751	58.94012953	1.834943121	415.4334979	0.004416936	22.47920133	Lucas0005	CL_annual	Cropland	U111	U111	0-20	9	21	47	32	7.52	27.5	54.7	62	51.8	4.8	169.8	1.195054612	9	1.525913896	mediterranean	1	11.39583333	Summer	2765	8.391666683	8.533333475	31.72242832	694.2911129	23.20000076	-3.700000048	26.90000081	16.98333327	1.200000048	16.98333327	-0.083333333	791	96	44	27.96817743	275	134	275	146	02.06.2018	8.807646751	-1.011242151	LUCAS
Lucas0006	44263288	33.69156647	0.237286576	0	64.94117647	6	27.41540909	18.65668106	9.874655473	45.29229174	0.440506763	204.1109399	0.002158173	3.278688525	Lucas0006	CL_annual	Cropland	U111	U111	0-10	4	11	70	20	6.34	16.51	9.2	2	20	1.1	168.9	1.067405006	9	0.530723394	mediterranean	1	8.363636364	Summer	2397	9.287500031	8.475000088	32.59615419	664.3558963	24	-2	26	17.53333346	4.883333325	17.53333346	1.299999982	553	61	34	17.82641269	173	111	173	122	01.06.2018	3.101845026	-0.851775765	LUCAS
Lucas0007	46902810	509.4988098	6.937263921	17.05962126	223.0588235	5	79.34951782	15.07574129	8.446107362	65.44255447	0.837757009	346.6452336	0.002416756	11.01131071	Lucas0007	CL_annual	Cropland	U111	U111	0-20	30	16	46	38	6.64	13.93	19.2	1	34.3	2.1	78.2	1.227903484	9	1.650510542	mediterranean	1	9.142857143	Spring	1543	7.295833245	9.191666494	32.82738145	707.7925177	22.29999924	-5.699999809	27.99999905	15.98333295	-1.399999936	15.98333295	-1.399999936	789	112	40	36.08604558	302	129	302	129	29.05.2018	10.52040768	-1.171865344	LUCAS
Lucas0008	36782680	152.5732422	0.599818872	90	0	6	68.90370941	19.60657692	12.20859959	56.32127019	0.479595522	381.3883472	0.001257499	8.128732581	Lucas0008	CL_annual	Cropland	U111	U111	NA	13	38	21	42	7.59	12.55	22.5	8	26.7	2.5	239.7	1.067405006	9	1.309792681	mediterranean	1	9	Summer	2159	11.31666672	9.199999968	37.55102028	579.1032775	25.5	1	24.5	7.966666659	18.60000006	18.60000006	4.5	740	77	50	12.62616889	203	156	156	190	04.06.2018	11.59326458	-0.114376567	LUCAS
Lucas0009	44322920	590.3845825	1.937657999	8.88512427	241.4117647	5	86.8388443	15.38277721	9.108649756	53.89008693	1.137840376	773.9392801	0.001470193	11.61825726	Lucas0009	GL_managed	Grassland	U111	U111	0-10	26	25	40	36	6.95	20.5	32.6	20	36.3	2.8	196.8	1.175942015	9	1.794829675	mediterranean	3	11.64285714	Spring	1606	7.412500063	8.025000087	30.62977155	696.4002474	21.89999962	-4.300000191	26.19999981	16.01666689	2.950000048	16.01666689	-1.049999962	957	100	65	14.21944231	276	204	276	245	30.05.2018	10.76460075	-0.829528093	LUCAS
Lucas0010	44943870	173.4585876	2.260945165	8.88512427	275.2941176	6	44.21509552	16.47368765	7.103998812	64.74700767	0.573427812	157.7465604	0.003635121	5.995004163	Lucas0010	GL_managed	Grassland	U111	U111	0-20	7	7	68	26	5.5	7.31	27.2	0	51.9	2.4	30.2	1.067405006	9	0.893709315	mediterranean	3	11.33333333	Summer	392	6.316666718	7.216666618	27.86357706	672.7093587	20.60000038	-5.300000191	25.90000057	6.766666651	5.083333485	14.9333334	-1.516666661	920	99	52	22.38427567	290	166	231	233	04.06.2018	4.687795162	-1.040038586	LUCAS
Lucas0011	34002136	220.7298126	1.01915632	90	0	6	36.64239883	22.60005188	15.18173464	25.434983	1.469026549	570.2216978	0.002576238	15.71357534	Lucas0011	CL_annual	Cropland	U111	U111	0-20	68	26	39	35	7.8	45.3	13	324	46.2	2	316	1.311279653	4	0.659035335	atlantic	1	6.5	Summer	3459	14.89166665	11.14999994	38.85017393	640.1627344	31	2.299999952	28.70000005	17.01666649	8.650000056	23.0333333	7.433333317	344	47	19	27.35924119	118	67	75	72	03.06.2018	9.735013008	0.723304451	LUCAS
Lucas0012	35282092	158.7958221	3.702456024	90	0	5	65.56489563	18.37361717	15.25700564	29.227004	0.865671642	178.6567164	0.004845447	8.173712021	Lucas0012	CL_permanent	Cropland	U111	U111	0-20	70	24	37	39	7.97	88.8	23.4	294	13.8	1.6	383	1.378727165	9	1.2762367	mediterranean	1	14.625	Spring	1661	15.1916667	11.60000018	38.41059718	677.5920945	31.89999962	1.700000048	30.19999957	15.76666649	23.73333327	23.73333327	7.166666746	364	48	10	36.7766882	121	61	61	72	22.05.2018	7.032222271	0.18379204	LUCAS
Lucas0013	43942996	401.3757629	1.76317062	5.126400082	299.2941176	5	58.97376633	16.14980602	9.558629563	57.3263074	2.770682148	750.7343977	0.003690629	20.20185308	Lucas0013	GL_managed	Grassland	U111	U111	0-20	82	30	11	59	6.01	13.1	57.6	1	9.9	5.4	364.2	1.001561324	9	1.199877906	mediterranean	3	10.66666667	Spring	1243	8.08750008	8.508333514	32.47455445	679.6728042	22.70000076	-3.5	26.20000076	15.00000008	3.650000071	16.53333346	-0.116666655	761	81	49	15.75449158	221	156	220	188	29.05.2018	6.18697691	-0.834742904	LUCAS
Lucas0014	47262412	1055.459473	0.170450415	11.47834095	162.3529412	6	113.465683	15.31259394	9.507516309	104.8284687	5.854292343	990.3511214	0.00591133	28.76033058	Lucas0014	WL_broadleaved	Woodland	U120	U120	0-20	3	34	10	56	6.77	25.9	97	9	7.9	5.8	137.5	0.684162014	9	2.348573607	mediterranean	2	16.72413793	Summer	865	6.404166736	7.725000069	30.77689224	646.780347	20.10000038	-5	25.10000038	3.133333375	14.55000019	14.55000019	-1.233333309	1550	194	73	25.82460069	525	288	288	384	05.06.2018	22.85004425	0.994283915	LUCAS
Lucas0015	44143298	41.73753738	0.103656202	0	360	6	27.55644226	18.38582373	9.871040143	46.66014732	4.301193467	728.0747487	0.005907626	47.12720027	Lucas0015	WL_broadleaved	Woodland	U111	U111	0-20	1	5	83	12	5.39	24.9	212	0	27.8	17.8	109.2	0.553475199	9	0.536265457	mediterranean	2	11.91011236	Summer	2419	9.058333342	8.333333244	32.80839909	651.6058297	23.39999962	-2	25.39999962	17.16666667	4.599999925	17.16666667	1.23333327	554	63	34	18.12201352	174	111	174	126	01.06.2018	2.250000477	-1.051898599	LUCAS
Lucas0016	50702998	782.6156006	6.184420948	5.126400082	1.411764706	5	106.6166992	14.77658892	7.598238744	76.0144571	1.802150974	373.342803	0.004827068	18.00332779	Lucas0016	GL_managed	Grassland	U111	U111	0-20	13	21	31	49	4.64	21.4	23.2	1	23.7	2.7	86.2	0.885289661	9	2.231567838	mediterranean	3	8.592592593	Spring	1194	6.204166745	9.058333566	32.58393291	708.8097011	20.70000076	-7.099999905	27.80000067	14.81666692	-1.516666651	14.81666692	-2.600000024	1179	171	56	39.71666376	466	195	466	203	30.05.2018	17.9180851	-0.731017351	LUCAS
Lucas0017	51483800	6.449999809	0.419345708	0	45.17647059	5	30.55501175	16.12795544	7.516569966	46.24282134	0.934812287	113.0273038	0.008270677	17.1497243	Lucas0017	CL_annual	Cropland	U111	U111	0-20	13	11	64	25	6.32	9.48	21.3	0	15.4	2.2	71	1.331333122	9	0.621947555	mediterranean	1	9.681818182	Spring	2355	6.783333334	7.316666557	24.88662167	817.024351	22.79999924	-6.599999905	29.39999914	15.89999994	-2.266666651	16.91666683	-3.283333282	592	77	26	32.22903075	210	88	207	102	03.05.2018	10.49309063	-0.121525645	LUCAS
Lucas0018	33902114	485.0028992	1.950119065	90	0	6	44.13289642	21.43855619	14.016559	26.27356484	0.469097539	73.79459131	0.006356801	9.801019569	Lucas0018	CL_annual	Cropland	U111	U111	0-20	75	28	44	28	8.38	14.52	5.4	69	8.4	0.7	260.2	1.673582525	9	0.810691898	mediterranean	1	7.714285714	Summer	2224	13.77916661	12.32499998	40.27777824	659.4124683	31.39999962	0.800000012	30.59999961	15.78333338	7.416666677	22.25	6.216666669	355	52	20	32.08113547	131	64	83	69	03.06.2018	14.88217163	1.60770762	LUCAS
Lucas0019	51103486	158.1332855	1.971099238	0	158.1176471	5	28.84750748	17.10558033	8.171823251	45.5500944	0.583641747	166.1433506	0.003512881	10.69244753	Lucas0019	GL_managed	Grassland	U111	U111	0-20	13	4	73	22	5.83	8.17	13.8	0	15.3	1.6	156.4	1.067405006	9	0.575734425	mediterranean	3	8.625	Spring	1796	6.937499986	7.825000059	26.70648424	820.7566499	22.70000076	-6.599999905	29.30000067	16.80000003	-2.283333302	16.80000003	-3.35	548	73	25	34.38702564	206	86	206	94	28.05.2018	9.047608376	-0.898224771	LUCAS
Lucas0020	50083478	143.1689301	1.426899764	0	24	5	34.55025482	16.72531605	8.267748356	49.57138082	0.893907732	102.9194663	0.008685507	11.7338252	Lucas0020	WL_broadleaved	Woodland	U420	U111	0-20	1	10	59	31	4.86	7.63	10	0	10.2	1.2	139.6	1.067405006	9	0.694822227	mediterranean	2	8.333333333	Spring	1783	7.175000018	7.849999816	28.03571459	766.3031092	22.29999924	-5.699999809	27.99999905	16.48333343	2.066666695	16.48333343	-2.349999942	659	81	30	28.94194616	228	106	228	126	29.05.2018	13.95822525	0.199145004	LUCAS
Lucas0021	42863582	27.49947739	0.735276123	0	25.41176471	6	35.35778809	15.95989704	9.211124219	58.85704402	0.800148313	191.0097639	0.004189044	10.94601288	Lucas0021	CL_annual	Cropland	U111	U111	0-20	4	11	65	24	6.62	16.06	31.9	0	32.2	2.3	113.1	1.90740419	9	0.722178563	mediterranean	1	13.86956522	Summer	2453	7.866666754	7.133333643	30.88023171	584.0234054	20.60000038	-2.5	23.10000038	8.816666722	3.066666722	15.11666679	1.016666691	756	83	42	22.98328815	241	134	203	172	03.06.2018	4.474782944	-1.360753179	LUCAS
Lucas0022	49803394	141.6165771	0.357150201	0	313.4117647	5	30.56217003	16.75326443	8.347266298	42.63286149	0.478629579	151.0310945	0.00316908	2.593755163	Lucas0022	WL_coniferous	Woodland	U120	U120	NA	6	3	87	10	5.21	3.98	16.1	0	104.2	1.1	22.4	1.067405006	9	0.614274669	mediterranean	2	14.63636364	Spring	2607	7.30833331	8.033333227	28.58837457	764.9326497	22.5	-5.599999905	28.0999999	16.58333317	-1.133333296	16.58333317	-2.216666629	593	80	24	35.19253483	222	90	222	100	29.05.2018	12.94546127	0.063468285	LUCAS
Lucas0023	33241858	693.8508301	1.439785798	0	300.7058824	5	40.99782181	16.12772894	14.72982914	26.87657522	0.321309168	207.19573	0.001550752	5.613685434	Lucas0023	CL_annual	Cropland	U420	U420	0-10	14	25	34	41	8.32	16.28	10.9	434	19.5	1.2	179.2	1.149784057	9	0.8345149	mediterranean	1	9.083333333	Spring	3711	14.10416662	12.87499993	39.25304858	706.0886529	33	0.200000003	32.8	16.04999987	23.1500001	23.35000022	6.149999909	378	46	13	34.07424732	127	61	63	81	23.05.2018	7.261795044	0.084919818	LUCAS
Lucas0024	43543126	242.2546997	1.340884672	0	321.8823529	6	32.77357483	17.76028013	9.321023038	57.98769238	0.971225782	350.1083189	0.002774072	13.27566129	Lucas0024	CL_annual	Cropland	U111	U111	0-20	4	25	2	72	7.38	16.1	17	2	56.2	1.8	174.1	1.28909102	9	0.645653939	mediterranean	1	9.444444444	Summer	2398	8.474999998	8.616666567	33.3979328	651.4930334	22.89999962	-2.900000095	25.79999971	15.05000011	4.016666786	16.5999999	0.600000004	679	73	41	17.2148389	206	139	206	152	04.06.2018	2.817934036	-1.082093477	LUCAS
Lucas0025	45123304	33.3540802	0.126718449	0	208.9411765	5	18.85754585	16.81530619	9.966691118	46.08398086	3.700966635	449.7752832	0.008228479	46.63005492	Lucas0025	GL_managed	Grassland	U111	U420	0-20	44	7	56	37	6.17	21.8	241.3	1	11.7	18.8	70.1	0.555117424	9	0.378549231	mediterranean	3	12.83510638	Spring	2771	8.866666641	8.116666582	31.45994892	678.4049903	23.29999924	-2.5	25.79999924	17.3499999	4.149999913	17.3499999	0.733333319	518	62	30	20.01585184	161	102	161	120	31.05.2018	10.01411915	0.037424229	LUCAS
Lucas0026	53641966	629.2110596	3.684541106	5.126400082	173.6470588	6	138.9868774	20.98490143	13.58189226	44.18634836	0.437532947	162.9372694	0.002685285	6.181998022	Lucas0026	CL_annual	Cropland	U111	U111	0-20	31	15	51	35	6.91	12.06	11.8	0	38	1.2	108.5	1.042616875	9	2.574550916	mediterranean	1	9.833333333	Summer	1978	12.30833331	10.89999988	35.50488554	747.1242853	29.5	-1.200000048	30.70000005	8.366666794	21.18333324	21.64999994	3.383333306	503	56	27	22.04841719	157	89	96	127	24.06.2018	21.44565964	0.411885947	LUCAS
Lucas0027	48462300	354.6879578	2.822877593	5.126400082	105.8823529	5	67.67553711	18.96523619	14.69340595	74.02923122	0.730304891	299.6741014	0.002436997	19.34312593	Lucas0027	D10	Shrubland	U420	U420	0-20	21.68978102	35	14	51	6.53	6.17	29.2	5	2.5	2.8	191.7	0.772477586	9	1.302323285	mediterranean	Shrubland	10.42857143	Spring	2236	13.62499993	8.333332996	31.8066153	672.7808548	28.29999924	2.099999905	26.19999933	10.14999998	22.18333308	22.18333308	5.699999849	859	110	38	27.29946655	296	147	147	229	29.05.2018	17.51481056	-0.094173372	LUCAS
Lucas0028	51722996	481.7940979	8.510822985	5.126400082	262.5882353	5	78.44007111	15.04155302	8.194912258	58.58826848	2.473971453	954.6742233	0.00259143	21.72198488	Lucas0028	GL_managed	Grassland	U111	U111	0-20	5	30	8	63	6.11	32.8	30.2	1	5.8	3.6	128.6	0.807831832	4	1.632754692	atlantic	3	8.388888889	Spring	1322	6.820833374	8.608333257	30.09906794	747.4272849	21.79999924	-6.800000191	28.59999943	15.76666673	-1.350000083	15.76666673	-2.716666693	801	112	36	39.1637293	308	116	308	123	29.05.2018	14.57144642	-1.057908177	LUCAS
Lucas0029	51764704	130.1699982	0.015979372	0	0	5	26.54601479	11.5605309	2.366175056	41.06939757	1.328918759	183.2923503	0.007250269	16.46301189	Lucas0029	WL_coniferous	Woodland	U120	U120	0-20	4	5	45	50	4.65	3.06	20.4	1	31.9	1.1	34.4	1.163115123	9	0.59572932	mediterranean	2	18.54545455	Spring	1685	1.741666692	8.150000011	23.0878186	959.9569961	20.60000038	-14.69999981	35.30000019	12.16666691	-5.099999954	14.03333346	-9.800000032	618	81	31	33.66930254	224	94	221	112	31.05.2018	11.04432869	-0.869278908	LUCAS
Lucas0030	44483636	8.356133461	0.553330961	0	7.058823529	5	15.14078426	15.69052887	9.08684989	44.72844867	0	113.7574799	0	5.478997177	Lucas0030	CL_annual	Cropland	U111	U111	0-20	11	7	72	20	7.69	18.53	8.7	5	88.2	1.1	275.9	2.014665413	9	0.310959536	mediterranean	1	7.909090909	Spring	2345	8.179166708	5.258333417	23.68618651	656.2408712	20.5	-1.700000048	22.20000005	15.68333324	3.15000008	16.41666667	0.366666665	590	67	29	22.46933483	185	105	178	129	31.05.2018	8.229314804	-0.707478762	LUCAS
Lucas0031	45622768	544.9654541	1.773618882	0	25.41176471	5	108.3101807	15.48929739	9.373617574	94.55427913	1.369034528	202.3128803	0.006766917	35.09848701	Lucas0031	CL_annual	Cropland	U120	U120	0-20	86	28	12	59	4.41	34.8	52.3	0	13.8	4.6	182.4	0.793309053	4	2.233692516	atlantic	1	11.36956522	Spring	2097	8.004166599	8.808333206	32.38357819	703.6575094	22.5	-4.699999809	27.19999981	16.56666644	-0.699999968	16.56666644	-0.699999968	1184	154	65	30.85800247	439	219	439	219	29.05.2018	13.27412224	-1.65939045	LUCAS
Lucas0032	51443008	321.0162048	3.055639982	0	60.70588235	5	74.16426086	16.13421583	8.936125078	57.92523675	1.189066918	369.0071002	0.003222342	12.53091509	Lucas0032	GL_managed	Grassland	U111	U111	0-20	13	32	20	48	5.42	9.93	23.7	1	10.4	2.9	226.1	1.224643506	9	1.509421889	mediterranean	3	8.172413793	Spring	1964	7.833333405	8.683333378	29.94252889	758.5192963	23	-6	29	15.5333333	-0.38333332	16.91666683	-1.833333368	709	102	30	43.62364548	284	97	284	103	29.05.2018	10.093647	-1.341478467	LUCAS
Lucas0033	31542332	1069.572388	0.209277185	90	0	5	101.1207275	10.33912015	8.982509437	57.41654245	3.046626984	454.1175926	0.006708894	28.57142857	Lucas0033	WL_broadleaved	Woodland	U420	U420	0-20	25	18	40	42	4.16	15.69	61.5	1	17.5	4.4	174.3	0.968432716	9	2.333243665	mediterranean	2	13.97727273	Spring	1080	8.945833387	8.874999957	38.75545766	512.8107048	22.10000038	-0.800000012	22.90000039	3.99999995	15.4333334	15.60000022	3.166666664	887	101	44	26.7536547	285	150	150	267	30.05.2018	23.85366249	0.548980534	LUCAS
Lucas0034	46722576	340.5092468	7.216247479	0	248.4705882	5	142.0574341	16.86191607	9.86028335	104.4287431	2.160767298	472.2476973	0.004575496	27.06528981	Lucas0034	CL_annual	Cropland	U111	U111	0-20	85	30	11	58	5.93	41.1	34.8	2	37.2	3.7	216.8	0.903076793	9	2.849016751	mediterranean	1	9.405405405	Spring	2719	8.991666713	10.35000023	34.15841583	758.4668552	25.20000076	-5.099999905	30.30000067	9.333333476	1.166666716	18.11666663	-0.600000024	1437	157	71	24.01039661	441	240	416	255	22.05.2018	21.80818176	0.800632298	LUCAS
Lucas0035	38842666	295.3019409	0.551828317	90	0	5	82.87794495	15.32781076	10.68208167	63.53099241	1.338957908	349.3397614	0.003832824	10.59350133	Lucas0035	GL_managed	Grassland	U111	U111	NA	8	21	51	29	4.77	30	28.5	1	52.7	3.3	375.9	1.067405006	4	1.714912048	atlantic	3	8.636363636	Spring	1781	10.18333341	8.549999918	33.92857112	619.9939036	24.5	-0.699999988	25.19999999	16.08333333	6.099999984	17.96666686	2.699999958	805	79	52	13.27769118	218	165	211	192	24.05.2018	16.00474358	-0.27141282	LUCAS
Lucas0036	44342190	279.3018494	14.26084897	7.252246865	297.8823529	5	58.55867767	17.84596586	14.49501991	52.18728076	0.622603767	127.5830416	0.004879988	14.3	Lucas0036	CL_annual	Cropland	U112	U111	0-20	17	30	25	44	8.26	16.3	10.4	319	3.7	1.2	151.1	1.552886531	9	1.151687783	mediterranean	1	8.666666667	Spring	2458	13.77916667	8.925000091	34.59302367	625.87922	28.5	2.700000048	25.79999995	10.75000008	21.68333292	21.68333292	6.583333453	555	73	17	32.9991571	194	77	77	152	31.05.2018	22.72202301	1.578811646	LUCAS
Lucas0037	49843504	119.7754288	1.667643295	0	42.35294118	5	37.98931503	16.49421549	8.407710678	50.5639803	1.217415522	241.8496101	0.005033771	10.65029861	Lucas0037	GL_managed	Grassland	U111	U112	0-20	6	6	80	14	5.56	6.22	19.1	2	16.9	2.1	58.4	1.067405006	9	0.767550605	mediterranean	3	9.095238095	Spring	2053	7.233333344	7.183333129	26.80348163	747.9071791	21.60000038	-5.199999809	26.80000019	16.31666676	2.033333431	16.31666676	-1.99999996	729	82	35	26.45837761	238	118	238	146	29.05.2018	13.47097492	-0.143724024	LUCAS
Lucas0038	47482810	226.5940094	2.291833182	5.126400082	40.94117647	5	59.99746704	17.67385054	10.36630114	53.88999477	1.232596993	234.9740734	0.005245672	10.55952183	Lucas0038	CL_annual	Cropland	U111	U111	0-20	3	29	13	59	7.85	27.9	16.5	48	104.4	1.7	477.1	1.300666314	9	1.183992659	mediterranean	1	9.705882353	Spring	3185	9.520833441	9.691666945	33.30469697	745.6829122	25.10000038	-4	29.10000038	18.66666683	0.316666643	18.66666683	0.316666643	568	77	23	40.05401175	220	80	220	80	24.05.2018	7.243409157	-0.936113954	LUCAS
Lucas0039	49163486	-1.929999948	0.320931471	0	76.23529412	5	32.4894371	16.64197159	8.723203609	46.69770773	0.917878353	360.2049287	0.002548212	18.76559641	Lucas0039	GL_managed	Grassland	U111	U111	0-20	84	37	10	52	5.81	11.1	33.8	1	52	3.8	179.3	1.067405006	9	0.654475156	mediterranean	3	8.894736842	Spring	2192	7.983333357	7.566666707	28.2338308	720.1430856	22.60000038	-4.199999809	26.80000019	16.75000016	2.98333324	16.75000016	-0.899999936	637	79	29	32.90120078	226	96	226	115	29.05.2018	11.00407314	-0.475739211	LUCAS
Lucas0040	41822414	202.9808807	72.51138041	12.57811866	210.3529412	5	78.80513763	18.42439699	13.71366441	64.34492975	1.681055646	328.2190398	0.005121749	19.27332783	Lucas0040	GL_managed	Grassland	U111	U111	0-20	5	25	5	71	7.77	45.56	33.1	140	13.4	3.6	328.3	0.807687139	9	1.532446509	mediterranean	3	9.194444444	Spring	1932	13.11666657	8.366666524	29.77461396	725.8923379	28	-0.100000001	28.1	12.63333329	4.216666682	22.14999978	4.216666682	635	81	27	28.12210867	196	124	126	124	16.05.2018	23.14042854	0.741177499	LUCAS
Lucas0041	34382156	401.911438	4.064826727	90	0	6	46.35569763	22.81816864	15.1001478	27.9065621	1.092528068	368.9638663	0.002961071	13.82819016	Lucas0041	CL_annual	Cropland	U112	U111	0-20	14	30	28	43	8.19	23.5	14.1	308	7.2	1.7	270.9	1.435925691	9	0.830476864	mediterranean	1	8.294117647	Summer	1393	14.59166677	11.03333316	36.90078028	676.6321491	31.89999962	2	29.89999962	16.84999967	8.03333354	23.28333346	6.716666738	444	57	19	26.36359295	143	89	91	96	03.06.2018	11.16583729	0.912414849	LUCAS
Lucas0042	38742668	411.8733215	2.634417189	90	0	5	84.87089539	14.6483655	10.68208167	63.53099241	2.856853614	779.2936492	0.003665953	18.49834983	Lucas0042	GL_managed	Grassland	U111	U111	NA	9	14	59	28	4.14	44.6	31.4	1	35.7	3.4	170.4	1.067405006	9	1.781192167	mediterranean	3	9.235294118	Spring	1473	9.524999945	7.550000014	31.72268968	605.8146199	22.89999962	-0.899999976	23.79999959	15.19999981	5.383333236	17.06666644	2.200000003	847	84	55	13.45819717	229	173	225	205	24.05.2018	12.89822102	-0.747831643	LUCAS
Lucas0043	34382102	189.5606995	3.25895471	90	0	6	37.20923996	23.59591007	15.48848248	25.13901419	0.293068203	139.5004646	0.00210084	10.65913996	Lucas0043	Other bare soil	Bareland	U112	U410	0-20	7	33	15	52	7.74	88.3	11.8	314	10.2	1.5	229.3	1.067405006	9	0.657454574	mediterranean	Bareland	7.866666667	Summer	2889	15.47499986	11.79999995	39.33333411	663.1450373	32.29999924	2.299999952	29.99999928	17.70000013	9.033333341	23.91666635	7.73333327	369	49	17	29.88356138	122	67	79	69	03.06.2018	8.291100502	1.013520122	LUCAS
Lucas0044	29461660	1015.574524	1.836701224	11.47834095	105.8823529	5	25.75942993	13.97385502	16.79756285	54.27534314	3.644265233	1094.667861	0.003329106	26.25144556	Lucas0044	GL_managed	Grassland	U111	U111	0-20	41	28	29	43	7.97	19.03	44.8	35	3.7	2.8	421.8	1.176219663	9	0.548378027	mediterranean	3	16	Spring	665	12.79999998	10.06666671	37.42255287	586.4841195	28.5	1.600000024	26.89999998	7.350000083	20.34999975	20.58333317	6.233333369	858	128	2	68.85885168	379	25	30	374	29.05.2018	19.53826523	0.892785966	LUCAS
Lucas0045	46942572	638.6575317	0.13363714	7.252246865	223.0588235	6	162.4589386	18.38442802	10.22573812	96.12666963	5.321254355	1456.481301	0.0036535	28.78411911	Lucas0045	GL_managed	Grassland	U111	U111	0-20	29	44	24	33	7.12	38.8	103.7	74	8.9	7.1	201	0.741857117	9	3.161637579	mediterranean	3	14.6056338	Summer	2018	7.941666668	10.18333355	34.63718826	725.8970407	23.70000076	-5.699999809	29.40000057	16.79999987	0.466666659	16.79999987	-1.099999944	1528	174	78	23.70567313	460	257	460	271	04.06.2018	22.95522308	0.932933927	LUCAS
Lucas0046	35642110	229.6228638	1.554944787	90	0	6	43.41759109	21.84390831	14.80824154	29.91808801	1.031444172	295.1493127	0.003494652	12.09864283	Lucas0046	CL_permanent	Cropland	U111	U111	0-20	6	21	40	39	7.5	31.6	22.5	122	103.3	2.7	127.5	1.432822802	9	0.791657495	mediterranean	1	8.333333333	Summer	2503	14.22083333	11.30833318	39.81807511	635.0213226	29.39999962	1	28.39999962	15.09999998	7.933333317	22.11666663	6.650000056	441	53	15	30.93631058	142	84	97	85	03.06.2018	12.37799358	0.841305733	LUCAS
Lucas0047	34022174	379.8445435	1.393713574	90	0	6	44.80060577	21.64713764	14.70255726	30.53410149	1.856125074	501.0114124	0.003704756	16.09099967	Lucas0047	CL_annual	Cropland	U111	U111	0-20	80	27	41	32	8.04	31	14.3	336	13	1.9	195.4	1.349549939	4	0.819816146	atlantic	1	7.526315789	Summer	1804	14.0916666	10.7500002	38.39285785	628.9342747	30	2	28	15.95000013	22.04999971	22.06666644	6.783333302	453	54	23	23.75735824	145	83	92	106	03.06.2018	11.94716835	0.71667701	LUCAS
Lucas0048	50322994	470.3049927	3.319616927	0	29.64705882	5	91.98859406	15.4296999	7.629768924	77.56636027	0.930303648	208.466952	0.004462595	18.70444003	Lucas0048	GL_managed	Grassland	U111	U111	0-20	38	22	28	50	4.81	19.21	16.4	1	5	2.3	45.3	0.999473757	9	1.899425234	mediterranean	3	7.130434783	Spring	1746	7.262500092	10.20833352	34.48761225	729.7294915	22.70000076	-6.900000095	29.60000086	16.10000038	-0.666666667	16.10000038	-1.850000024	865	124	40	41.77835904	347	134	347	140	31.05.2018	12.66264057	-1.23298049	LUCAS
Lucas0049	30961768	279.0047913	17.58661334	0	279.5294118	6	14.12727261	24.68272686	17.55560353	35.46476886	0	249.8967587	0	3.683515031	Lucas0049	CL_permanent	Cropland	U111	U111	0-20	8	31	13	56	8.08	35.1	10.7	475	26.3	1.3	468.9	1.239720635	4	0.244913397	atlantic	1	8.230769231	Summer	471	17.55416673	13.67499999	41.81957087	676.8894706	36.20000076	3.5	32.70000076	10.48333327	26.25	26.25	9.800000191	433	67	4	55.48481288	179	28	28	161	27.06.2018	5.16289711	0.834295154	LUCAS
Lucas0050	51824728	239.8920441	0.03025853	0	96	5	31.63862991	10.65395784	1.951615738	42.55183531	0.869423876	127.5954488	0.00681391	8.206233422	Lucas0050	WL_broadleaved	Woodland	U120	U120	0-20	7	3	60	36	4.73	3.18	15.1	1	16.4	0.8	30.7	0.960629486	9	0.724759712	mediterranean	2	18.875	Spring	1628	1.420833394	7.274999768	21.58753714	928.4308718	19.79999924	-13.89999962	33.69999886	11.71666666	-5.333333214	13.51666657	-9.46666646	678	85	34	29.87974983	233	106	229	129	31.05.2018	16.34020233	-0.871198595	LUCAS
Lucas0051	28382160	923.7728271	0.320671755	7.252246865	22.58823529	4	191.3271179	9.883224964	13.3241538	77.37418145	0.474376072	148.6167524	0.003191942	13.09602649	Lucas0051	WL_broadleaved	Woodland	U120	U112	0-10	29	5	73	21	4.68	6.95	31.8	1	26.5	2.3	35.8	0.902327099	9	4.461584176	mediterranean	2	13.82608696	Spring	1336	11.2875	8.908333341	37.11805448	542.9470264	25.70000076	1.700000048	24.00000072	5.26666677	18.33333333	18.3499999	5.26666677	1381	200	17	56.60175775	583	97	97	583	30.04.2018	21.95446587	0.685334742	LUCAS
Lucas0052	40783218	17.24615479	0.16203226	0	43.76470588	5	58.57772064	15.44538021	10.8126298	62.18119149	0.852739726	107.8136733	0.007909384	12.82136341	Lucas0052	WL_broadleaved	Woodland	U361	U361	0-20	2	6	78	16	4.3	8.17	52.1	1	126.6	3.9	41.6	0.977333409	9	1.209149776	mediterranean	2	13.35897436	Spring	1440	9.562499929	7.991666618	35.20558039	564.9622808	22.39999962	-0.300000012	22.69999963	3.866666738	5.466666549	16.59999975	2.833333307	770	75	46	14.27317463	212	158	202	189	24.05.2018	10.40309715	0.3692469	LUCAS
Lucas0053	29681740	137.3338623	3.077624069	0	98.82352941	5	27.28499222	18.75166321	18.4027725	41.40678948	0.65044339	387.0138173	0.001680672	19.93064729	Lucas0053	CL_annual	Cropland	U111	U111	0-20	6	59	7	34	8.24	15.4	14.4	28	5.2	1.2	698.5	1.021315311	9	0.527229282	mediterranean	1	12	Spring	707	17.4333333	13.1499995	43.25657852	611.1067874	34.79999924	4.400000095	30.39999914	11.33333333	25.08333302	25.46666654	10.43333348	554	96	2	66.68316142	257	20	26	231	15.05.2018	7.942577839	0.2376789	LUCAS
Lucas0054	29282088	782.8939209	2.168060568	5.126400082	309.1764706	5	73.74171448	13.87411499	13.26089723	45.07461618	0.492157613	216.7821984	0.002270286	13.35764004	Lucas0054	GL_managed	Grassland	U111	U111	0-20	38	6	49	45	5.41	9.9	17.5	1	11.1	2	41.9	1.206337132	4	1.573186278	atlantic	3	8.75	Spring	1301	12.42500007	9.933333317	38.05874952	579.2452015	27.79999924	1.700000048	26.09999919	6.883333325	20.10000006	20.10000006	6.033333381	959	145	14	55.42760632	403	72	72	399	20.05.2018	12.88614368	0.516529024	LUCAS
Lucas0055	31702250	872.6420288	2.340937045	90	0	5	64.07242584	13.40743446	11.17319152	38.1471128	0	518.2629108	0	0.527443547	Lucas0055	CL_annual	Cropland	U111	U111	0-20	62	29	43	28	7.87	15.01	13.7	290	14.1	1.7	452	1.112053372	9	1.380650031	mediterranean	1	8.058823529	Spring	1631	11.3083333	11.66666679	40.36908977	611.5064464	28.39999962	-0.5	28.89999962	5.01666676	19.19999981	19.19999981	4.350000078	507	58	22	29.71018522	162	78	78	148	15.05.2018	15.81156445	0.292055666	LUCAS
Lucas0056	36442800	189.808197	2.019651724	90	0	5	48.23378754	14.59073687	11.81202296	50.65555291	1.234659725	311.9985125	0.003957262	10.38160307	Lucas0056	CL_annual	Cropland	U111	U111	0-20	4	20	7	73	6.2	17.53	17.4	13	45.6	1.8	125.4	1.267278798	9	1.013512097	mediterranean	1	9.666666667	Spring	1483	10.46666667	8.549999858	36.22881356	554.1756081	24.39999962	0.800000012	23.59999961	4.799999942	17.46666654	17.46666654	3.983333379	697	75	48	13.17875711	206	154	154	189	22.05.2018	13.96579456	-0.136615515	LUCAS
Lucas0057	48681954	328.308075	13.40227169	11.47834095	33.88235294	5	32.35601425	19.21374941	16.45219201	46.12989576	0.68169374	128.9461581	0.005286654	9.258032461	Lucas0057	CL_permanent	Cropland	U111	U111	0-20	3	13	75	13	8.26	12.88	9.4	185	1.3	0.9	217.3	1.55070109	9	0.619683792	mediterranean	1	10.44444444	Spring	1438	14.75833341	8.549999932	33.52941244	636.2490795	29.29999924	3.799999952	25.49999928	11.81666652	22.95000029	22.95000029	7.683333357	652	83	20	38.90855787	244	80	80	211	22.05.2018	14.08815002	1.052017927	LUCAS
Lucas0058	34201972	1468.577637	16.40241379	5.126400082	124.2352941	5	89.59539032	10.63861072	11.01683848	31.87877896	8.0847009	1651.856714	0.004894311	37.03333333	Lucas0058	Other bare soil	Bareland	U111	U111	0-20	28	12	41	46	7.16	38	72.7	7	54.1	6.9	655.2	1.080605893	9	2.053121968	mediterranean	Bareland	10.53623188	Spring	1909	8.416666746	13.76666681	42.09989752	661.4114943	27.70000076	-5	32.70000076	10.16666677	1.883333445	17.15000041	1.083333373	554	77	32	28.84176307	193	103	129	111	27.05.2018	18.00038338	0.364156365	LUCAS
Lucas0059	37602280	112.2638245	6.126285924	90	0	5	64.71679688	17.82834482	14.87718662	49.92023428	0.29738445	18.45766153	0.016111708	7.090545939	Lucas0059	D10	Shrubland	U415	U410	0-20	5	14	26	59	8.44	12.59	5.7	366	3.4	0.6	203.5	1.655345951	9	1.273242265	mediterranean	Shrubland	9.5	Spring	1614	14.39166666	9.016666551	35.92297479	588.8426093	28.39999962	3.299999952	25.09999967	11.08333341	21.98333359	21.98333359	7.666666627	603	80	19	30.2524843	197	92	92	176	02.05.2018	18.67327309	1.055376887	LUCAS
Lucas0060	30721702	1070.483643	13.61477714	11.47834095	334.5882353	5	35.03564072	16.18281603	15.99432408	35.96405441	0.861065907	422.1586656	0.002039674	18.06666667	Lucas0060	CL_permanent	Cropland	U112	U112	0-20	15	42	17	41	8.17	19.26	8.9	468	2.6	1.4	233.1	1.045262934	9	0.712355321	mediterranean	1	6.357142857	Spring	673	13.92500001	13.31666649	41.22806961	664.5110918	33	0.699999988	32.30000001	7.399999966	22.61666648	22.61666648	6.550000062	562	79	4	55.63299592	225	32	32	215	01.05.2018	13.55598259	0.451386899	LUCAS
Lucas0061	43403554	37.6174469	0.578439501	0	139.7647059	5	17.62078667	15.03917742	9.491044672	50.80179817	0.846787185	217.342044	0.003896104	7.637626054	Lucas0061	CL_annual	Cropland	U111	U111	0-20	9	12	63	25	6.15	10.19	13.7	1	15.2	1.5	81.5	1.58599983	9	0.366800341	mediterranean	1	9.133333333	Spring	1983	8.466666644	5.866666665	27.16049424	599.2052798	20.39999962	-1.200000048	21.59999967	9.499999881	3.483333309	15.94999997	1.483333329	659	69	38	18.45123232	192	125	187	149	28.05.2018	10.4619034	-0.0561357	LUCAS
Lucas0062	27781794	95.86618042	5.872418722	7.252246865	52.23529412	5	15.32219505	18.19770622	17.31739285	35.031898	0	332.7720065	0	1.457677654	Lucas0062	GL_managed	Grassland	U111	U111	0-20	25	7	70	23	6.34	3.61	9.6	1	2.8	1.2	44.7	1.387932375	4	0.29927503	atlantic	3	8	Spring	631	17.35416667	11.74166663	43.48765651	537.4707454	33.09999847	6.099999905	26.99999857	12.16666683	24.13333321	24.36666648	11.24999992	522	94	2	66.61768026	242	20	25	223	16.05.2018	8.207585335	0.666469634	LUCAS
Lucas0063	37582662	167.1815491	0.856252066	90	0	5	71.12186432	15.72516155	12.07858864	58.17138913	1.316299559	234.7205874	0.005607943	19.09039065	Lucas0063	GL_managed	Grassland	U111	U111	0-20	31	29	34	37	5.95	12.06	17.3	1	18.6	1.7	233.9	1.315987851	9	1.459653741	mediterranean	3	10.17647059	Spring	1733	10.96250002	9.325000043	38.06122587	578.2187609	24.79999924	0.300000012	24.49999923	16.50000016	7.083333413	18.23333343	4.066666613	709	74	48	11.79993131	195	153	181	166	01.05.2018	17.44150543	0.120362446	LUCAS
Lucas0064	42843682	73.29255676	0.481740144	0	8.470588235	5	21.31332588	14.21607065	8.650766548	59.28859671	0.694824962	239.4303653	0.002901992	12.66201396	Lucas0064	CL_annual	Cropland	U111	U111	0-20	7	9	61	30	6.14	15.18	17.6	1	34.9	1.8	141.4	1.385725754	9	0.451399822	mediterranean	1	9.777777778	Spring	1929	7.520833313	7.341666698	31.37464388	597.4470604	20	-3.400000095	23.4000001	8.316666683	6.26666673	14.96666654	0.533333302	771	82	41	21.41734101	241	142	194	194	27.05.2018	12.15145588	-0.329488128	LUCAS
Lucas0065	45502846	307.0673828	1.151106663	0	57.88235294	5	74.71920776	16.64731216	9.490475755	73.42384599	1.271737124	286.656698	0.004436447	10.71369705	Lucas0065	CL_annual	Cropland	U111	U111	0-20	5	13	51	36	7.63	42.9	29.8	200	28.9	1.7	96.6	1.543739965	9	1.50500006	mediterranean	1	17.52941176	Spring	NA	8.383333303	9.09999985	32.15547737	726.1459001	23.79999924	-4.5	28.29999924	17.26666641	3.983333309	17.26666641	-0.600000004	832	102	51	22.88038215	279	161	279	183	22.05.2018	11.51660156	-1.11495018	LUCAS
Lucas0066	33002172	1126.168701	1.877110667	90	0	5	81.62699127	11.54646921	11.25846948	34.71218932	0.796425212	282.4654751	0.002819549	11.41666667	Lucas0066	CL_annual	Cropland	U111	U112	0-20	22	22	29	49	7.83	18.95	8.9	138	9.2	1.3	81.7	1.186651242	4	1.832400922	atlantic	1	6.846153846	Spring	1627	9.641666709	12.41666671	40.8442973	631.1815663	27.70000076	-2.700000048	30.40000081	11.03333326	17.91666698	17.91666698	2.566666603	515	64	27	24.59084837	165	91	91	135	27.05.2018	18.69410324	0.125166476	LUCAS
Lucas0067	54221900	223.599411	3.966622048	0	107.2941176	5	54.69855499	20.50484371	15.76480057	40.49849751	0	557.3112313	0	5.17868961	Lucas0067	CL_annual	Cropland	U111	U111	0-20	25	19	47	34	7.92	18.78	30.8	40	97.6	2.7	669.9	1.115871827	9	1.02231034	mediterranean	1	11.40740741	Spring	1404	14.97916687	10.62500008	36.01694884	721.5465154	31.60000038	2.099999905	29.50000048	11.30000015	24.16666698	24.16666698	6.549999952	484	65	17	41.03620714	182	57	57	161	29.05.2018	13.16751575	0.931280434	LUCAS
Lucas0068	39583216	-2.957439423	0.072457295	0	184.9411765	5	56.62900162	14.50365782	10.9115188	64.56913978	7.369428969	814.856546	0.009043836	52.6775416	Lucas0068	GL_managed	Grassland	U111	U111	0-20	29	20.05210918	39.89454094	39.80887097	5.49	57.3	251.7	4	96.3	22.1	283.8	0.593916289	4	1.192097708	atlantic	3	11.38914027	Spring	1513	9.608333121	7.599999725	35.02304144	525.4341499	21.79999924	0.100000001	21.69999924	6.98333319	5.566666579	16.11666632	3.366666636	821	88	46	18.79745826	251	167	203	200	15.05.2018	25.07775497	-0.285456091	LUCAS
Lucas0069	49902614	87.39418793	1.469455606	0	39.52941176	5	59.97093582	20.07676983	11.65130088	46.96910838	0.824272008	147.4096392	0.00559171	15.22545662	Lucas0069	CL_annual	Cropland	U111	U111	0-20	11	26	3	70	7.74	37.2	18.1	25	8.7	1.9	308.9	1.389947477	9	1.129890459	mediterranean	1	9.526315789	Spring	2674	10.99583349	9.025000225	30.59322061	792.7841079	26.60000038	-2.900000095	29.50000048	19.05000019	2.76666673	20.50000032	1.066666663	553	68	26	27.59514388	179	83	178	97	26.05.2018	3.876402855	-0.976523578	LUCAS
Lucas0070	31021866	633.0438232	1.657221556	0	128.4705882	5	53.40548706	17.29493904	16.06499376	31.30607419	1.386787017	419.7660841	0.003303714	13.89118571	Lucas0070	CL_annual	Cropland	U111	U111	0-20	8	37	37	26	7.95	22.2	11.1	249	6	1.6	383	1.201504769	9	1.061846144	mediterranean	1	6.9375	Spring	559	14.88749987	12.90833317	38.64770496	723.3794429	34.29999924	0.899999976	33.39999926	10.4333332	24.11666632	24.34999959	6.683333417	418	59	7	45.29399839	154	37	43	141	15.05.2018	10.28529549	0.849198699	LUCAS
Lucas0071	30002386	400.2935181	6.941309378	21.25124398	139.7647059	5	74.62984467	13.15799069	12.09180194	73.96742289	4.200891862	1069.851802	0.003926611	25.36195706	Lucas0071	GL_managed	Grassland	U111	U111	0-20	31	20	17	64	7.26	29.8	73.1	310	8.5	4.1	89.5	1.112502743	4	1.616834779	atlantic	3	17.82926829	Spring	1315	12.2916666	9.49999998	45.45454619	427.1673688	23.89999962	3	20.89999962	10.20000005	17.58333302	17.76666657	7.350000024	1026	127	39	35.96674841	366	131	142	316	21.05.2018	21.96826935	0.409438461	LUCAS
Lucas0072	27981972	192.3487091	0.121096766	5.126400082	152.4705882	5	31.07324409	17.19506741	17.01511835	48.32942491	0.791370394	49.95022624	0.015843179	12.06480034	Lucas0072	GL_unmanaged	Grassland	U120	U120	0-20	35	8	76	16	4.81	12.54	7.6	1	12.7	0.8	56.7	1.393517219	9	0.619049753	mediterranean	3	9.5	Spring	887	16.23333337	11.03333342	42.43589855	531.046716	31.39999962	5.400000095	25.99999952	10.93333324	22.9000001	23.1500001	10.1500001	661	97	5	57.25242927	275	34	42	262	15.05.2018	9.74698925	0.395737976	LUCAS
Lucas0073	29741732	201.8342896	5.76522239	5.126400082	268.2352941	5	27.1216507	18.59993267	18.4027725	41.40678948	0.195093286	418.4019392	0.000466282	3.460502056	Lucas0073	CL_annual	Cropland	U111	NA	0-20	12	29	32	39	8.08	16.62	18	604	39.8	1.4	139.1	1.00826357	9	0.525614071	mediterranean	1	12.85714286	Spring	661	17.25416656	13.25833329	43.75687801	606.0620054	34.59999847	4.300000191	30.29999828	11.26666657	24.84999959	25.24999968	10.36666671	567	98	2	67.15284678	265	20	26	236	15.05.2018	9.697768211	0.802284598	LUCAS
Lucas0074	32482188	1222.022949	0.283046962	90	0	5	78.68278503	10.77060914	10.26617552	39.90094295	4.294978166	437.0608443	0.009826957	24.38500908	Lucas0074	WL_coniferous	Woodland	U120	U120	0-20	64	10	61	30	4.83	8.77	51.7	1	12.9	2.5	147	0.959201932	9	1.797616862	mediterranean	2	20.68	Spring	1668	8.845833352	10.25833342	37.99382648	605.9120033	24.70000076	-2.299999952	27.00000072	10.30000003	16.69999997	16.69999997	2.066666683	541	64	23	26.99954654	166	86	86	152	21.05.2018	17.06053162	0.146492153	LUCAS
Lucas0075	40383202	7.854436874	0.275900202	0	32.47058824	5	60.15037918	15.41646576	10.80455358	62.9460648	0.859088433	245.8902004	0.003493789	8.688443044	Lucas0075	GL_unmanaged	Grassland	U420	U420	0-20	4	31	13	57	7.99	12.09	7.5	95	10.8	0.6	61.2	1.37997937	9	1.242353779	mediterranean	3	12.5	Spring	1528	9.904166566	7.90833309	34.53420621	563.0253303	22.89999962	0	22.89999962	6.783333302	5.783333341	16.98333311	3.250000025	756	74	44	15.75232216	212	155	194	188	17.05.2018	13.903162	0.483941108	LUCAS
Lucas0076	28542144	621.0091553	1.236655277	11.47834095	307.7647059	5	78.51667023	13.59874058	13.3241538	77.37418145	1.6859375	256.8100694	0.00656492	18.1003839	Lucas0076	CL_permanent	Cropland	U111	U111	0-20	40	8	65	28	4.65	18.13	42.5	0	22.9	2.5	62.9	0.829360015	9	1.684952624	mediterranean	1	17	Spring	996	12.62916671	9.225000004	39.42307557	510.9147711	26.20000076	2.799999952	23.40000081	6.866666675	19.16666683	19.2166667	6.866666675	1327	197	17	57.06328157	565	92	95	565	28.05.2018	13.0999651	0.26628086	LUCAS
Lucas0077	48982838	218.8506622	8.900146617	8.88512427	271.0588235	5	59.65711975	18.18956184	10.75515586	44.42886644	0.2692377	335.5399772	0.000802401	7.48582861	Lucas0077	CL_annual	Cropland	U111	U111	0-20	1	21	10	68	7.87	19.04	14.4	28	14.9	1.5	181	1.525737287	9	1.165415714	mediterranean	1	9.6	Spring	2601	9.395833355	9.608333187	32.02777831	771.670143	25.79999924	-4.199999809	29.99999905	18.75	1.283333357	18.75	-0.233333309	592	73	31	27.37679051	200	97	200	111	22.05.2018	10.58702374	-0.041761518	LUCAS
Lucas0078	52584292	58.78692627	0.002552893	0	142.5882353	6	43.91792679	14.90804482	5.661487805	47.06574882	5.333886649	314.1285274	0.01697995	29.71666667	Lucas0078	WL_coniferous	Woodland	U120	U120	0-20	12	3	82	16	4.04	11	184.2	0	50.1	8.4	110.7	0.300658295	4	0.916712985	atlantic	2	21.92857143	Summer	1900	4.174999937	7.116666665	22.30930016	889.1249542	21.29999924	-10.60000038	31.89999962	9.866666675	3.066666702	15.48333327	-6.500000159	669	80	34	30.2338169	223	110	198	145	27.06.2018	13.60687733	-0.126483276	LUCAS
Lucas0079	32242312	689.9094849	1.864693926	90	0	5	89.35456085	12.82955408	11.29030298	56.72741378	2.079365079	350.4444444	0.005933508	25.2038335	Lucas0079	GL_managed	Grassland	U111	U111	0-20	18	18	53	29	5.45	39.7	27.7	1	53.8	3	81.6	1.205977047	9	1.949714821	mediterranean	3	9.233333333	Spring	2208	11.19583331	10.20833344	42.53472268	503.5982136	25	1	24	6.250000079	17.49999968	17.76666641	5.50000002	898	100	45	24.73319886	282	154	154	256	27.05.2018	21.75036812	0.955425918	LUCAS
Lucas0080	52664748	274.5122986	0.132820043	0	245.6470588	5	27.40021324	10.56215453	1.760544231	43.13229752	4.298804781	721.7243845	0.005956297	45.97682119	Lucas0080	WL_coniferous	Woodland	U120	U120	0-20	10	5	70	25	4.74	8.55	81.1	0	45.6	3.6	97.2	1.067405006	9	0.628991232	mediterranean	2	22.52777778	Spring	1314	0.533333331	8.366666496	22.98534776	982.4235618	20.10000038	-16.29999924	36.39999962	11.16666675	-6.266666611	13.11666663	-11.3166666	601	77	30	32.59096397	219	95	213	108	30.05.2018	12.57161617	-1.061367273	LUCAS
Lucas0081	51863086	190.1470184	1.06890237	0	136.9411765	5	54.16341782	16.84547615	9.2868173	52.73231808	0.287819679	61.67336127	0.00466684	1.480427046	Lucas0081	GL_managed	Grassland	U111	U111	0-20	3	3	89	9	4.92	23.4	15.6	1	142.4	1.8	69.2	1.170005995	4	1.086626551	atlantic	3	8.666666667	Spring	2367	7.995833285	8.491666547	28.98179737	783.2724427	23.39999962	-5.900000095	29.29999971	17.36666648	-0.550000064	17.36666648	-1.966666731	596	85	25	41.13719667	231	82	231	88	28.05.2018	8.465528488	-0.896772563	LUCAS
Lucas0082	36462652	119.1701813	0.609346443	90	0	4	67.60092163	13.20881987	12.36813395	58.01002241	1.045137544	236.6620173	0.004416161	15.1823858	Lucas0082	GL_managed	Grassland	U111	U111	0-20	15	14	70	15	6.48	11.38	20.8	1	11.2	2.1	29	1.318374437	4	1.462944127	atlantic	3	9.904761905	Spring	1724	11.69583334	8.941666583	38.04964446	557.9078515	25.10000038	1.600000024	23.50000036	8.450000008	18.7166667	18.7166667	5.133333405	742	73	49	13.12101908	209	152	152	198	30.04.2018	22.06425667	0.828958154	LUCAS
Lucas0083	42401958	212.1491699	2.545223104	8.88512427	297.8823529	4	37.27643967	14.81544447	15.43246912	39.9055224	0.263492063	268.0592593	0.000982962	0.828500414	Lucas0083	GL_managed	Grassland	U111	U111	0-20	27	13	71	16	5.94	5.71	13.7	32	8.2	1.4	115.5	1.39650892	9	0.779589944	mediterranean	3	9.785714286	Spring	2178	15.50416656	7.741666396	33.36925198	583.3970236	28.89999962	5.699999809	23.19999981	13.11666656	22.91666667	22.98333327	9.049999952	617	93	7	53.40857388	262	48	61	217	29.04.2018	15.44623756	0.783544838	LUCAS
Lucas0084	31122376	330.1486816	8.509548797	90	0	5	82.02824402	14.13619947	12.20595204	68.29120134	6.940141932	749.3304536	0.009261791	46.14489864	Lucas0084	GL_managed	Grassland	U111	U111	0-20	5	8	72	20	4.59	19.71	267.7	0	18.8	14	129.3	0.505305252	9	1.740238817	mediterranean	3	19.12142857	Spring	1167	12.40416669	8.425000052	41.70792193	439.5424162	22.89999962	2.700000048	20.19999957	10.25	17.83333333	18.03333314	7.266666611	897	96	50	23.97560761	279	152	160	253	28.05.2018	10.4619034	-0.0561357	LUCAS
Lucas0085	47064096	75.03908539	0.001421677	0	151.0588235	5	9.324819565	14.53559875	6.574815022	41.90882532	1.723013049	295.3627257	0.005833549	15.92420213	Lucas0085	WL_coniferous	Woodland	U120	U120	0-20	32	6	68	26	3.79	12.32	192.9	0	21.6	5.3	132.3	0.349785796	9	0.196164975	mediterranean	2	36.39622642	Spring	528	5.787500009	8.308333546	28.55097448	756.8028594	22	-7.099999905	29.0999999	14.23333327	0.183333268	15.51666657	-3.166666667	598	72	28	28.51790867	200	101	199	114	29.05.2018	5.57300806	-0.657936811	LUCAS
Lucas0086	42602746	696.4645386	2.845552802	8.88512427	80.47058824	5	85.68572235	15.26843596	9.726331159	83.77192929	0.815502183	136.5815138	0.005970809	8.991554893	Lucas0086	CL_annual	Cropland	U111	U111	0-20	4	13	66	21	6.5	24.1	60	1	48.8	6.1	344.5	1.340143276	9	1.775191606	mediterranean	1	9.836065574	Spring	1438	7.837499923	8.374999907	32.08812325	679.0706307	22.29999924	-3.799999952	26.09999919	16.24999984	0.816666663	16.24999984	-0.416666667	937	116	52	26.89669236	324	164	324	177	29.05.2018	14.73914242	-0.825045407	LUCAS
Lucas0087	54121890	346.4558411	0.987304625	5.126400082	87.52941176	5	55.42261505	20.03640509	15.51107974	42.57156382	0.314564158	401.1042531	0.000784245	8.231202385	Lucas0087	CL_annual	Cropland	U111	U111	0-20	17	31	41	28	6.58	6.87	19.2	1	3.8	2	209	1.07291819	9	1.044991925	mediterranean	1	9.6	Spring	1218	14.47499996	10.91666672	36.38888949	725.9586046	31.39999962	1.399999976	29.99999964	10.80000011	23.68333308	23.68333308	5.98333329	516	69	17	42.56298643	194	58	58	175	29.05.2018	7.955670357	-0.01512972	LUCAS
Lucas0088	53304626	157.3096008	0.002562529	0	245.6470588	5	20.21855545	11.72979093	2.956459748	43.7040335	5.152134912	673.3512738	0.007651482	60.42317523	Lucas0088	WL_coniferous	Woodland	U120	U120	0-20	13	20.05210918	39.89454094	39.80887097	4.16	10.7	257.2	1	42.7	7.7	134.1	0.364106333	9	0.452015425	mediterranean	2	33.4025974	Spring	1425	1.733333277	8.016666755	22.3305483	976.8859011	20.89999962	-15	35.89999962	14.14999994	-5.03333348	14.14999994	-10.20000013	633	81	31	32.6907598	227	98	227	118	27.05.2018	13.85146904	-0.443353117	LUCAS
Lucas0089	33581994	1073.713623	19.88788276	5.126400082	262.5882353	5	81.6865921	13.86492729	11.09854819	31.95182519	1.360430464	266.836755	0.005098362	13.65260901	Lucas0089	WL_broadleaved	Woodland	U111	U112	0-20	59	13	66	22	7.37	21.1	8.9	1	2	1	87.8	1.905776303	9	1.743021846	mediterranean	2	8.9	Spring	1091	11.28750012	13.8750002	42.30182902	669.8138355	30.20000076	-2.599999905	32.80000067	13.28333358	4.800000147	20.08333349	3.733333449	430	63	20	34.88033878	155	67	114	75	28.05.2018	8.371809006	0.312093377	LUCAS
Lucas0090	29602142	804.6655273	0.589708444	0	288	5	80.43522644	13.39958882	12.96087812	38.57927955	0.56109515	75.86941581	0.007395538	1.596540828	Lucas0090	GL_managed	Grassland	U111	U111	0-20	16	7	66	27	5.19	5.15	6.1	1	16.3	0.7	72.6	1.067405006	4	1.733533173	atlantic	3	8.714285714	Spring	1560	12.06249995	11.20833343	39.46596332	601.63083	28.89999962	0.5	28.39999962	5.383333325	19.98333311	19.98333311	5.383333325	1042	155	17	54.50609525	443	83	83	443	21.05.2018	13.91421318	0.562408388	LUCAS
Lucas0091	29122112	722.3417969	1.741081191	0	16.94117647	5	70.57280731	13.96049261	13.08724639	50.50047844	1.061993152	144.5607016	0.007346348	8.733552632	Lucas0091	GL_managed	Grassland	U111	U111	0-20	25	24	8	68	5.54	7.29	12.3	1	5.3	1.4	72.1	1.12447098	9	1.50281233	mediterranean	3	8.785714286	Spring	1457	12.61666676	9.933333466	38.65110237	566.902812	27.60000038	1.899999976	25.70000041	7.150000036	20.08333365	20.08333365	6.333333353	889	131	13	54.30678625	369	71	71	366	20.05.2018	9.105992317	0.173048139	LUCAS
Lucas0092	41063212	48.49082947	0.352913136	0	39.52941176	5	54.56250763	15.56651163	10.51163287	61.9322841	1.795395912	398.7096646	0.004503016	16.17035435	Lucas0092	GL_managed	Grassland	U111	U111	0-20	3	14	69	17	5.87	10.25	21.5	1	77.1	2.2	174.1	1.327500297	9	1.123459474	mediterranean	3	9.772727273	Spring	2012	9.595833416	7.808333406	34.2470769	573.9316535	22.39999962	-0.400000006	22.79999962	3.8	5.483333444	16.75000016	2.699999951	798	78	49	14.42587082	218	164	212	195	17.05.2018	8.920436859	-0.238644212	LUCAS
Lucas0093	53861912	120.3851395	1.144614773	0	235.7647059	5	52.22179031	21.06764221	15.72448178	41.42246126	0.627815025	254.2936221	0.002468859	17.58288467	Lucas0093	CL_annual	Cropland	U111	U111	0-20	10	43	12	45	6.86	7.48	16.8	1	22.4	1.7	456.1	0.92612605	9	0.965860322	mediterranean	1	9.882352941	Spring	2561	15.34166675	12.49999991	37.53753724	778.407001	34	0.699999988	33.30000001	11.28333322	25.23333391	25.23333391	6.166666696	474	68	19	38.25893132	178	62	62	144	20.05.2018	6.637413979	0.261029691	LUCAS
Lucas0094	41783356	9.642735481	0.114312588	0	189.1764706	5	43.40933609	14.87382269	10.21998948	61.48215444	8.292972058	685.4586509	0.012098428	83.20773496	Lucas0094	Peatbogs	Wetland	U140	U140	0-20	10	20.05210918	39.89454094	39.80887097	4.04	41.3	530.7	0	31.7	12.5	64.7	0.263352656	9	0.906744723	mediterranean	Wetland	42.456	Spring	1983	8.870833332	7.708333224	34.1076691	571.0256229	21.5	-1.100000024	22.60000002	9.400000016	4.616666694	15.98333327	2.066666583	804	79	45	15.9869796	225	159	220	186	29.05.2018	12.70348549	0.270463049	LUCAS
Lucas0095	30922176	686.6855469	1.183045962	90	0	5	49.32500839	14.82204628	12.43579644	31.60603413	0.970079476	233.9573009	0.004146395	9.017439387	Lucas0095	CL_annual	Cropland	U120	U120	0-20	39	13	71	16	8.02	22.1	6.7	88	73.9	1	131.5	1.217859912	4	1.031428227	atlantic	1	6.7	Spring	2267	12.41249994	11.8249999	39.8148155	635.267026	29.79999924	0.100000001	29.69999924	5.733333286	20.49999984	20.54999971	5.1	427	51	17	32.66607516	143	65	70	126	29.05.2018	12.81623077	0.498891294	LUCAS
Lucas0096	26581768	62.57735825	0.953638739	0	93.17647059	5	9.849300385	16.87223101	17.0290707	32.37072654	0.840202458	971.1340082	0.000865177	7.907441318	Lucas0096	GL_managed	Grassland	U111	U111	0-20	14	25	46	29	7.47	19.44	28.2	204	40.3	3	448.1	1.126850004	9	0.197490671	mediterranean	3	9.4	Spring	2225	16.63333344	8.200000286	44.08602214	362.9446083	26.70000076	8.100000381	18.60000038	13.31666676	21.00000016	21.38333352	12.46666686	520	88	1	70.29974669	246	16	22	227	29.05.2018	10.4619034	-0.0561357	LUCAS
Lucas0097	32402254	789.1640625	1.497947014	90	0	5	69.86917114	13.23336434	11.09557945	44.74893951	0.282206271	372.5540864	0.000757491	12.89897993	Lucas0097	CL_annual	Cropland	U111	U111	0-20	1	53	5	43	7.96	21.3	21.8	117	20	1.9	832.3	1.132050803	9	1.511228355	mediterranean	1	11.47368421	Spring	2257	11.14166657	11.58333333	41.96859902	576.8442037	27.5	-0.100000001	27.6	5.283333186	18.63333321	18.63333321	4.616666639	608	66	31	24.44502732	182	103	103	168	22.05.2018	18.48410797	1.027728438	LUCAS
Lucas0098	41941786	118.2258377	4.274143087	5.126400082	317.6470588	5	68.91533661	17.94414234	17.36045797	32.77456695	0.679117752	112.5760702	0.006032523	7.243029203	Lucas0098	CL_annual	Cropland	U111	U112	0-20	4	8	85	7	7.31	7.12	5.2	1	5.1	0.6	112.7	1.574512043	4	1.352762721	atlantic	1	8.666666667	Spring	2006	17.06666662	8.816666563	37.04481794	561.727591	30.39999962	6.599999905	23.79999971	14.91666675	24.10000006	24.26666673	10.83333325	614	96	4	58.19418279	246	28	50	223	10.05.2018	21.67456627	1.95785594	LUCAS
Lucas0099	57002188	23.90040016	1.010094838	0	76.23529412	5	41.16828537	19.92265034	14.82557116	45.53590273	0.484778761	147.1866667	0.003293632	6.394963552	Lucas0099	CL_annual	Cropland	U111	U112	0-20	11	15	57	28	7.68	13.15	5.9	5	35.5	0.8	289.8	1.067405006	4	0.777895383	atlantic	1	7.375	Spring	2092	13.7333334	9.983333334	33.38907386	748.2930145	30.20000076	0.300000012	29.90000075	6.300000081	22.38333368	22.98333359	4.616666744	611	79	22	36.18894244	219	79	87	199	15.05.2018	8.95471859	-0.095503494	LUCAS
Lucas0100	50882638	83.21057892	0.180778434	0	344.4705882	5	53.23419571	19.87931919	11.92821503	43.25909534	0.986517651	73.11028325	0.013493555	6.159480606	Lucas0100	GL_managed	Grassland	U111	U111	0-20	7	6	86	8	9.62	29.9	8.7	101	2.5	0.5	46.6	1.547804168	6	1.006711064	boreal	3	17.4	Spring	2690	10.49583338	10.625	33.41194947	814.8994874	27.60000038	-4.199999809	31.80000019	20.2833333	1.983333334	20.2833333	0.266666691	523	71	29	27.42856406	175	90	175	106	27.05.2018	6.415151119	-0.521452546	LUCAS
Lucas0101	33081892	744.0586548	4.475602044	0	255.5294118	5	45.6385231	15.99353075	14.82762126	26.79751075	0.47209385	358.417585	0.001317162	6.60690571	Lucas0101	CL_annual	Cropland	U112	U112	0-20	58	40	28	31	8.25	14.41	6.7	464	14.5	0.9	475	1.386743705	4	0.931521415	atlantic	1	7.444444444	Spring	2365	13.92916669	13.04166688	39.64032301	704.4161299	32.90000153	0	32.90000153	15.88333344	22.98333327	23.1833334	6.050000131	384	47	13	33.64492483	127	58	62	94	09.05.2018	7.539040089	0.174287409	LUCAS
Lucas0102	34082784	40.86581802	0.131607592	90	0	5	47.27545929	15.3591609	12.61947838	58.26137141	1.516611296	213.9341085	0.007089151	20.13266998	Lucas0102	GL_managed	Grassland	U111	U111	0-20	54	24	26	50	5.53	5.28	24.6	0	9	2.2	86.4	1.413598534	4	0.977590562	atlantic	3	11.18181818	Spring	1032	12.16249998	6.791666508	35.18998069	469.2940855	23.20000076	3.900000095	19.30000067	7.616666635	18.03333346	18.03333346	6.73333327	816	95	44	26.3925882	273	134	134	251	07.05.2018	13.20717335	-0.143895179	LUCAS
Lucas0103	32921902	801.0296631	2.223297053	0	151.0588235	5	52.12821579	15.73492908	14.37745004	27.97108766	0.49537785	315.7208161	0.001569038	8.160237389	Lucas0103	CL_annual	Cropland	U111	U111	0-10	6	32	36	32	8.17	15.92	10.4	232	13.3	1.1	344.1	1.271907609	4	1.069627406	atlantic	1	9.454545455	Spring	1834	13.77500012	13.25000026	40.03021042	705.3126553	32.90000153	-0.200000003	33.10000153	15.63333337	22.88333384	23.05000051	5.916666664	424	52	14	34.12144457	136	59	64	113	09.05.2018	9.48803997	0.268235207	LUCAS
Lucas0104	48362026	350.1492004	1.277190859	0	314.8235294	5	24.65747452	18.8930192	16.31831345	41.39432777	0.429019753	539.3493323	0.000795439	9.776815456	Lucas0104	D20	Shrubland	U111	NA	0-20	59	43	13	44	7.3	14.99	36	7	5	3.3	1220	1.06271543	6	0.475159759	boreal	Shrubland	10.90909091	Spring	2080	14.73333333	8.733333309	33.58974288	593.9518445	29.10000038	3.099999905	26.00000048	12.41666651	22.46666686	22.46666686	8.183333397	420	50	21	24.21610524	135	69	69	111	01.05.2018	13.62592506	0.114561372	LUCAS
Lucas0105	31161848	670.5389404	1.72127924	0	87.52941176	5	54.39416885	17.2696228	16.06499376	31.30607419	0.671446957	290.9094809	0.002308096	10.4101466	Lucas0105	CL_annual	Cropland	U111	U111	0-20	56	28	43	29	7.9	12.72	8.2	10	26.5	1	674.3	1.34460412	9	1.082048478	mediterranean	1	8.2	Spring	1320	14.85416664	12.85833332	38.61361266	726.0304778	34.20000076	0.899999976	33.30000079	10.40000002	24.13333337	24.36666648	6.666666726	416	59	6	46.04426136	153	36	41	142	14.05.2018	11.6984148	1.077557921	LUCAS
Lucas0106	42323042	219.2151031	1.267269159	0	290.8235294	5	65.43315887	16.71153355	10.3276569	60.75398435	0.815689655	261.3832184	0.003120666	17.5902245	Lucas0106	CL_annual	Cropland	U111	U111	0-20	4	25	3	72	6.52	25.1	17.2	2	56.2	2	254.2	1.443809418	6	1.316257098	boreal	1	8.6	Spring	2697	9.116666642	8.166666731	32.53652189	650.3611939	23.29999924	-1.799999952	25.09999919	15.71666654	4.950000048	17.24999968	1.25000003	668	67	43	14.08418494	195	138	184	159	23.05.2018	14.6726675	0.203773201	LUCAS
Lucas0107	49724396	150.9461365	0.000751698	0	170.8235294	6	52.77548599	13.89592648	4.681467684	38.94040454	0.584908903	74.63057179	0.00783739	3.194675541	Lucas0107	WL_coniferous	Woodland	U120	U120	0-20	3	2	93	5	4.43	2.17	13.4	0	14.2	0.6	11.7	1.078535764	6	1.125374632	boreal	2	22.33333333	Summer	1819	3.395833348	8.691666653	26.49898431	845.6209534	21.29999924	-11.5	32.79999924	12.56666652	-3.083333313	14.28333322	-6.583333214	623	78	30	32.71637392	223	99	213	121	08.06.2018	9.820525169	-0.407176822	LUCAS
Lucas0108	31882258	976.1813965	6.748522692	90	0	5	74.4340744	12.8091948	11.09688061	39.57183145	0.715785527	361.4820647	0.001980141	11.92206077	Lucas0108	CL_annual	Cropland	U120	U120	0-20	24	41	14	45	7.92	22	22.7	487	17.1	2	335.9	0.98024352	9	1.624871922	mediterranean	1	11.35	Spring	1614	10.72916659	11.47499998	40.69148981	603.9621221	27.39999962	-0.800000012	28.19999963	4.599999959	18.56666629	18.56666629	3.88333338	578	68	26	29.18978522	183	93	93	167	15.05.2018	12.49258327	-0.122573785	LUCAS
Lucas0109	29061990	398.8165283	0.69635321	0	211.7647059	5	44.672966	17.59130955	16.85854099	41.18424787	0.592547449	251.1630391	0.002359214	4.553764334	Lucas0109	GL_managed	Grassland	U111	U111	0-10	30	9	65	26	6.68	69.1	14	2	14.6	1.5	117.1	1.222592586	9	0.883016597	mediterranean	3	9.333333333	Spring	883	15.97500005	11.10000024	37.49999883	658.1016115	33.40000153	3.799999952	29.60000157	9.433333278	24.55000003	24.58333349	8.616666595	578	89	7	54.47751116	244	41	44	214	21.05.2018	11.15217495	0.840004325	LUCAS
Lucas0110	31862260	930.104248	14.77053584	90	0	5	74.4340744	12.8091948	11.09688061	39.57183145	0.657762683	348.5786672	0.001886985	9.397870925	Lucas0110	CL_annual	Cropland	U111	U111	0-20	20	32	16	53	7.9	28.5	12.6	575	16.2	1.7	246.3	1.134250542	9	1.624871922	mediterranean	1	7.411764706	Spring	1344	10.63333329	11.41666658	40.48463439	604.089594	27.29999924	-0.899999976	28.19999921	4.4833333	18.44999981	18.44999981	3.766666625	586	68	26	29.73734715	187	93	93	171	15.05.2018	15.2077198	0.120108083	LUCAS
Lucas0111	38943176	0.613956332	0.690062695	0	96	5	49.29091263	14.83332777	11.39058068	63.8117997	1.015384615	428.3282051	0.002370576	10.09831695	Lucas0111	GL_managed	Grassland	U111	U111	0-20	7	24	33	43	7.52	15.27	17.1	58	38.7	1.7	231.7	1.175064957	7	1.030472161	continental	3	10.05882353	Spring	1850	10.3333332	5.999999871	29.41176411	528.8337566	21.5	1.100000024	20.39999998	11.39999986	6.199999948	16.76666641	3.966666599	783	83	46	20.11906692	244	152	210	185	15.05.2018	15.99284554	0.18027541	LUCAS
Lucas0112	34041890	199.3791656	3.003969947	0	177.8823529	4	39.99641418	15.51022768	17.14234533	32.24649971	1.296875	627.59375	0.002066424	12.47322458	Lucas0112	CL_permanent	Cropland	U111	U111	0-10	16	24	24	52	8.11	21.9	21.9	485	20.7	2.1	450.6	1.067405006	4	0.824494464	atlantic	1	10.42857143	Spring	572	16.55833326	10.73333323	41.44144013	561.7660188	30.60000038	4.699999809	25.90000057	17.58333349	23.69999981	23.91666667	10.28333322	399	62	12	38.00976263	144	58	76	94	19.04.2018	3.977452517	-0.889190733	LUCAS
Lucas0113	34262824	51.43007278	1.322504249	90	0	9	19.72186852	17.54400063	12.38673697	57.3071544	1.533915516	451.3644733	0.003398397	18.28742117	Lucas0113	GL_managed	Grassland	U111	U111	0-20	24	30	21	50	5.36	9.84	23.1	0	27.1	2.6	155.6	1.322672607	7	0.390192076	continental	3	8.884615385	Autumn	1188	11.69999989	7.416666508	36.89883983	472.5270479	23.29999924	3.200000048	20.09999919	7.099999944	17.63333305	17.63333321	6.266666571	793	93	45	23.81243364	259	139	157	234	04.09.2018	4.141396523	-0.665645957	LUCAS
Lucas0114	31322314	1127.842896	1.290392529	90	0	5	87.65565491	10.05517983	8.310137598	56.62168643	0.51207474	871.7560374	0.000587406	5.92039801	Lucas0114	GL_unmanaged	Grassland	U420	NA	0-20	35	26	32	42	6.84	13.61	43.5	4	10.4	4.6	193.7	1.076218243	9	2.035891041	mediterranean	3	9.456521739	Spring	2235	8.983333367	9.649999902	37.54863768	571.419022	24	-1.700000048	25.70000005	3.333333383	16.31666676	16.31666676	2.416666657	752	90	34	29.34146173	250	121	121	235	20.05.2018	22.22538757	0.545821488	LUCAS
Lucas0115	45102976	599.9310303	0.651644924	5.126400082	224.4705882	6	49.88669205	16.81915808	8.120097687	57.74855744	1.330880966	366.5089606	0.003631237	12.13326703	Lucas0115	GL_managed	Grassland	U111	U111	0-20	26	9	64	27	5.62	7.3	22.8	1	49.6	2.2	127.4	1.258693437	6	1.001355582	boreal	3	10.36363636	Summer	1873	6.774999974	8.283333346	31.98198133	681.7574268	21.10000038	-4.800000191	25.90000057	15.23333327	2.266666551	15.23333327	-1.500000079	641	87	38	29.68807343	234	117	234	134	12.06.2018	9.462311745	-0.446027547	LUCAS
Lucas0116	38802318	61.50166321	4.048482617	90	0	5	80.65673828	18.61896753	15.35792411	56.62644898	0.637644046	189.8053777	0.003359462	10.03784762	Lucas0116	GL_managed	Grassland	U111	U111	0-20	4	11	63	26	8.06	13.31	11.2	169	9.3	1	168.4	1.43285056	7	1.562540712	continental	3	11.2	Spring	2923	14.66666664	10.03333336	35.7058137	651.7017212	30.29999924	2.200000048	28.09999919	14.99999984	23.03333314	23.03333314	7.033333341	766	132	25	39.30663784	272	120	120	196	01.05.2018	17.99040413	0.618190289	LUCAS
Lucas0117	31962246	875.2459717	4.07596355	90	0	5	69.57797241	13.25201416	11.09688061	39.57183145	0.675171011	565.9979047	0.001192886	10.69836553	Lucas0117	CL_annual	Cropland	U111	U111	0-20	17	32	26	41	7.87	18.34	27	341	22.5	1.6	409.2	1.067405006	9	1.50432308	mediterranean	1	16.875	Spring	2061	11.27083336	11.7750002	41.17132884	608.6701524	28.10000038	-0.5	28.60000038	5.033333331	19.16666667	19.16666667	4.366666794	520	62	25	28.76325145	160	85	85	146	15.05.2018	14.76717186	0.057106588	LUCAS
Lucas0118	32062178	944.8269653	3.27929404	90	0	5	53.08572769	13.52831435	10.87163614	36.83148474	0.165638607	190.9261006	0.000867553	8.331947447	Lucas0118	Other bare soil	Bareland	U112	U111	0-20	19	14	61	25	7.97	13.81	4.7	12	5.3	0.6	129.6	1.317627117	4	1.140933826	atlantic	Bareland	7.833333333	Spring	2379	11.10833319	11.96666646	39.75636806	651.1557197	28.79999924	-1.299999952	30.09999919	12.88333321	19.48333295	19.53333298	3.733333324	404	45	13	27.94934614	122	64	71	112	07.05.2018	15.2379446	0.0170175	LUCAS
Lucas0119	51922944	159.3901367	2.491243768	0	217.4117647	5	68.03874207	17.4421587	9.641798572	56.89974835	1.180171406	427.16816	0.002762779	14.37625083	Lucas0119	GL_managed	Grassland	U111	U111	0-20	6	35	12	53	6.45	6.68	20.9	1	43.7	2.2	250.1	1.456950367	6	1.348846755	boreal	3	9.5	Spring	2166	8.729166591	9.808333329	31.84523788	787.9474405	25	-5.800000191	30.80000019	16.88333305	0.333333294	18.16666651	-1.300000052	711	96	34	34.57794543	261	106	259	117	28.05.2018	12.78185081	-0.270407647	LUCAS
Lucas0120	43363356	11.46403408	0.073086152	0	306.3529412	5	18.42403412	16.50443888	9.793703882	55.79038138	2.485886662	502.6737054	0.004945329	33.66209262	Lucas0120	GL_managed	Grassland	U111	U111	0-20	4	5	87	7	6.06	19.71	75.7	1	26.8	6.3	63	1.057817144	6	0.372169335	boreal	3	12.01587302	Spring	1986	9.062500058	7.725000028	32.05394152	626.0341543	22.60000038	-1.5	24.10000038	16.93333356	4.549999992	16.93333356	1.599999957	672	68	39	15.60229295	194	134	194	161	22.05.2018	8.525614738	-0.622164428	LUCAS
Lucas0121	44762764	493.8059082	1.503342172	0	50.82352941	5	113.5937958	16.01760197	9.371618974	86.07803505	5.426038781	1062.108772	0.005108741	40.15251989	Lucas0121	GL_managed	Grassland	U111	U111	0-20	18	31	17	53	6.4	44.6	87.3	1	52.1	9	156.5	0.6620781	6	2.317408262	boreal	3	9.7	Spring	2720	8.45416671	8.991666636	33.05759816	696.6949859	23	-4.199999809	27.19999981	17	-0.116666595	17	-0.116666595	1065	139	54	34.71516569	405	177	405	177	20.05.2018	16.12121773	-0.676342845	LUCAS
Lucas0122	49342622	143.1684113	2.2427011	0	25.41176471	5	80.90133667	19.96551752	11.41692428	50.25056819	2.196597353	551.8340685	0.00398054	21.65542208	Lucas0122	WL_broadleaved	Woodland	U120	U120	0-20	6	18	10	72	5.93	13.29	27.3	2	15.9	2.8	194.6	1.053714828	1	1.527434083	alpine	2	9.75	Spring	2793	10.82499997	8.883333206	30.01126044	800.2116161	26.60000038	-3	29.60000038	20.44999997	2.449999988	20.44999997	0.783333341	613	72	28	27.69618024	199	93	199	106	26.05.2018	8.926347733	-0.438279331	LUCAS
Lucas0123	32202322	837.1686401	6.688953347	90	0	5	102.7740784	11.13280058	11.32654998	61.74543822	2.991469396	467.7076847	0.006396024	21.99301281	Lucas0123	D20	Shrubland	U420	U420	0-20	63	14	39	47	4.76	11.03	42.3	1	11	3.1	109.6	1.201068526	9	2.328745899	mediterranean	Shrubland	13.64516129	Spring	1602	10.22916662	9.441666688	41.77728762	490.0206687	23.29999924	0.699999988	22.59999925	5.516666661	16.3499999	16.59999975	4.716666629	962	105	49	25.59564372	300	161	164	275	28.05.2018	23.91959953	0.918687344	LUCAS
Lucas0124	30381762	244.0774841	12.89769904	7.252246865	39.52941176	5	34.3242569	19.1675725	17.67549806	37.49546673	0.58302439	255.6022114	0.002280983	15.59617918	Lucas0124	CL_annual	Cropland	U111	U111	0-20	5	37	22	41	8.27	18.33	11.3	306	3.1	1.1	427.1	1.08742121	9	0.657961551	mediterranean	1	10.27272727	Spring	1098	17.32916644	14.00833283	42.57851819	669.4212445	36.20000076	3.299999952	32.90000081	10.4999998	25.81666644	26.13333289	9.733333071	533	87	4	61.0440117	236	28	33	210	13.05.2018	7.258112431	0.246777624	LUCAS
Lucas0125	46322834	795.2748413	3.202560345	5.126400082	249.8823529	5	90.33281708	14.02255011	8.171545355	64.96764053	1.680161943	420.1076923	0.00399936	17.78998169	Lucas0125	GL_managed	Grassland	U111	U111	0-20	13	18	51	31	5.8	10.43	27.7	1	12.3	2.7	386.8	1.064562758	7	1.92105313	continental	3	10.25925926	Spring	1979	6.354166739	8.625000015	32.30336992	691.9388507	20.70000076	-6	26.70000076	14.81666708	1.783333311	14.81666708	-2.116666635	1041	131	67	22.70964133	348	215	348	232	28.05.2018	9.435947418	-1.232492566	LUCAS
Lucas0126	32082174	958.2223511	8.143535243	90	0	5	52.10554504	13.52037859	10.87163614	36.83148474	1.984590861	161.6289999	0.012278681	19.57264957	Lucas0126	GL_unmanaged	Grassland	U420	U420	0-20	15	34	41	25	7.99	20.7	14.1	111	2.2	1.5	206.2	1.303789289	9	1.120058491	mediterranean	3	9.4	Spring	2061	11.01250008	11.92500014	39.61793968	652.4538586	28.70000076	-1.399999976	30.10000074	12.76666665	19.41666698	19.45000029	3.633333306	409	45	13	28.54132674	123	63	70	114	07.05.2018	15.2379446	0.0170175	LUCAS
Lucas0127	30562338	1262.305542	2.768358363	90	0	5	92.80910492	9.338833809	8.202757258	67.22128918	1.04534005	173.9660273	0.006008875	14.02632017	Lucas0127	GL_managed	Grassland	U111	U111	0-20	73	34	15	51	5.84	24.4	27	1	4.3	3.2	209.1	1.143037798	9	2.192056242	mediterranean	3	8.4375	Spring	1237	8.291666637	9.249999821	36.13281295	595.2533148	23.29999924	-2.299999952	25.59999919	2.466666659	15.89999978	15.9666667	1.466666659	961	111	42	29.24887702	321	149	149	302	27.05.2018	23.47641945	0.384177715	LUCAS
Lucas0128	34461998	1250.998413	5.268559509	17.05962126	312	5	88.11538696	12.26708555	12.27958589	31.26624559	2.478746794	784.7438622	0.00315867	9.874504624	Lucas0128	GL_unmanaged	Grassland	U420	U111	0-20	19	22	30	48	7.45	52.9	56.1	506	8.6	5.6	318.8	1.071444103	7	1.946566382	continental	3	10.01785714	Spring	1012	9.962500048	14.42499997	44.52160372	640.9053565	28.70000076	-3.700000048	32.40000081	11.75000013	3.666666607	18.33333365	2.766666611	504	73	27	30.4513146	179	90	121	97	29.05.2018	17.1112442	0.290874362	LUCAS
Lucas0129	52683688	113.7566605	0.677592539	0	15.52941176	6	41.82740784	17.01126051	7.189702862	48.23771708	0.411282638	237.0358935	0.001735107	12.73906536	Lucas0129	CL_annual	Cropland	U111	U111	0-20	67	27	27	46	6.8	16.06	12.8	1	21.6	1.5	114.1	1.379514048	7	0.8363598	continental	1	8.533333333	Summer	1951	6.062499993	8.208333448	27.09020965	835.3636234	22.39999962	-7.900000095	30.29999971	16.19999997	-3.566666683	16.19999997	-4.283333321	619	74	28	29.11884862	214	98	214	112	26.06.2018	4.44549036	-0.714353621	LUCAS
Lucas0131	46482614	562.1345215	8.111724668	0	132.7058824	5	119.8358688	15.31393719	8.999492043	94.69496034	1.127908952	55.00435989	0.02050581	15.562249	Lucas0131	GL_managed	Grassland	U111	U111	0-20	23	12	37	51	6.2	32.5	27.8	1	17.1	3.2	78.8	1.067405006	7	2.48035817	continental	3	8.6875	Spring	1935	7.608333391	10.26666683	32.69639109	787.8562259	24	-7.400000095	31.4000001	17.10000006	-2.383333335	17.10000006	-2.383333335	1211	140	51	30.3188976	398	179	398	179	16.05.2018	23.29684067	0.669216037	LUCAS
Lucas0132	43682854	425.2653198	1.229751812	0	337.4117647	5	81.55426788	15.85169458	9.369773137	57.23169588	2.061143573	655.7669727	0.003143104	20.60967528	Lucas0132	GL_managed	Grassland	U111	U111	0-20	12	36	14	50	6.6	21.3	47.5	4	41.2	4.6	334.1	1.05578841	6	1.669425566	boreal	3	10.32608696	Spring	2407	8.479166599	8.858333246	32.80864165	697.7543749	23.5	-3.5	27	15.54999987	1.266666595	17.11666648	-0.049999992	734	88	44	24.26801919	249	135	242	148	19.05.2018	11.3555069	-0.816547513	LUCAS
Lucas0133	41642978	214.6276093	1.938810637	0	216	5	66.53720093	16.64195442	10.03366079	54.36856621	0.475879794	234.2531963	0.002031476	16.18889809	Lucas0133	CL_permanent	Cropland	U111	U111	0-20	8	32	12	56	6.91	17.6	12.9	1	61.5	1.5	394.8	1.24943208	7	1.34034209	continental	1	8.6	Spring	1779	9.366666615	8.199999849	32.93172633	640.5939418	23.5	-1.399999976	24.89999998	15.86666663	5.199999968	17.43333324	1.700000008	558	61	37	16.63751333	171	112	163	125	25.05.2018	17.43945313	0.421089917	LUCAS
Lucas0134	28722216	788.6762695	2.151146276	0	155.2941176	4	151.0021973	10.30621314	13.03585088	70.84216389	2.540816327	407.0952381	0.006241331	38.50726552	Lucas0134	GL_managed	Grassland	U111	U111	0-20	6	22	8	69	4.6	38.9	47.5	0	10.4	4.5	46	0.632381499	9	3.486848337	mediterranean	3	10.55555556	Spring	896	11.58333341	9.083333343	38.1652668	529.5295255	25.39999962	1.600000024	23.79999959	6.400000075	18.4000001	18.48333343	5.666666726	1222	170	18	51.99859102	487	94	101	486	30.04.2018	21.48077965	0.598481357	LUCAS
Lucas0135	53644594	151.2492523	0.001873356	0	292.2352941	5	16.86771393	11.78683352	3.033577731	45.29297317	0.525887038	95.9217958	0.005482456	8.376181788	Lucas0135	WL_coniferous	Woodland	U120	U120	0-20	11	3	82	15	4.77	2.37	14.5	0	17	0.6	14.2	1.297111954	7	0.376622159	continental	2	24.16666667	Spring	1442	1.912500143	7.858333399	22.13615042	977.5482505	21	-14.5	35.5	12.45000013	-4.916666538	14.36666695	-9.999999921	644	82	33	31.45580788	226	103	225	125	26.05.2018	11.389081	-0.584432006	LUCAS
Lucas0136	33662020	1029.590576	2.125366383	90	0	5	86.2472229	14.43947148	11.49487857	31.00461317	0.775653862	269.2929183	0.002880335	9.431162407	Lucas0136	Other bare soil	Bareland	U420	U420	0-20	73	24	44	31	8.16	20.8	21.3	310	21.6	1.5	241	1.471191561	7	1.818047719	continental	Bareland	14.2	Spring	3004	11.50833331	14.56666656	43.35317471	671.0129181	30.89999962	-2.700000048	33.59999967	13.48333331	5.033333266	20.2833333	3.933333238	430	64	19	36.86047394	158	66	120	72	15.05.2018	9.642580032	0.455218077	LUCAS
Lucas0137	43843470	11.04372406	0.282330725	0	232.9411765	5	16.68953896	15.19037533	9.677697633	48.44420062	1.009118541	399.8421986	0.002523792	12.93417135	Lucas0137	A30	Others	U319	U319	0-20	5	17	54	29	7.43	17.6	34.4	56	56.7	3.2	209.3	1.452841981	6	0.34632515	boreal	Others	10.75	Spring	1789	8.662499937	6.541666682	29.07407414	605.4717269	21.5	-1	22.5	15.89999962	3.916666677	16.3499999	1.666666687	663	67	38	15.9572943	187	130	183	157	14.05.2018	10.4619034	-0.0561357	LUCAS
Lucas0139	29302338	1102.2052	6.851566871	12.57811866	292.2352941	5	90.98808289	10.73375726	10.4569272	71.23647489	2.503568962	508.3582777	0.004924812	28.69807913	Lucas0139	GL_managed	Grassland	U111	U111	0-20	53	17	31	52	5.57	31.4	43.2	1	61.8	4.8	157.8	0.97450446	4	2.080500021	atlantic	3	9	Spring	1598	9.30833333	9.483333324	39.34993203	531.8955524	23.29999924	-0.800000012	24.09999925	4.116666729	16.13333337	16.2166667	3.299999982	1371	177	41	40.98118543	507	151	168	478	29.05.2018	19.36702347	0.088404804	LUCAS
Lucas0140	32202298	614.399231	2.106611994	90	0	5	83.93772125	13.45424557	10.42937505	53.79863317	1.605474453	257.8452555	0.006226504	9.331568498	Lucas0140	WL_coniferous	Woodland	U420	NA	0-20	24	8	83	8	4.92	7.92	16.1	1	3.4	1.6	249	1.067405006	4	1.806890204	atlantic	2	10.0625	Spring	2173	11.66666667	10.36666678	42.48633787	514.6196007	25.70000076	1.299999952	24.40000081	6.533333341	18.31666676	18.31666676	5.833333274	803	89	40	25.03034677	249	136	136	226	27.05.2018	19.2074604	0.645763874	LUCAS
Lucas0141	27501780	230.0370026	3.575171464	11.47834095	358.5882353	5	14.38840008	17.25928354	16.84071089	34.4550188	0.401233539	257.6196033	0.001557465	0.74454004	Lucas0141	D10	Shrubland	U415	U111	0-20	56	18	50	32	6.31	3.17	6.2	0	3	0.9	67.2	1.526131004	9	0.28628343	mediterranean	Shrubland	6.888888889	Spring	1785	16.73749991	11.37499992	42.92452955	529.7302975	32.29999924	5.800000191	26.49999905	11.71666654	23.44999949	23.68333308	10.78333346	565	105	3	67.66705613	264	22	27	247	21.05.2018	6.216430664	0.316804796	LUCAS
Lucas0142	40002866	253.1908722	0.692952151	90	0	5	87.18852997	15.79582357	10.81739225	60.27633366	3.345522543	785.9333749	0.004256751	19.91680532	Lucas0142	WL_broadleaved	Woodland	U120	U111	NA	33	45	9	46	7.18	66.2	78.1	177	28.2	6.3	219.2	1.067405006	7	1.786803123	continental	2	12.3968254	Spring	1753	9.766666663	8.249999975	33.95061717	612.1101064	23.5	-0.800000012	24.30000001	17.43333324	5.716666599	17.43333324	2.450000058	689	73	44	15.84906117	205	141	205	171	23.05.2018	16.85297775	0.064826749	LUCAS
Lucas0143	43283052	701.0300903	2.883957883	7.252246865	97.41176471	5	74.49750519	14.78548479	8.823988613	63.58822833	3.353003384	849.8722504	0.003945303	32.45714286	Lucas0143	GL_managed	Grassland	U111	U111	0-20	17	27	12	61	5.98	32.8	61.7	7	35.4	6.2	196.7	0.765722831	6	1.558998627	boreal	3	9.951612903	Spring	1601	6.712499988	6.924999941	28.49794136	663.8665162	20.20000076	-4.099999905	24.30000067	-0.2	10.03333308	14.9333334	-1.266666638	1163	134	75	16.7556056	355	248	267	337	22.05.2018	17.96007729	-0.166047454	LUCAS
Lucas0144	43022764	585.8643188	2.297743148	0	245.6470588	5	89.9407959	15.13452196	9.122785443	81.99835205	1.969776876	583.6712644	0.003374805	18.36396754	Lucas0144	GL_managed	Grassland	U111	U111	0-20	2	15	38	47	6.05	22.5	25.1	1	28.8	3	108.8	1.091236444	7	1.86852995	continental	3	8.366666667	Spring	2218	7.954166618	8.108333334	31.30630735	683.2091929	22.29999924	-3.599999905	25.89999914	16.41666651	0.866666665	16.41666651	-0.366666675	933	117	47	31.97435927	335	150	335	155	28.05.2018	13.67843437	-0.982053339	LUCAS
Lucas0145	31222178	787.4219971	4.44745222	90	0	5	51.4349823	14.15936303	12.0606837	32.32516459	0.349620893	356.4967706	0.000980713	21.88219809	Lucas0145	CL_annual	Cropland	U111	U111	0-20	12	47	6	47	8.03	36.4	13.3	631	28	1.7	517.7	1.115438229	4	1.090663211	atlantic	1	7.823529412	Spring	1684	11.9458333	12.07500002	40.11627863	647.380942	29.60000038	-0.5	30.10000038	8.100000014	20.23333311	20.25	4.516666586	404	47	15	33.87167267	133	53	69	114	30.05.2018	14.06272888	0.569225371	LUCAS
Lucas0146	47044134	78.90359497	0.035465584	0	103.0588235	5	10.39928818	14.23032212	6.095684566	42.84261181	2.259642047	304.2426687	0.007427104	34.42975207	Lucas0146	WL_coniferous	Woodland	U120	U120	0-20	4	4	76	20	4.4	9.81	89.4	0	36.8	4.4	97.7	0.570774186	6	0.220182453	boreal	2	20.31818182	Spring	505	5.641666693	8.966666862	29.69095006	771.4179213	22.5	-7.699999809	30.19999981	14.34999998	-2.716666665	15.5333333	-3.533333331	607	75	27	30.74625991	212	100	209	113	23.05.2018	10.98961639	-0.508259654	LUCAS
Lucas0147	44942974	605.270874	0.629874174	0	148.2352941	5	56.86676407	14.62813902	8.514709673	57.95477616	1.258996289	609.2202679	0.00206657	11.93690493	Lucas0147	GL_managed	Grassland	U111	U111	0-20	13	18	52	30	6.08	14.02	50.6	1	21.9	4.5	151.4	0.960111651	6	1.193974093	boreal	3	11.24444444	Spring	1221	6.687499966	8.09166664	31.24195602	683.8298705	21	-4.900000095	25.9000001	15.13333321	2.183333337	15.13333321	-1.599999992	728	86	45	21.14712769	238	142	238	168	23.05.2018	12.02318001	-0.62122488	LUCAS
Lucas0148	52142764	113.2900009	1.321710971	0	316.2352941	5	55.35176468	19.68650913	11.48909669	47.69818587	0.688277422	104.0237467	0.006616541	12.3699422	Lucas0148	CL_annual	Cropland	U111	U111	0-20	61	29	17	54	6.02	9.73	15.3	1	22.3	1.6	229	1.515071361	6	1.050587059	boreal	1	9.5625	Spring	2694	10.00416667	10.20833328	33.14393901	813.8585416	26.10000038	-4.699999809	30.80000019	18.30000003	1.350000016	19.55000019	-0.416666667	571	77	31	29.04887236	203	101	190	115	28.05.2018	8.698907852	-0.277727574	LUCAS
Lucas0149	43623698	-0.508355021	0.421521939	0	214.5882353	5	18.98449707	14.28125191	8.866131431	51.61323066	0.440842491	167.1350427	0.002637642	10.09385806	Lucas0149	CL_annual	Cropland	U111	U111	0-20	9	5	88	7	6.26	9.95	13.9	0	41.7	1.4	79.3	1.669745967	1	0.401522724	alpine	1	9.928571429	Spring	2077	7.82916673	7.808333516	33.5121604	593.6384716	21.10000038	-2.200000048	23.30000043	12.4000001	2.950000028	15.35000006	0.983333309	654	69	35	21.7509102	202	114	185	141	20.05.2018	14.78317738	-0.07548333	LUCAS
Lucas0150	42583038	262.6848145	3.652883384	7.252246865	357.1764706	5	76.85358429	16.26504469	9.692931828	61.45882215	1.682776981	361.7120623	0.004652256	18.61666667	Lucas0150	GL_managed	Grassland	U111	U111	0-20	3	19	5	76	6.02	16.96	19.5	0	35.3	2.3	90.5	1.052170023	9	1.560002326	mediterranean	3	8.47826087	Spring	1742	8.754166583	7.674999595	31.32652957	644.5627703	22.39999962	-2.099999905	24.49999952	4.799999972	4.549999972	16.78333314	0.983333329	910	94	60	13.34044375	257	195	236	231	22.05.2018	14.43294048	0.04896114	LUCAS
Lucas0151	51343172	184.9870911	1.459689928	0	201.8823529	5	43.59327316	17.25974131	8.96608581	43.30920209	0.27985803	144.9664596	0.001930502	5.832219251	Lucas0151	CL_annual	Cropland	U111	U111	0-20	3	1	90	9	5.97	16.06	10.1	0	58.9	1	34.9	1.307027137	6	0.867359681	boreal	1	10.1	Spring	2471	7.966666575	8.083333253	27.97001162	787.8288084	23.39999962	-5.5	28.89999962	17.54999987	-0.700000018	17.54999987	-1.800000002	526	75	22	40.70620397	208	75	208	78	19.05.2018	7.4646945	-0.833067179	LUCAS
Lucas0152	50863206	177.759964	0.644948526	0	249.8823529	5	39.48921967	17.45109653	8.926927767	43.18425911	0.778903904	295.5888388	0.002635092	11.12593828	Lucas0152	GL_managed	Grassland	U111	U111	0-20	4	7	76	17	4.92	15.74	11.5	0	17	1.3	66.5	1.094677582	7	0.782722723	continental	3	8.846153846	Spring	2398	8.266666679	8.666666693	28.79291315	796.7500286	24.29999924	-5.800000191	30.09999943	18	-0.533333377	18	-1.650000012	542	76	24	36.37246211	208	82	208	89	25.05.2018	8.879036903	-0.55398196	LUCAS
Lucas0153	51503186	134.4858093	0.005179753	0	175.0588235	5	39.43797302	17.48717976	9.034271541	43.87096124	0.518659955	56.20737141	0.009227614	4.270521768	Lucas0153	WL_broadleaved	Woodland	U120	U111	0-20	2	2	95	3	4.56	5.43	8.2	0	55.7	0.6	30.6	1.219288153	6	0.781148268	boreal	2	13.66666667	Spring	1648	8.129166721	8.174999978	28.18965463	788.8670264	23.60000038	-5.400000095	29.00000048	17.70000029	-0.533333338	17.70000029	-1.683333334	494	69	22	38.97933566	190	71	190	74	19.05.2018	7.271723747	-0.656181157	LUCAS
Lucas0154	40102842	336.3961182	0.486945366	12.57811866	134.1176471	7	34.07181549	21.37175465	10.78243677	63.16065457	1.883007117	851.168446	0.002212261	25.26595745	Lucas0154	WL_broadleaved	Woodland	U120	U120	0-10	27	42	17	40	6.9	27.1	98.9	10	13.9	5.8	629.3	0.978606371	7	0.626645502	continental	2	17.05172414	Summer	1835	9.287500132	8.025000356	33.29875564	609.9855711	22.70000076	-1.399999976	24.10000074	15.23333343	5.233333389	16.90000025	1.966666715	764	78	48	13.43805994	215	161	213	198	01.07.2018	9.288373947	-0.214029223	LUCAS
Lucas0155	34902366	90.18803406	3.132669628	90	0	7	80.2339325	22.39460087	13.83528479	70.12813468	0.619166029	109.7987758	0.005639098	13.0550474	Lucas0155	CL_annual	Cropland	U111	U111	0-20	3	9	63	28	6.06	11.33	9.4	1	38.2	1	116.3	1.567930949	4	1.448407087	atlantic	1	9.4	Summer	1784	12.65416657	10.2583333	41.87074753	532.1160917	25.60000038	1.100000024	24.50000036	6.966666559	19.23333327	19.23333327	6.316666543	1044	119	57	17.60446976	318	211	211	309	02.07.2018	13.51681042	1.630286336	LUCAS
Lucas0156	30862182	844.7510986	0.675639447	90	0	5	50.1136322	13.62040186	12.43579644	31.60603413	0.975272774	266.5495513	0.00365888	14.66115702	Lucas0156	Other bare soil	Bareland	U112	U111	0-20	66	36	18	46	7.91	27	13	49	22.3	1.6	290.3	1.115236175	9	1.07492922	mediterranean	Bareland	8.125	Spring	2890	11.64583332	11.75833347	39.45749587	638.0562028	29.29999924	-0.5	29.79999924	5.066666573	19.96666654	19.96666654	4.433333352	464	56	19	31.69466127	154	70	70	138	30.05.2018	12.81623077	0.498891294	LUCAS
Lucas0157	28442408	396.2301941	0.994688782	0	14.11764706	5	87.92126465	13.8012886	13.27146189	95.50633561	1.910791367	577.098801	0.00331103	30.5	Lucas0157	D20	Shrubland	U111	U111	0-20	12	17	22	62	6.09	33.5	92.7	3	9.2	8.3	114.3	0.71897511	4	1.878607775	atlantic	Shrubland	11.1686747	Spring	1277	12.39166655	8.383333246	44.83065953	379.9750758	23	4.300000191	18.69999981	8.916666587	17.08333317	17.43333324	8.166666587	1557	221	38	44.71898877	600	160	193	599	29.05.2018	12.78773403	-0.693074048	LUCAS
Lucas0158	41823036	123.6143036	1.578690611	0	254.1176471	5	65.95696259	16.82612944	10.00089098	62.92211713	0.554177795	401.5202849	0.001380199	13.05357439	Lucas0158	CL_annual	Cropland	U111	U111	0-20	9	19	10	71	6.59	14.84	22	3	33.1	2.2	298.8	1.474662678	6	1.323742449	boreal	1	10	Spring	2615	9.604166666	8.924999954	34.59302202	636.2048625	24.20000076	-1.600000024	25.80000079	16.16666667	5.450000068	17.6500001	1.950000004	658	68	45	13.15774402	189	142	178	160	24.05.2018	13.58839989	-0.212381423	LUCAS
Lucas0159	53064642	134.3118134	0.027397792	0	214.5882353	5	22.04473495	11.79886913	2.635934271	42.75102214	13.21466905	1685.142516	0.00784187	90.78622054	Lucas0159	WL_coniferous	Woodland	U120	U120	0-20	21.68978102	20.05210918	39.89454094	39.80887097	4.13	18.24	379.8	0	71.3	11.4	380.7	0.263972944	6	0.492082398	boreal	2	33.31578947	Spring	1526	1.724999997	8.383333415	22.90528232	988.7078379	21.10000038	-15.5	36.60000038	12.28333354	-5.083333477	14.2166667	-10.45000005	626	80	31	33.11465133	225	96	224	115	28.05.2018	12.35528183	-0.807263017	LUCAS
Lucas0160	37902328	768.6518555	0.708731764	90	0	5	94.94775391	13.99928236	13.12749597	70.89535021	0	534.0044971	0	9.622672598	Lucas0160	D10	Shrubland	U111	U420	0-20	31	28	20	53	7.21	22.95	67.9	11	5.5	6.3	229.8	0.800393065	7	2.020195823	continental	Shrubland	10.77777778	Spring	1898	10.4166667	8.733333371	34.51910422	599.7512137	25	-0.300000012	25.30000001	7.250000129	18.1500001	18.1500001	3.716666635	893	120	33	29.58723565	294	142	142	254	29.05.2018	24.06425476	0.834494591	LUCAS
Lucas0161	50022946	594.390625	0.340087198	7.252246865	189.1764706	5	83.46846008	14.46945024	6.725321218	75.56588846	2.497313561	514.0303747	0.0048583	22.59191482	Lucas0161	GL_managed	Grassland	U111	U111	0-20	12	36	13	51	5.42	5.2	23.5	1	2.5	3.2	149.3	1.188645439	6	1.758361634	boreal	3	7.34375	Spring	2345	6.033333398	10.35000003	34.73154462	730.4616707	21.79999924	-8	29.79999924	14.81666676	1.400000001	14.81666676	-3.150000012	905	112	53	27.85206371	316	166	316	177	22.05.2018	14.90477467	-1.052197218	LUCAS
Lucas0162	49704436	129.7693176	0.003287984	0	107.2941176	6	49.25852966	13.77066755	4.178560696	38.83980304	1.109465318	260.5544316	0.004258094	7.76407864	Lucas0162	WL_coniferous	Woodland	U120	U120	0-20	6	4	84	12	4.32	5.84	73.9	0	19.3	2.2	73.5	1.067405006	6	1.053192786	boreal	2	33.59090909	Summer	1362	3.387499988	8.908333043	26.9949494	838.2994738	21.29999924	-11.69999981	32.99999905	12.48333319	-2.99999996	14.18333324	-6.516666571	572	82	26	36.96900107	216	86	208	104	07.06.2018	9.007440567	-0.369148672	LUCAS
Lucas0163	43162914	470.2825623	1.368381355	0	166.5882353	5	81.21917725	15.70932293	9.97735666	59.52340076	0.85461285	193.9857221	0.004405545	19.2550715	Lucas0163	CL_annual	Cropland	U111	U111	0-20	19	47	9	44	5.25	15.62	29.1	1	47	3.3	172.4	1.288814095	6	1.667425707	boreal	1	8.818181818	Spring	1633	8.216666731	7.883333478	30.67444899	678.146988	22.60000038	-3.099999905	25.70000029	14.98333335	3.816666715	16.63333352	0.01666671	845	85	57	12.0075934	236	189	227	216	27.05.2018	14.37269878	-0.391111583	LUCAS
Lucas0164	43182820	599.1402588	1.478037894	0	155.2941176	5	79.1875	15.02806711	9.137309928	68.59273469	0.776127613	361.6247403	0.002146224	9.477178423	Lucas0164	CL_annual	Cropland	U111	U111	0-20	4	23	4	73	5.11	18.75	15	1	34.7	1.9	112.6	1.282990744	7	1.648775492	continental	1	7.894736842	Spring	2665	7.69999995	8.133333242	31.04325631	682.5153964	22.10000038	-4.099999905	26.20000029	14.46666646	0.550000032	16.11666663	-0.633333286	861	105	52	23.69344955	287	160	286	170	28.05.2018	15.77338791	-0.696885228	LUCAS
Lucas0165	33042156	1095.384399	3.258449528	90	0	5	79.2615509	12.05958295	11.54139423	32.96235888	0.621839296	442.4697509	0.001405383	11.16472546	Lucas0165	CL_annual	Cropland	U111	U111	0-20	80	30	24	45	7.94	23.4	13.5	236	14.3	1.7	351.5	1.434413684	4	1.759038715	atlantic	1	7.941176471	Spring	1768	9.883333379	12.28333335	40.67328887	634.0968264	27.60000038	-2.599999905	30.20000029	11.31666678	18.16666667	18.16666667	2.76666673	504	64	27	25.22332525	163	89	89	130	27.05.2018	15.84403515	0.40251404	LUCAS
Lucas0166	45123664	63.21493149	0.96945632	0	45.17647059	5	16.78910446	14.70927811	8.74445456	52.51475344	0.683797568	137.1394011	0.00498615	15.31561462	Lucas0166	CL_annual	Cropland	U111	U111	0-20	21	12	58	30	5	24.06	22.1	0	45.5	2.1	48.1	1.205004884	1	0.351904391	alpine	1	10.52380952	Spring	998	7.508333355	6.666666667	28.86002928	631.1023303	20.39999962	-2.700000048	23.09999967	8.216666738	2.433333298	15.4666667	0.133333325	751	77	39	21.53779346	227	137	208	172	27.05.2018	10.78622055	-0.646463752	LUCAS
Lucas0167	42963748	31.92899323	0.297548421	0	350.1176471	5	18.60950089	14.38016701	8.917221822	57.19268939	0.963160803	229.0895806	0.004204298	9.72730296	Lucas0167	CL_annual	Cropland	U111	U111	0-20	32	2	88	9	6.12	8	35.7	1	52.5	2.4	91.2	1.360127522	7	0.392769846	continental	1	14.875	Spring	1776	7.50000001	7.366666694	31.89033083	598.0726651	20.20000076	-2.900000095	23.10000086	14.45000013	2.666666647	15	0.533333282	697	78	38	27.28597121	229	115	206	157	22.05.2018	10.31643486	-0.693973958	LUCAS
Lucas0168	50622776	103.6020737	0.603567888	0	136.9411765	5	55.86450577	19.77006102	11.25722157	45.93890802	0.505104044	223.9294595	0.002255639	16.12053351	Lucas0168	CL_annual	Cropland	U111	U111	0-20	21	41	6	53	6.69	10.58	26.3	4	10.3	2.4	215	1.255296239	6	1.058640159	boreal	1	10.95833333	Spring	2672	10.40833333	10.11666651	31.81341649	840.2349059	27.60000038	-4.199999809	31.80000019	18.9333334	1.633333365	20.5	-0.199999928	496	60	24	30.57345932	173	73	164	83	28.05.2018	9.006443977	-0.564781129	LUCAS
Lucas0169	40883024	514.3400269	0.95148979	0	357.1764706	5	89.67299652	13.65951753	9.097922451	61.72042546	3.179107726	799.1963729	0.003977881	23.59494513	Lucas0169	GL_managed	Grassland	U111	U111	0-20	2	36	6	58	6.59	18.93	52.7	4	25.1	5.4	166.3	0.863495793	4	1.921858632	atlantic	3	9.759259259	Spring	1796	7.662499976	7.758333262	32.46164435	607.1697648	21.20000076	-2.700000048	23.90000081	1.48333329	10.48333317	15.30000019	0.416666627	995	107	65	15.39927094	301	218	219	284	25.05.2018	16.47733116	-0.267845571	LUCAS
Lucas0170	42683042	561.0612793	2.605719818	5.126400082	230.1176471	5	89.38439941	14.31649208	9.692931828	61.45882215	2.41489118	714.8584956	0.003378139	27.68389662	Lucas0170	GL_managed	Grassland	U111	U111	0-20	5	27	14	59	5.73	21.4	45.9	1	16.8	4.6	396.3	0.866004698	6	1.889074939	boreal	3	9.97826087	Spring	1318	6.908333364	6.483333562	27.94540236	644.0173436	19.70000076	-3.5	23.20000076	0.20000006	10.08333323	14.86666679	-0.833333313	1215	138	79	17.20485686	370	258	287	345	22.05.2018	15.07671356	-0.352559	LUCAS
Lucas0171	43023370	35.1729126	0.597798925	0	187.7647059	5	28.54782295	16.2053299	9.837473769	59.51298081	0	172.8702461	0	2.534750613	Lucas0171	CL_annual	Cropland	U111	U111	0-20	7	6	68	26	6.61	11.06	12.8	1	50.3	1.2	172	1.279798392	6	0.580177453	boreal	1	10.66666667	Spring	1992	8.816666595	7.733333326	32.35704421	615.0695848	22.29999924	-1.600000024	23.89999926	16.51666657	4.383333415	16.51666657	1.483333326	752	73	43	15.18898938	213	149	213	178	22.05.2018	10.02234364	-0.557723939	LUCAS
Lucas0172	42462906	300.8674622	1.948786341	0	72	5	95.94328308	16.7224102	10.67426315	58.86449493	0.647081194	198.7117957	0.00325638	11.70248489	Lucas0172	CL_annual	Cropland	U111	U111	0-20	5	13	5	82	5.52	6.56	9.1	3	26.7	1.1	137.5	1.457700293	7	1.929578287	continental	1	8.272727273	Spring	1851	9.241666709	8.450000058	33.39920978	647.6805932	23.5	-1.799999952	25.29999995	5.216666758	5.050000072	17.35000006	1.450000028	924	93	60	12.83216254	257	205	231	242	27.05.2018	12.2326088	-0.494616121	LUCAS
Lucas0173	28002400	328.5904541	7.736110952	7.252246865	297.8823529	6	131.0271454	17.37230349	13.74789534	93.68143142	0.421240602	318.1666667	0.001323962	10.61827957	Lucas0173	CL_annual	Cropland	U120	U120	0-20	15	11	61	28	5.76	17.13	53.7	1	130.2	4.9	82.1	1.337434891	9	2.601174382	mediterranean	1	10.95918367	Summer	1595	12.89166677	7.500000079	42.85714565	377.5930557	22.79999924	5.300000191	17.49999905	9.349999984	17.53333346	17.76666673	8.51666681	1402	199	33	44.44772511	550	148	176	528	25.06.2018	20.51947212	1.10134542	LUCAS
Lucas0174	31721688	1309.950439	7.590281857	0	21.17647059	5	47.08485031	13.20894885	13.58226018	26.8927529	1.392067877	625.8627993	0.002224238	16.6858458	Lucas0174	GL_unmanaged	Grassland	U420	U420	0-20	41	26	28	45	8.06	23.4	21.7	150	5.9	2.4	253.2	0.968795233	4	1.018955234	atlantic	3	9.041666667	Spring	1036	12.20833328	13.96666649	40.13409739	729.3796738	32.90000153	-1.899999976	34.8000015	4.9833333	21.63333352	21.85000006	4.083333304	510	64	6	48.08640737	185	37	40	178	29.05.2018	5.412050247	0.61202991	LUCAS
Lucas0175	31022194	778.0525513	3.740544796	90	0	5	49.89280319	14.42981577	11.78149429	31.54548856	0.755590738	219.9207072	0.003435742	16.39642621	Lucas0175	CL_annual	Cropland	U111	U111	0-20	27	18	47	35	8.05	34.7	15.3	631	31.1	1.6	224.3	1.088262156	9	1.051929095	mediterranean	1	9.5625	Spring	1851	12.02916664	12.02499998	39.95016705	644.8483214	29.79999924	-0.300000012	30.09999925	8.216666718	20.29999987	20.3166666	4.649999887	438	52	17	32.61034105	142	60	74	125	30.05.2018	11.28930473	0.488181621	LUCAS
Lucas0176	43083770	4.133025169	0.247852595	0	327.5294118	5	19.1727581	14.36049843	9.074987863	54.76722517	0.297224709	139.6757983	0.002127961	8.035567265	Lucas0176	CL_annual	Cropland	U111	U111	0-20	6	3	91	6	5.65	7.61	18.9	0	27	1.8	116.6	1.577918773	6	0.404825936	boreal	1	10.5	Spring	1680	7.587499954	7.141666656	31.18631844	598.612497	20.29999924	-2.599999905	22.89999914	12.10000006	2.683333437	15.13333321	0.650000006	621	72	32	24.57319069	201	105	172	135	22.05.2018	13.1395216	-0.459070504	LUCAS
Lucas0177	47942860	207.6307068	2.151561247	5.126400082	80.47058824	5	54.37985992	18.69331598	10.75016564	41.93053266	0.849346219	309.6024256	0.002743345	12.96387927	Lucas0177	CL_annual	Cropland	U111	U111	0-20	10	28	27	44	7.77	22.3	16.6	2	10.5	1.9	279	1.248801689	6	1.051970818	boreal	1	8.736842105	Spring	3546	9.887499998	8.60833325	29.480594	779.7060206	25.79999924	-3.400000095	29.19999933	19.39999994	1.816666702	19.39999994	0.099999984	545	75	27	35.87937597	206	88	206	88	19.05.2018	10.95034409	-0.658359289	LUCAS
Lucas0178	33782062	1077.010986	2.214652532	90	0	6	71.01656342	18.17508268	11.6221311	28.78145047	0	289.7680905	0	6.58456486	Lucas0178	CL_annual	Cropland	U420	U420	0-20	33	29	37	34	7.6	13.98	12.9	7	13.8	1.5	232.9	1.543650872	4	1.38771761	atlantic	1	8.6	Summer	1684	10.85416661	14.10833323	43.14475052	661.8412852	29.89999962	-2.799999952	32.69999957	12.64999974	4.416666786	19.46666638	3.400000016	461	73	21	39.51766448	176	73	125	79	25.06.2018	14.54414845	0.818890274	LUCAS
Lucas0179	40723226	13.94553185	0.327872776	0	276.7058824	5	59.7623291	15.39664268	10.60678869	62.3200798	0.928065598	238.6366008	0.003889033	11.56888596	Lucas0179	GL_managed	Grassland	U111	U111	0-20	4	4	85	11	5.94	8.81	30.6	0	94.9	2.6	42.8	1.267311145	7	1.234844522	continental	3	11.76923077	Spring	1286	9.59583324	7.941666568	35.14011814	562.8840386	22.39999962	-0.200000003	22.59999962	3.916666611	5.533333269	16.58333302	2.849999975	779	76	45	15.09404855	216	158	205	192	24.05.2018	10.40309715	0.3692469	LUCAS
Lucas0180	42223056	203.2862244	4.827019572	5.126400082	81.88235294	5	66.64632416	16.56986952	9.654979003	63.37731873	1.452031603	444.3841234	0.003267515	11.69435216	Lucas0180	GL_managed	Grassland	U111	U111	0-20	13	17	31	52	5.8	7.45	24.9	1	17.5	2.7	60.3	1.261206627	7	1.344492628	continental	3	9.222222222	Spring	1698	9.20000006	8.13333334	32.53333429	649.8566263	23.29999924	-1.700000048	24.99999928	15.83333341	5.000000079	17.3499999	1.383333335	655	64	42	13.18627684	187	138	173	156	23.05.2018	12.58420181	-0.149404123	LUCAS
Lucas0181	31141756	328.0643005	4.473170413	0	107.2941176	5	36.71355057	19.51999855	17.70765626	34.04403531	0	599.0155039	0	11.281198	Lucas0181	CL_annual	Cropland	U111	U112	0-20	33	53	18	29	8.19	14.26	9.8	110	1.8	1	717.7	0.948798255	4	0.699039444	atlantic	1	9.8	Spring	196	17.46250007	13.79166673	41.66666487	685.1480664	36.40000153	3.299999952	33.10000157	13.34999998	26.31666724	26.31666724	9.683333357	408	61	4	54.12827477	165	28	28	150	29.05.2018	11.54286194	1.282390237	LUCAS
Lucas0182	50263838	18.28757286	0.004483062	0	187.7647059	5	21.3216114	14.63871479	7.601260235	45.9693222	1.85851378	306.035269	0.006072874	42.14123007	Lucas0182	WL_coniferous	Woodland	U120	U120	0-20	37	4	74	22	4.68	26.6	157.4	0	20.5	9.7	66.1	0.844780119	1	0.447568989	alpine	2	16.22680412	Spring	1579	6.66666668	6.233333555	23.52201257	749.0003522	20.70000076	-5.800000191	26.50000095	7.666666567	0.816666618	16.01666689	-2.283333386	730	89	30	32.14468717	247	110	213	148	22.05.2018	11.35527897	-0.364326477	LUCAS
Lucas0183	32402336	413.9769592	16.28912195	90	0	6	95.61084747	17.65113497	11.9705786	64.15300931	2.149893843	335.935598	0.00639972	22.50740375	Lucas0183	WL_broadleaved	Woodland	U111	U111	0-20	12	13	69	17	4.47	38.5	40.6	0	107.6	4.1	269.2	0.978262538	4	1.887634848	atlantic	2	9.902439024	Summer	921	12.77916666	9.341666619	45.34789432	423.3387713	24.20000076	3.599999905	20.60000086	11.04999995	17.95000013	18.33333317	8.116666714	1114	126	55	24.39049293	346	193	199	310	03.06.2018	21.36465645	1.022754788	LUCAS
Lucas0184	33862010	1080.7052	1.817395273	90	0	6	64.2989502	18.92488766	11.18281214	31.03862542	0.994500098	213.9425129	0.004648445	15.62810739	Lucas0184	CL_annual	Cropland	U420	U420	0-20	10	52	13	35	8.19	22.4	8.3	192	12	1.2	686.9	1.27163511	4	1.238306968	atlantic	1	6.916666667	Summer	2405	11.11249992	15.07499988	43.95043795	676.7137204	30.79999924	-3.5	34.29999924	13.18333318	4.566666673	19.94999965	3.416666667	433	67	18	39.22069703	163	63	124	67	05.06.2018	11.14934444	1.525176883	LUCAS
Lucas0185	46463950	88.20349121	0.008965869	7.252246865	136.9411765	6	31.91002274	17.02274466	7.1780005	46.14482558	3.1775907	544.3162959	0.005837765	16.34808853	Lucas0185	WL_coniferous	Woodland	U120	U120	0-20	4	12	63	26	4.99	9.98	83.5	1	16.6	4.4	100.9	0.628915836	1	0.637910274	alpine	2	18.97727273	Summer	476	6.375000008	7.600000018	28.04428011	713.7051189	21.60000038	-5.5	27.10000038	14.38333337	0.800000049	15.5999999	-1.900000006	572	70	28	26.95312486	192	98	185	117	19.06.2018	6.402084351	-0.165767655	LUCAS
Lucas0186	32321698	1185.760254	5.207495133	14.5337469	323.2941176	5	37.44814301	14.63697577	14.86005994	21.17516367	0.291820873	386.7599309	0.000754527	8.747044917	Lucas0186	D10	Shrubland	U420	U420	0-20	34	22	30	49	7.81	19.73	60.1	257	4.5	4	252.8	1.054341961	4	0.786115038	atlantic	Shrubland	15.025	Spring	555	12.75000008	14.46666685	41.09848531	731.8904584	33.5	-1.700000048	35.20000005	5.466666718	22.1833334	22.38333368	4.583333383	442	51	7	43.32681627	151	38	41	144	30.05.2018	7.02983284	0.121034972	LUCAS
Lucas0187	43122714	569.9107056	7.332180632	5.126400082	272.4705882	6	120.6688004	17.16072559	8.745070834	106.595975	3.139006236	692.8521424	0.004530557	28.99585773	Lucas0187	GL_managed	Grassland	U111	U111	0-20	27	22	29	48	6.64	36.8	35.8	3	12.8	4.3	122.2	0.926007239	7	2.405643039	continental	3	8.325581395	Summer	1821	8.450000017	7.883333387	30.43758165	682.0223895	22.29999924	-3.599999905	25.89999914	16.86666648	1.283333397	16.86666648	0.099999984	1488	178	85	25.85554275	512	269	512	276	01.06.2018	19.65937233	-0.270431697	LUCAS
Lucas0188	32682930	54.81916809	1.308521854	90	0	6	34.1044693	16.84350061	12.34244151	75.19645611	1.704169286	308.3734898	0.005526316	20.66156915	Lucas0188	CL_annual	Cropland	U111	U111	0-20	5	15	34	51	6.26	15.93	35.4	1	57.8	4	272.7	1.08638486	4	0.684231021	atlantic	1	8.85	Summer	1492	11.20416661	6.241666714	38.52880847	366.8257948	20.29999924	4.099999905	16.19999933	8.000000159	15.73333311	15.93333308	7.133333445	1088	134	48	33.1063446	385	159	190	377	06.06.2018	12.3833704	0.024978053	LUCAS
Lucas0189	32361730	1076.07251	4.108425074	0	127.0588235	5	40.96035385	14.73950791	13.19192118	25.75446646	0.8000378	176.6462546	0.004529039	10.50405954	Lucas0189	GL_managed	Grassland	U111	U420	0-20	20	20	49	31	8.02	16.93	13.3	278	2	1.6	242.9	1.221722177	4	0.857996985	atlantic	3	8.3125	Spring	1546	12.90000014	14.86666687	41.5270007	736.9285344	33.90000153	-1.899999976	35.8000015	8.599999994	22.40000057	22.60000038	4.666666677	437	51	7	42.95045904	149	38	42	141	30.05.2018	6.798652172	-0.017459093	LUCAS
Lucas0190	44262618	1140.620972	0.253803005	19.26546457	310.5882353	6	67.86297607	13.88143539	4.820033224	75.99069214	5.653654703	643.9657672	0.008779434	35.61066127	Lucas0190	WL_coniferous	Woodland	U120	U120	0-20	5	10	44	46	4.71	11.12	54.9	63.28125023	19	3.3	83.9	0.731740403	7	1.447544758	continental	2	16.63636364	Summer	2108	6.633333366	9.08333339	34.27672916	666.3207394	21.10000038	-5.400000095	26.50000048	14.88333321	-1.366666655	14.88333321	-1.366666655	696	98	24	47.25357851	286	79	286	79	24.06.2018	18.08934021	0.334665895	LUCAS
Lucas0191	46503324	78.09440613	1.5047485	5.126400082	88.94117647	6	28.74176979	18.72479916	9.614119304	43.55538679	0.194607268	75.18327472	0.002588438	0.665446681	Lucas0191	CL_annual	Cropland	U111	U111	0-20	10	9	73	18	5.43	5.84	6.7	1	60.7	0.7	77.5	1.067405006	6	0.555667112	boreal	1	9.571428571	Summer	2371	8.62499999	8	29.96254757	709.566134	23.29999924	-3.400000095	26.69999933	17.38333352	0.949999988	17.38333352	-0.016666691	526	66	29	25.79926624	181	98	181	107	04.06.2018	2.445656776	-0.864230156	LUCAS
Lucas0192	50683780	77.16150665	1.090012583	0	70.58823529	5	25.06829453	15.42863846	7.321641997	47.75043819	2.935751063	576.6211477	0.0050913	25.51275638	Lucas0192	WL_broadleaved	Woodland	U120	U120	0-20	11	9	67	25	6.01	21.6	45.5	1	15.6	3.6	80.3	0.999884813	1	0.517633684	alpine	2	12.63888889	Spring	2371	6.250000024	7.066666584	26.07626101	760.290015	20.89999962	-6.199999809	27.09999943	14.68333332	0.450000028	15.69999997	-2.883333296	732	84	32	29.61296073	238	119	231	143	24.05.2018	14.19754505	-0.206106365	LUCAS
Lucas0194	51364282	86.32023621	0.195529433	0	45.17647059	6	46.76947021	15.041605	5.046335446	47.03071032	2.812197483	441.7024847	0.006366723	32.22896506	Lucas0194	WL_coniferous	Woodland	U120	U120	0-20	1	20.05210918	39.89454094	39.80887097	4.09	9.44	35.3	2	32.5	1.7	54.2	0.610864775	6	0.973520144	boreal	2	20.76470588	Summer	1803	3.879166692	8.608333349	25.92871431	864.6451141	21.70000076	-11.5	33.20000076	13.10000014	-2.783333262	14.91666667	-6.433333317	618	81	32	32.26871304	221	101	211	124	24.06.2018	12.66353893	-0.170571536	LUCAS
Lucas0195	52383540	90.10591125	0.167752575	0	8.470588235	6	37.25840759	17.60135365	7.722953746	45.87252607	1.062950938	128.7617845	0.008255174	7.104557641	Lucas0195	GL_managed	Grassland	U111	U111	0-20	6	4	85	11	5.26	5.46	18	0	50.2	2	53.4	1.157267211	6	0.736312468	boreal	3	9	Summer	1521	6.470833289	8.508333304	28.45596459	810.8117584	22.39999962	-7.5	29.89999962	16.33333317	-2.799999992	16.33333317	-3.54999996	615	82	27	30.84007825	219	99	219	111	14.06.2018	3.963012457	-0.803177476	LUCAS
Lucas0196	33863294	382.1741028	0.526106036	0	199.0588235	6	19.23939323	14.85080862	9.311535484	94.4018647	9.239524703	1198.940796	0.007706406	46.40522876	Lucas0196	GL_managed	Grassland	U111	U111	0-20	2	20.05210918	39.89454094	39.80887097	4.54	21.72	228.7	3	52.1	13.7	154.1	0.353790274	4	0.402070389	atlantic	3	16.69343066	Summer	1161	8.299999923	6.099999964	34.26966419	434.328105	18.29999924	0.5	17.79999924	4.483333309	12.18333324	13.79999987	3.416666627	1676	198	92	28.17849786	582	286	314	527	25.06.2018	15.89503098	-0.481910616	LUCAS
Lucas0197	47682402	729.5211792	28.90520466	19.94844359	86.11764706	6	99.15979767	17.09937048	9.526424709	95.18439182	3.444062357	791.2717408	0.004352566	26.24281366	Lucas0197	GL_managed	Grassland	U111	U420	0-20	55	31	13	56	7.27	20.6	75	19	4	6.2	215.1	0.866738976	7	1.979262348	continental	3	12.09677419	Summer	2862	7.966666697	10.10000003	35.56338025	684.494947	23.5	-4.900000095	28.4000001	4.166666602	16.38333321	16.38333321	-0.516666651	1277	161	66	24.78525734	429	242	242	318	12.06.2018	18.23796654	-0.090910278	LUCAS
Lucas0198	31542242	813.6675415	1.915314515	90	0	6	75.20757294	18.74157238	11.17319152	38.1471128	1.099753928	417.9064925	0.002631579	12.3153527	Lucas0198	CL_annual	Cropland	U111	U111	0-20	6	29	39	32	8.02	17.04	14.9	291	16.3	1.6	375.4	1.268418341	4	1.453523144	atlantic	1	9.3125	Summer	2083	11.56666672	11.70000028	40.20618548	615.4316105	28.70000076	-0.400000006	29.10000077	8.016666661	19.46666686	19.46666686	4.533333227	463	53	18	30.30542087	148	66	66	134	04.06.2018	12.99792671	0.905917227	LUCAS
Lucas0199	33362096	800.597168	1.258322413	90	0	5	80.11901855	15.28040171	12.53522486	28.79222488	1.146018536	279.7855116	0.004096061	13.09993425	Lucas0199	GL_unmanaged	Grassland	U420	U410	0-20	32	17	44	39	7.37	16.86	14.9	1	2.8	1.8	191.7	1.304167395	4	1.659452194	atlantic	3	8.277777778	Spring	1726	12.39166662	13.08333324	41.9337604	649.6496623	30.5	-0.699999988	31.19999999	14.18333328	6.083333336	20.83333317	5.0833334	406	58	23	30.35304893	142	76	90	90	27.05.2018	7.244130611	0.048436552	LUCAS
Lucas0200	43663228	83.76459503	0.557934731	0	182.1176471	6	29.82889557	17.69227695	10.05258957	57.16828437	1.175399555	571.7143435	0.002055921	17.68526228	Lucas0200	CL_annual	Cropland	U111	U111	0-20	9	30	9	61	7.64	19.72	44.2	44	60.9	4.5	285.3	1.067405006	7	0.58843077	continental	1	9.822222222	Summer	2192	8.916666598	7.883333224	31.78763403	628.2057128	23	-1.799999952	24.79999995	16.68333324	2.083333353	16.68333324	1.350000008	597	67	34	17.13935652	183	124	183	130	04.06.2018	2.842588186	-1.009264708	LUCAS
Lucas0201	38562344	161.4833679	7.406123802	90	0	6	42.01560593	22.18374538	14.55894661	73.05679522	1.090747647	243.0893269	0.004487024	19.82058949	Lucas0201	CL_permanent	Cropland	U111	U111	0-20	89	36	16	48	7.95	15.72	16.2	300	8.2	1.8	160.2	1.078833736	7	0.761376482	continental	1	9	Summer	1186	13.5666667	9.783333421	35.83638716	628.5384587	28.79999924	1.5	27.29999924	14.00000016	21.63333321	21.63333321	6.283333381	777	126	29	35.6928721	269	127	127	198	12.06.2018	17.14724159	1.38468945	LUCAS
Lucas0202	40562500	1211.863647	6.993508084	27.87128893	144	6	79.91574097	15.30517387	2.577252495	75.9871262	1.799014778	900.5213793	0.001997748	16.58448389	Lucas0202	WL_broadleaved	Woodland	U120	U120	0-10	41	23	24	53	7.4	20.1	40.6	104	10.8	4.3	158.7	0.987276981	4	1.654392989	atlantic	2	9.441860465	Summer	1925	8.254166462	10.45833314	36.56759851	669.0001172	24	-4.599999905	28.5999999	1.116666665	16.14999962	16.49999968	0.149999936	1051	109	69	16.26997261	313	223	230	312	05.06.2018	20.31649971	-0.263061613	LUCAS
Lucas0203	47363330	45.33981705	0.74155796	5.126400082	145.4117647	6	31.98579407	19.29507303	9.422524829	42.72220792	0.553430426	46.48815582	0.011904762	3.635441326	Lucas0203	CL_annual	Cropland	U111	U120	0-20	4	3	95	2	5.13	4.95	7.6	0	138.2	0.8	39.1	1.067405006	6	0.611640681	boreal	1	9.5	Summer	2131	8.604166652	8.008333335	29.77075579	728.5647695	23.5	-3.400000095	26.9000001	17.63333321	0.783333321	17.63333321	-0.266666671	551	72	26	28.71815132	194	96	194	106	04.06.2018	5.48140955	-0.555653572	LUCAS
Lucas0204	46342786	317.8276672	1.903704842	0	309.1764706	6	100.8847733	18.99462461	10.18126603	75.99547256	0.930749557	160.7094236	0.005791506	14.9715624	Lucas0204	CL_annual	Cropland	U111	U111	0-20	13	19	13	67	6.7	18.58	12	0	49.8	1.5	182.3	1.332779668	7	1.940292367	continental	1	8	Summer	2561	8.929166611	8.358333218	29.95818399	747.1018391	23.89999962	-4	27.89999962	18.03333298	-0.316666663	18.03333298	-0.316666663	876	118	49	28.39299963	311	162	311	162	04.06.2018	13.4592638	-0.775889874	LUCAS
Lucas0205	53183886	116.8687057	0.658962276	0	326.1176471	6	46.25684738	16.08126211	6.432127827	49.19413557	0.834399561	266.34034	0.003132832	7.381073303	Lucas0205	CL_annual	Cropland	U111	U111	0-20	12	9	71	20	6.95	7.34	21	2	27.5	1.9	133.3	1.32545261	6	0.942454317	boreal	1	11.05263158	Summer	2321	5.76250004	7.775000269	26.26689204	814.6084609	21.70000076	-7.900000095	29.60000086	11.00000012	-0.166666617	15.88333352	-4.133333405	717	81	35	26.84807105	230	118	220	146	05.06.2018	4.919151306	-0.909485042	LUCAS
Lucas0206	49604542	33.06046677	0.017602349	0	28.23529412	6	41.77075958	12.82732964	4.507052221	34.64148968	15.14345404	1783.45961	0.008491055	87.98527443	Lucas0206	WL_coniferous	Woodland	U120	U120	0-20	21	20.05210918	39.89454094	39.80887097	3.81	9.94	476.4	1	33.1	11.2	248.3	0.14333588	6	0.911481422	boreal	2	42.53571429	Summer	1445	3.20416671	7.291666687	22.85788889	863.2113831	20.10000038	-11.80000019	31.90000057	12.83333341	-3.549999952	14.21666654	-7.099999905	523	69	24	33.23396788	190	78	176	99	05.06.2018	10.48775005	-0.060949899	LUCAS
Lucas0207	49764590	12.68764496	2.491243768	0	63.52941176	6	42.83094025	11.8916223	4.21098743	31.62802952	2.45051941	313.8480044	0.007807981	39.51719577	Lucas0207	CL_annual	Cropland	U111	U111	0-20	8	25	5	70	4.26	19.35	89	1	72.6	6.2	97.9	0.823885821	6	0.954096512	boreal	1	14.35483871	Summer	1351	2.58333334	6.45000006	20.09345789	887.4896497	19.10000038	-13	32.10000038	12.73333327	-4.71666654	13.80000003	-7.983333389	520	69	25	32.07788639	184	79	175	102	05.06.2018	5.88035202	-0.843121767	LUCAS
Lucas0208	53763890	113.4195633	0.492885617	0	264	6	44.81840515	16.49436235	6.468880754	46.94285202	0.524535316	228.4402726	0.00229616	10.34827529	Lucas0208	CL_annual	Cropland	U111	U112	0-20	3	12	68	20	7.3	11.99	23.6	10	38.3	2	120.7	1.352306309	7	0.905525458	continental	1	11.8	Summer	2378	5.391666671	7.383333345	24.1285408	868.443835	21.79999924	-8.800000191	30.59999943	16.0666666	-4.516666651	16.0666666	-5.24999998	615	82	28	32.17179804	219	96	219	108	05.06.2018	5.064236641	-1.039780259	LUCAS
Lucas0209	36703150	55.78908539	0.979241249	5.126400082	24	6	15.86073685	16.99547338	11.1171736	53.66774368	1.761404205	559.029089	0.003150827	15.79826319	Lucas0209	GL_managed	Grassland	U111	U111	0-20	7	14	39	46	6.27	10.94	21.8	3	30.7	2.4	126.8	1.150256196	7	0.317243458	continental	3	9.083333333	Summer	1369	9.962499971	7.541666756	37.33498385	481.267852	21.5	1.299999952	20.20000005	7.549999952	11.45000005	16.0666666	4.449999948	723	80	44	23.87477586	237	144	151	201	12.06.2018	7.929601669	-0.279975563	LUCAS
Lucas0210	47884132	22.06593323	0.028863878	0	111.5294118	6	34.7003479	15.35910654	6.534320254	40.08527003	3.100630399	381.4550549	0.008128429	27.79838166	Lucas0210	WL_coniferous	Woodland	U120	U120	0-20	20	20.05210918	39.89454094	39.80887097	4.21	14.01	266.8	1	27	10.1	218	0.366097924	6	0.717555604	boreal	2	26.41584158	Summer	351	5.6208333	7.475000069	26.79211439	726.9939957	21.10000038	-6.800000191	27.90000057	14.01666673	-0.250000035	15.08333333	-2.76666676	617	78	30	30.07097106	209	103	202	129	06.06.2018	2.635904074	-0.993572414	LUCAS
Lucas0211	37922340	824.656189	2.800321907	90	0	6	51.72594452	17.9781394	11.35422922	82.70496368	2.474304783	726.9285873	0.00340378	25.89845038	Lucas0211	D20	Shrubland	U420	U420	0-10	12	24	20	56	7.07	15.31	79.2	1	4.6	7.9	335.5	0.865682499	4	1.014669133	atlantic	Shrubland	10.02531646	Summer	1868	9.958333314	8.366666752	34.14966021	587.9542137	24	-0.5	24.5	6.883333226	17.51666673	17.51666673	3.416666591	909	123	34	29.81058725	300	145	145	258	11.06.2018	18.39974785	0.369750708	LUCAS
Lucas0212	36662704	156.3540955	1.108140532	90	0	6	67.13444519	19.65112972	12.07582178	54.29225139	1.049245283	281.8763522	0.00372236	11.79896821	Lucas0212	CL_annual	Cropland	U111	U111	0-20	7	9	23	68	7.12	14.92	12.4	2	25.7	1.3	71.9	1.113629543	7	1.275080811	continental	1	9.538461538	Summer	1708	11.16666664	9.483333329	38.39406143	579.9777985	25.60000038	0.899999976	24.70000041	7.799999992	18.50000016	18.50000016	4.299999992	721	71	49	11.97864933	199	152	152	190	11.06.2018	14.2821207	0.347534806	LUCAS
Lucas0213	49983054	425.3327942	2.46192033	11.47834095	241.4117647	6	101.217392	17.67979622	8.750945919	55.97231493	1.491697597	437.0457772	0.003413138	14.75437136	Lucas0213	GL_managed	Grassland	U111	U111	NA	67	20	43	37	6.96	17.08	33.4	3	5.9	3.3	131.7	1.067405006	6	1.997194139	boreal	3	10.12121212	Summer	2247	7.620833305	8.791666741	31.17612341	733.9199188	22.39999962	-5.800000191	28.19999981	16.5333333	-0.366666704	16.5333333	-1.51666672	757	104	35	39.02281435	297	115	297	121	05.06.2018	10.43110466	0.258367538	LUCAS
Lucas0214	27421740	55.61755753	2.455092046	7.252246865	347.2941176	6	9.620025635	21.23867321	17.93679267	33.16611531	0.209006073	327.0330321	0.000639098	3.91403359	Lucas0214	WL_broadleaved	Woodland	U120	U120	0-20	13	33	28	39	7.99	14.06	15.8	329	1.3	1.7	264.5	1.38989911	9	0.177364693	mediterranean	2	9.294117647	Summer	1690	17.44166662	10.29999983	43.27730901	475.1116379	30.70000076	6.900000095	23.80000067	13.03333354	23.4000001	23.70000013	12.08333325	527	108	2	74.01297446	262	17	23	242	05.06.2018	10.4619034	-0.0561357	LUCAS
Lucas0215	37822294	133.0261078	5.039535304	90	0	6	33.5062561	22.05606651	13.78283566	57.70962946	0.76670893	211.9424017	0.003617534	8.638093662	Lucas0215	CL_permanent	Cropland	U111	U111	0-20	63	21	44	35	7.84	14.57	26.5	428	22	1.3	310.1	1.067405006	7	0.608584271	continental	1	20.38461538	Summer	1056	14.23749988	8.241666615	34.34027654	580.7758228	27.70000076	3.700000048	24.00000072	11.03333322	21.71666654	21.71666654	7.649999897	614	85	19	31.43295304	203	94	94	177	24.06.2018	16.08014297	1.351319432	LUCAS
Lucas0216	37042680	160.1952057	0.478379128	90	0	6	73.90133667	19.57396984	12.15812146	56.90655056	0.553544207	406.6704776	0.001361162	12.63525886	Lucas0216	CL_annual	Cropland	U111	U111	0-20	10	30	4	66	7.51	12.65	16.5	3	44.7	1.8	256.3	1.212772031	9	1.405663999	mediterranean	1	9.166666667	Summer	1806	11.28750007	9.475000208	37.59920719	587.8200242	26	0.800000012	25.19999999	11.75000024	18.69999997	18.69999997	4.400000006	729	75	52	11.00792316	197	164	164	181	18.06.2018	12.32350826	0.069132172	LUCAS
Lucas0217	41462518	1672.721802	9.743279351	16.26020471	145.4117647	6	55.70201492	12.78372526	2.773084615	72.59178142	3.084527569	858.0228322	0.003594925	32.0739152	Lucas0217	GL_managed	Grassland	U111	U111	0-20	4	13	23	63	6.37	40.86	33.7	1	19.6	3.4	110.2	0.739245951	7	1.216633522	continental	3	9.911764706	Summer	1869	5.079166691	8.458333373	35.24305502	584.2378821	18.60000038	-5.400000095	24.00000048	3.200000008	12.53333346	12.61666663	-1.266666691	888	97	55	15.04202866	245	190	197	204	06.06.2018	24.3593235	0.021891553	LUCAS
Lucas0218	52364022	67.34070587	0.189498543	0	124.2352941	6	46.98722076	15.64059353	6.482446194	51.3222323	1.332213513	537.0472813	0.002480626	11.29139073	Lucas0218	GL_managed	Grassland	U111	U111	0-20	15	12	54	33	6.83	9.73	27.6	1	19.8	2.7	138.1	1.368771445	9	0.966008376	mediterranean	3	10.22222222	Summer	1852	5.424999923	8.183333476	25.6530833	848.7571145	22.79999924	-9.100000381	31.89999962	14.69999989	-0.833333433	15.89999994	-4.900000135	648	78	31	31.55856302	222	97	209	126	13.06.2018	6.225064278	-0.597718239	LUCAS
Lucas0219	38462556	878.3551025	2.124672068	90	0	6	87.11854553	16.8540554	10.55812575	61.49989981	2.348001796	527.0829217	0.00445471	26.23385227	Lucas0219	CL_annual	Cropland	U111	U111	0-20	35	26	31	43	5.46	13.14	41.4	3	53.4	3.9	242.1	0.973230435	4	1.747471591	atlantic	1	10.61538462	Summer	1371	8.291666703	8.483333197	35.20055213	582.9464177	22.10000038	-2	24.10000038	13.70000021	2.33333323	15.66666698	1.583333294	874	93	52	19.31740912	258	168	254	177	11.06.2018	19.65173531	0.106806971	LUCAS
Lucas0220	46002792	440.9887085	5.634371201	0	93.17647059	6	121.0521774	18.27096796	10.05563636	77.57870042	1.838821138	463.697832	0.003965559	18.65079365	Lucas0220	WL_coniferous	Woodland	U120	U120	0-20	2	23	23	54	6.96	55.5	55.9	22	19.5	4	177.4	0.875231267	7	2.361027736	continental	2	13.975	Summer	3603	8.333333259	8.383333274	30.93480924	718.5665315	23	-4.099999905	27.0999999	17.11666632	0.883333395	17.11666632	-0.49999996	1065	132	64	23.21735412	362	213	362	218	04.06.2018	14.84078121	-0.714516997	LUCAS
Lucas0221	35522294	280.4161987	2.416424619	90	0	6	87.97616577	19.65437508	13.37863104	64.5360521	0.953856869	60.22787161	0.015837466	18.72346448	Lucas0221	CL_annual	Cropland	U111	U111	0-20	9	19	29	52	5.73	4.8	8.8	1	14.7	1.3	60.6	1.66934471	4	1.670823472	atlantic	1	6.769230769	Summer	2268	12.48333349	10.16666687	41.49659945	536.9117749	25.5	1	24.5	11.1833334	19.20000029	19.20000029	6.283333381	1122	118	69	14.72867142	325	223	239	284	12.06.2018	18.780056	1.025359273	LUCAS
Lucas0222	41102514	1094.103882	0.136161611	19.26546457	63.52941176	6	62.02072906	15.85775661	1.667747789	72.11912476	1.112903226	145.8709677	0.007629368	14.2476254	Lucas0222	WL_coniferous	Woodland	U420	U420	0-20	53	17	26	57	7.91	13.46	16	155	2.8	1.3	44.4	0.939257942	7	1.26941418	continental	2	12.30769231	Summer	2123	7.25000007	9.03333356	33.70646767	659.1902894	22.20000076	-4.599999905	26.80000067	3.399999956	15.10000038	15.46666702	-0.583333333	872	86	58	13.03750041	247	195	211	237	06.06.2018	20.6792717	-0.384903789	LUCAS
Lucas0223	47903032	737.215271	0.046144529	7.252246865	50.82352941	6	75.35238647	16.00966501	7.744765482	58.67619344	1.804778973	518.7582636	0.003479037	31.16776316	Lucas0223	GL_managed	Grassland	U111	U111	0-20	27	18	27	55	4.6	24.4	43.2	2	11.5	4.4	78.4	1.067405006	7	1.537500541	continental	3	9.818181818	Summer	1146	5.599999985	7.683333248	30.13071806	686.0327319	19.60000038	-5.900000095	25.50000048	13.94999997	-1.816666686	13.94999997	-2.79999998	663	99	30	43.98060995	277	96	277	101	12.06.2018	21.08262253	0.350206107	LUCAS
Lucas0224	49963164	225.5568085	1.337288731	0	296.4705882	6	61.68836975	18.43100643	8.953252416	45.53434332	0.331769204	78.01865369	0.004252434	4.861111111	Lucas0224	CL_annual	Cropland	U111	U111	0-20	5	4	73	22	5.43	10.22	8.4	1	41.3	1	79.5	1.658389612	6	1.199439288	boreal	1	8.4	Summer	2392	8.004166609	8.64166654	29.69644869	772.0646999	23.5	-5.599999905	29.0999999	17.26666673	-0.416666687	17.26666673	-1.733333329	568	79	24	39.25916484	226	83	226	90	05.06.2018	5.815004349	-0.268787682	LUCAS
Lucas0225	38302418	1099.643677	0.027640615	90	0	6	67.3633194	15.07352304	7.868524326	70.98699248	1.849104272	525.6666667	0.003517637	27.99735406	Lucas0225	WL_coniferous	Woodland	U120	U120	0-20	47	10	38	51	5.2	7.49	73.5	1	23.9	6.7	103.8	0.902791587	7	1.401256141	continental	2	10.97014925	Summer	1105	7.183333412	8.350000193	34.22131113	587.0431941	21.20000076	-3.200000048	24.40000081	8.000000238	14.66666683	14.66666683	0.533333302	1073	138	54	24.32017851	337	201	201	265	26.06.2018	17.71920776	0.610800683	LUCAS
Lucas0226	35223718	69.55497742	0.223009861	0	172.2352941	6	39.25191116	14.02939701	8.768932016	62.61047785	0.831411831	662.0757261	0.001255765	11.93408788	Lucas0226	CL_annual	Cropland	U420	U420	0-20	8	16	62	23	6.17	30.22	30	3	53.3	2.5	454.4	1.247001587	9	0.834625015	mediterranean	1	12	Summer	1168	8.262500012	7.324999961	40.02732138	419.0472232	18.60000038	0.300000012	18.30000037	11.7166667	5.066666648	13.61666695	3.466666654	703	70	43	14.93369106	204	141	186	168	06.06.2018	9.652734756	-0.791785598	LUCAS
Lucas0227	35303690	221.1598206	0.740173184	0	74.82352941	6	42.12104797	13.5910511	8.161628071	66.69952634	1.290493997	254.918848	0.005062372	16.19660234	Lucas0227	CL_annual	Cropland	U111	U111	0-20	34	15	52	34	5.94	30.87	19.9	1	28	2.2	285.8	1.454344668	7	0.904058762	continental	1	9.045454545	Summer	858	7.425000008	7.566666731	40.68100225	417.326447	18.20000076	-0.400000006	18.60000077	5.333333306	8.700000087	12.80000003	2.70000003	892	94	55	16.38852388	264	180	212	232	05.06.2018	9.270586967	-0.924479425	LUCAS
Lucas0228	32021944	741.7045898	1.682832619	0	285.1764706	6	25.18682861	21.94659853	14.90236117	26.51270615	0.480909226	350.9650869	0.001370248	4.034787568	Lucas0228	CL_annual	Cropland	U111	U112	0-20	18	12	42	47	8.11	18.21	21.6	332	82.8	2.3	459.5	1.019544582	9	0.458387403	mediterranean	1	9.391304348	Summer	4160	14.17499987	13.13333306	39.20398107	726.2590911	33.59999847	0.100000001	33.49999847	9.699999809	23.48333327	23.73333327	6.033333397	432	55	9	41.35946027	154	46	48	137	17.06.2018	5.421404839	0.593982458	LUCAS
Lucas0229	35162590	51.54182053	0.670700528	90	0	6	55.61290741	20.17153358	13.43845995	58.26349038	1.911068864	724.429517	0.002638033	21.82959049	Lucas0229	CL_annual	Cropland	U111	U111	0-20	34	27	26	47	7.72	20.9	34	396	30.1	3.5	378.1	0.858405228	9	1.045915054	mediterranean	1	9.714285714	Summer	1127	12.44583335	9.258333405	39.56552882	539.3112462	25.79999924	2.400000095	23.39999914	6.850000143	19.18333324	19.18333324	6.133333365	859	103	43	25.12026869	284	146	146	254	05.06.2018	18.79704094	0.957664251	LUCAS
Lucas0230	44062504	1344.158203	3.41125879	11.47834095	266.8235294	6	39.28125381	16.55793428	12.4393955	71.44942133	3.306772908	861.2765604	0.003839386	33.02201468	Lucas0230	GL_managed	Grassland	U111	U111	0-20	9	25	13	63	4.9	37.12	59.3	1	7.3	6.2	139	0.646865233	7	0.792632994	continental	3	9.564516129	Summer	1751	6.749999945	8.099999934	31.27413148	660.6023326	20.89999962	-5	25.89999962	15.11666648	-0.999999921	15.11666648	-0.999999921	529	64	19	41.09049024	186	59	186	59	05.06.2018	23.31855392	0.250813425	LUCAS
Lucas0231	51083476	132.7137909	0.006296949	5.126400082	136.9411765	7	106.680954	20.66357183	8.171823251	45.5500944	0.701811907	82.54644809	0.008502024	3.368350842	Lucas0231	WL_coniferous	Woodland	U120	U120	0-20	7	3	94	3	4.91	2.91	14	1	34.2	0.7	13.4	1.025093812	7	1.987958504	continental	2	20	Summer	1798	7.179166595	7.991666565	26.81767244	833.6569397	23.20000076	-6.599999905	29.80000067	17.16666667	-2.200000038	17.16666667	-3.316666673	526	72	24	35.39291882	200	81	200	89	28.07.2018	11.68725014	0.424837202	LUCAS
Lucas0232	52224014	79.67503357	0.540266139	0	241.4117647	6	47.09781265	15.64175272	6.456354166	51.91707591	0.940029707	250.047902	0.003759398	10.39760439	Lucas0232	CL_annual	Cropland	U111	U111	0-20	12	10	53	37	6.03	16.62	18.6	1	39.9	1.9	135.2	1.296574425	6	0.968258955	boreal	1	9.789473684	Summer	2280	5.241666683	7.916666631	24.58592063	857.2732525	22.70000076	-9.5	32.20000076	14.6500001	-1.216666686	15.8166666	-5.166666706	654	76	31	31.41079024	221	98	205	129	13.06.2018	5.033764839	-0.651584268	LUCAS
Lucas0233	51223738	104.769043	0.988343368	0	139.7647059	6	38.08940887	16.85061264	7.449072336	46.70256253	0	230.0191005	0	4.604936227	Lucas0233	CL_annual	Cropland	U111	U111	0-20	7	13	57	30	7.52	13.51	21	16	10	1.9	65.3	1.381588349	7	0.764071029	continental	1	11.05263158	Summer	1704	6.233333353	7.249999977	25.80071131	793.3941359	21.60000038	-6.5	28.10000038	16.01666689	0.483333389	16.01666689	-3.433333373	647	81	29	30.19647138	221	102	221	122	10.06.2018	6.000444412	-0.547830641	LUCAS
Lucas0234	43962560	1039.717896	7.023151331	29.30810924	169.4117647	6	34.50096893	15.35128975	5.160990866	71.68438239	4.637694013	993.7547672	0.00466684	23.71447903	Lucas0234	WL_coniferous	Woodland	U120	U120	0-20	6	22	23	55	7.15	73.1	98.8	188	14.9	7.7	186.4	0.649525213	6	0.713548059	boreal	2	12.83116883	Summer	2050	8.174999995	8.800000067	32.35294222	696.8908179	22.79999924	-4.400000095	27.19999933	16.83333317	-0.25000004	16.83333317	-0.25000004	585	71	21	41.03408173	213	72	213	72	24.06.2018	19.03970528	0.850646377	LUCAS
Lucas0235	41183292	18.30843163	0.263457114	0	306.3529412	6	51.88122177	17.44983768	10.51729644	60.46819125	1.073107663	217.977433	0.004923022	29.14723518	Lucas0235	CL_annual	Cropland	U111	U111	0-20	6	5	88	7	5.4	42.6	122.8	0	123.9	5.6	203.1	0.940222581	7	1.028372422	continental	1	21.92857143	Summer	2025	9.279166747	7.974999967	35.13215782	566.2414459	22.10000038	-0.600000024	22.70000041	6.166666607	5.149999857	16.31666692	2.516666626	730	72	44	16.47595734	204	148	198	179	12.06.2018	7.672788143	-0.316569149	LUCAS
Lucas0236	47182946	628.6593628	1.59511313	5.126400082	33.88235294	6	82.60121918	16.8404336	8.276124427	49.95346611	0.860995851	288.5713693	0.00298365	20.33057851	Lucas0236	GL_managed	Grassland	U111	U420	0-20	55	14	35	51	6.53	12.33	21.5	1	21.7	2.2	124.5	1.129925726	7	1.657313414	continental	3	9.772727273	Summer	1786	6.850000068	8.133333502	30.12345635	717.1281228	21.70000076	-5.300000191	27.00000095	15.63333368	-0.683333301	15.63333368	-1.933333331	589	83	27	41.19728977	235	89	235	90	17.06.2018	6.675045013	-0.658767819	LUCAS
Lucas0237	52423612	95.11863708	1.489711841	0	323.2941176	6	36.89810562	17.24715757	7.631118047	47.25934159	0.625740442	359.3140669	0.001741486	8.160237389	Lucas0237	GL_managed	Grassland	U111	U111	0-20	5	31	40	29	6.94	9.25	19	0	38.9	2	263.3	1.218764992	6	0.734332197	boreal	3	9.5	Summer	1867	6.166666678	8.483333452	27.99779912	823.4222783	22.20000076	-8.100000381	30.30000114	16.10000006	-3.383333365	16.10000006	-4.083333366	619	78	27	28.99438032	217	101	217	114	14.06.2018	4.505222321	-0.94906652	LUCAS
Lucas0238	41183328	0.961925089	0.144555405	0	360	6	51.41649628	17.11539888	10.19954466	61.48314125	1.828381148	315.4359062	0.005796363	16.40256959	Lucas0238	CL_annual	Cropland	U111	U111	0-20	6	5	81	13	5.57	11.71	49.9	0	74.4	2.5	158.2	1.332991531	4	1.025962028	atlantic	1	19.96	Summer	2183	9.200000028	7.750000119	34.59821541	560.3245791	21.89999962	-0.5	22.39999962	6.26666673	5.033333302	16.0999999	2.483333349	771	78	45	17.24176632	218	151	213	186	12.06.2018	8.230829239	-0.185135409	LUCAS
Lucas0239	50363736	36.24812317	0.606633771	0	217.4117647	6	37.90398407	16.32606506	7.707357783	50.22336398	1.187671987	409.0768666	0.002903298	9.180273242	Lucas0239	WL_broadleaved	Woodland	U120	U120	0-20	9	8	77	15	5.91	8.3	31.4	1	13.5	2.6	53.1	0.856472982	6	0.768437215	boreal	2	12.07692308	Summer	1636	6.529166597	6.841666654	25.62422032	763.3939083	20.79999924	-5.900000095	26.69999933	7.416666508	0.700000018	15.93333324	-2.716666708	784	93	31	34.03487846	264	115	239	154	10.06.2018	2.597775459	-1.091401577	LUCAS
Lucas0240	36322504	187.470459	0.606874492	90	0	6	73.57169342	19.89670753	12.57502907	68.4344111	1.148015089	305.3720137	0.003759398	6.010467668	Lucas0240	CL_annual	Cropland	U111	U111	0-20	24	14	59	28	6.17	7.92	21.9	0	37.3	2.2	208	1.354794136	7	1.390855818	continental	1	9.954545455	Summer	1533	12.26666682	9.200000097	38.65546132	549.2363944	25.70000076	1.899999976	23.80000079	9.116666754	19.18333371	19.18333371	5.883333464	942	91	57	14.06332061	270	191	191	253	25.06.2018	17.16627502	0.6141873	LUCAS
Lucas0241	52364076	81.71534729	0.002198914	0	352.9411765	6	50.43755341	15.25507879	6.006854082	50.6233645	1.268222176	398.13036	0.003185445	19.67158733	Lucas0241	WL_broadleaved	Woodland	U120	U120	0-20	11	13	58	29	7.07	22.1	59.2	8	23.9	4.4	52.5	1.095085359	6	1.045227874	boreal	2	13.45454545	Summer	1991	5.29166656	8.083333387	25.82534691	835.4879643	22.79999924	-8.5	31.29999924	14.61666632	-0.766666698	15.79999987	-4.700000048	657	84	32	34.06891464	230	97	222	122	14.06.2018	4.622077942	-0.597885251	LUCAS
Lucas0242	48263042	500.3320618	1.058680462	14.5337469	313.4117647	6	74.38365936	16.26388884	8.21862291	57.62094759	2.426786135	397.379706	0.00610697	29.34021993	Lucas0242	WL_broadleaved	Woodland	U120	U120	0-20	55	19	13	67	6.03	12.84	60.8	1	8.4	4.7	94	0.842311361	7	1.509902306	continental	2	12.93617021	Summer	1407	6.874999978	7.550000037	29.9603167	677.4400348	20.70000076	-4.5	25.20000076	15.1833334	-0.450000028	15.1833334	-1.350000024	641	95	27	46.18811878	271	87	271	93	14.06.2018	21.52819252	0.881028473	LUCAS
Lucas0243	30142056	1061.741089	5.206451913	90	0	6	50.88706207	17.30930614	11.76327043	38.65075784	0.876397516	163.4137681	0.005363058	9.00098912	Lucas0243	GL_managed	Grassland	U111	U111	0-20	39	6	73	21	5.58	14.55	6.7	63.28125023	8.4	0.9	84.9	1.14080417	9	1.011484077	mediterranean	3	7.444444444	Summer	1680	10.99583335	10.92500004	38.06620273	629.6660686	27.89999962	-0.800000012	28.69999963	4.699999968	19.2166667	19.2166667	3.949999984	602	79	14	42.03985433	218	61	61	206	12.06.2018	12.30747032	1.135741115	LUCAS
Lucas0244	41283342	-3.823130608	0.42133233	0	336	6	50.39870834	17.10124159	10.19954466	61.48314125	0.513367917	231.9981378	0.002212811	16.42487911	Lucas0244	CL_annual	Cropland	U111	U111	0-20	21.68978102	35	18	47	7.52	13.29	25.7	4	63	2.5	260.4	1.354884196	7	1.005937313	continental	1	10.28	Summer	1346	9.154166544	7.32499964	32.70089233	566.4220075	21.79999924	-0.600000024	22.39999926	16.16666635	4.849999964	16.16666635	2.399999996	766	77	43	17.88904892	218	146	218	180	12.06.2018	17.13628769	-1.040585518	LUCAS
Lucas0245	48942888	413.3287659	5.542386956	10.2630959	208.9411765	6	100.8956146	18.1971693	9.697074187	48.61775709	1.162376987	424.7911935	0.002736349	12.58891646	Lucas0245	GL_managed	Grassland	U111	U111	0-20	8	35	8	56	6.55	6.84	19.6	1	2.9	2.2	129.7	1.352070558	7	1.970726429	continental	3	8.909090909	Summer	1740	8.141666626	9.01666678	31.63742677	741.1441796	23.60000038	-4.900000095	28.50000048	17.10000006	0.266666671	17.10000006	-1.116666714	672	89	35	31.82607538	240	105	240	120	05.06.2018	7.126624584	-0.327617079	LUCAS
Lucas0246	53084148	54.23971558	0.002681181	0	81.88235294	6	43.8241539	14.90826893	5.927911934	48.88350798	10.49940048	1195.671063	0.008781178	66.86531585	Lucas0246	WL_broadleaved	Woodland	U120	U120	0-20	21	20.05210918	39.89454094	39.80887097	7.13	85.8	315.5	37	42.3	22.6	242.1	0.533820207	6	0.914751355	boreal	2	13.96017699	Summer	1951	4.654166641	7.758333281	23.79856807	882.1061001	22.10000038	-10.5	32.60000038	14.4000001	-5.549999992	15.5333333	-6.216666659	630	81	27	37.85177841	235	89	214	106	15.06.2018	4.435519695	-1.190636396	LUCAS
Lucas0247	37423086	131.4508362	4.127634062	7.252246865	141.1764706	6	30.1053009	16.99997139	11.08205313	62.65939532	0.883448643	531.3550943	0.001662633	7.209876543	Lucas0247	CL_annual	Cropland	U111	U111	0-20	16	25	20	55	7.28	18.28	19.5	5	69.3	2.2	277.8	1.053435224	7	0.602106363	continental	1	8.863636364	Summer	1946	10.18333336	5.583333333	29.38596381	490.9375728	20.70000076	1.700000048	19.00000072	11.26666657	6.316666683	16.26666673	4.333333373	690	88	45	22.41266789	225	139	168	174	25.06.2018	11.25591278	-0.227579013	LUCAS
Lucas0248	50523678	94.55128479	0.241127895	0	316.2352941	6	37.94766617	16.59519243	7.932716746	52.86715939	0.518194791	265.1775479	0.001954143	6.892542767	Lucas0248	GL_managed	Grassland	U111	U111	0-20	5	16	47	37	6.02	4.8	23.4	1	7.2	2.2	51	1.235151221	7	0.765148078	continental	3	10.63636364	Summer	1438	6.491666631	6.616666552	24.96855393	762.8500093	20.79999924	-5.699999809	26.49999905	7.233333286	0.816666692	15.86666648	-2.74999993	815	93	36	32.25935889	272	122	247	164	10.06.2018	3.683633327	-1.226821661	LUCAS
Lucas0249	49984648	28.24938393	0.000807092	0	264	6	43.01813889	11.54208875	4.095575031	30.96713232	1.783348254	403.5444643	0.004419211	26.03873531	Lucas0249	WL_coniferous	Woodland	U120	U120	0-20	18	1	94	5	4.57	3.68	41	0	15.5	2.2	41.3	1.081421409	6	0.965786296	boreal	2	18.63636364	Summer	1749	2.200000012	6.81666685	20.84607551	887.291593	19.10000038	-13.60000038	32.70000076	12.38333337	-5.066666722	13.4666667	-8.316666722	488	66	24	34.70897186	179	73	174	93	04.06.2018	10.4619034	-0.0561357	LUCAS
Lucas0250	32062352	128.935257	2.194431394	90	0	6	91.53544617	18.22552156	13.72655412	70.66975423	2.920653174	418.067004	0.006986089	27.7020286	Lucas0250	GL_managed	Grassland	U111	U111	0-20	76	16	28	55	4.68	76.6	59.7	1	56.6	6.3	328	1.299265678	4	1.786910965	atlantic	3	9.476190476	Summer	1111	13.8416667	9.200000127	47.66839633	381.8783373	24.29999924	5	19.29999924	12.4333334	18.4666667	18.86666679	9.649999936	1131	134	54	25.5488222	363	189	207	306	03.06.2018	19.4900589	0.576881826	LUCAS
Lucas0251	48483018	663.5401001	3.038251771	5.126400082	127.0588235	6	95.55587006	14.96876383	7.955716334	57.01526602	2.876416739	761.9187736	0.003775228	24.4400527	Lucas0251	GL_managed	Grassland	U111	U111	0-20	1	18	39	43	5.99	7.62	27.4	1	23.6	2.8	156.8	1.190950334	7	1.992043622	continental	3	9.785714286	Summer	1518	5.808333239	7.700000025	30.07812577	689.8544967	19.79999924	-5.800000191	25.59999943	14.21666638	-1.666666672	14.21666638	-2.616666694	724	104	33	42.81296824	297	104	297	116	14.06.2018	12.91434479	-1.165806651	LUCAS
Lucas0252	50703742	106.5383835	0.006335879	0	135.5294118	6	39.4672966	16.3787775	7.275371953	49.39914041	0.217540323	327.9057796	0.000663423	18.3001153	Lucas0252	WL_coniferous	Woodland	U120	U120	0-20	10	19	47	34	5.69	17.45	45.3	1	11.7	3.1	101.2	0.691035337	6	0.799276503	boreal	2	14.61290323	Summer	1223	6.158333326	6.800000022	25.27880995	766.7784895	20.60000038	-6.300000191	26.90000057	14.6000003	0.316666623	15.60000006	-3.133333405	763	88	33	30.90051354	251	118	238	152	10.06.2018	2.535282135	-1.054876328	LUCAS
Lucas0253	47884100	35.4199791	0.002749659	5.126400082	204.7058824	6	33.0512085	15.97152376	6.951852648	39.73345054	4.100163755	929.959425	0.004408971	39.28748964	Lucas0253	GL_unmanaged	Grassland	U420	U420	0-20	17	20.05210918	39.89454094	39.80887097	5.84	64.7	238.1	0	18.7	16.5	240.5	0.543718782	6	0.67490668	boreal	3	14.43030303	Summer	455	5.879166683	7.341666589	26.31421753	736.7695393	21.39999962	-6.5	27.89999962	14.33333325	-0.049999937	15.4333334	-2.666666617	565	80	25	34.37362277	205	86	194	109	18.06.2018	3.703634739	-0.676896572	LUCAS
Lucas0254	50124366	129.6877899	0.003064013	0	261.1764706	6	52.70911407	14.16509628	4.815873711	41.41145465	0.714162795	121.5790742	0.00587406	4.029727498	Lucas0254	WL_coniferous	Woodland	U120	U120	0-20	15	2	87	11	4.11	2.88	11.2	0	9.9	0.6	14.9	0.997406734	6	1.117544927	boreal	2	18.66666667	Summer	1385	3.575000008	8.116666694	25.12899891	848.5053771	21	-11.30000019	32.30000019	12.75000016	-3.050000012	14.48333343	-6.483333449	664	82	34	29.75529715	231	111	221	135	08.06.2018	13.65681553	-0.174861476	LUCAS
Lucas0255	52584068	94.60329437	0.004711042	5.126400082	285.1764706	6	50.64441299	15.39628983	6.010688481	49.78195652	0.952825112	368.2966816	0.002587113	7.606894266	Lucas0255	WL_coniferous	Woodland	U120	U120	0-20	4	6	83	11	6.36	12.1	41.1	1	40.3	2.9	66.1	1.015468594	7	1.046452387	continental	2	14.17241379	Summer	1585	5.183333326	8.116666736	25.76719599	845.4244017	22.89999962	-8.600000381	31.5	14.54999987	-0.91666677	15.8499999	-4.933333317	646	84	30	34.16126226	231	95	226	115	14.06.2018	4.005394459	-0.80703491	LUCAS
Lucas0256	40963282	7.260662079	0.158379324	0	90.35294118	6	54.16430664	17.3193264	10.3964133	61.79798207	0.380868337	75.33380398	0.005055743	6.129887343	Lucas0256	CL_annual	Cropland	U111	U111	0-20	2	3	89	8	6.24	5.59	12.9	0	89.5	1.3	95.5	1.587606718	1	1.0764116	alpine	1	9.923076923	Summer	1634	9.283333357	8.133333333	35.82966105	560.4192211	22.20000076	-0.5	22.70000076	6.216666708	5.216666579	16.21666686	2.550000017	777	77	46	16.11051665	222	159	202	194	12.06.2018	6.622753143	-0.417002082	LUCAS
Lucas0257	32182122	1223.296387	2.637778315	90	0	6	66.34708405	17.36244774	10.93716702	38.95968076	1.62962257	389.9913585	0.004178612	13.78800329	Lucas0257	D20	Shrubland	U111	U112	0-20	18	22	38	41	5.42	8.64	3.4	63.28125023	3.7	0.5	211.2	1.425845167	9	1.317391966	mediterranean	Shrubland	6.8	Summer	1321	9.908333289	11.4833333	38.27777674	661.7567265	27.70000076	-2.299999952	30.00000072	6.133333286	18.5333333	18.55000003	2.550000072	501	60	19	30.25561266	155	73	83	138	12.06.2018	10.32724571	0.799273729	LUCAS
Lucas0260	46283924	130.7983551	0.017750988	7.252246865	57.88235294	6	32.14328766	16.76736355	7.089263289	46.25244281	0.959964413	269.7549229	0.003558654	6.768414068	Lucas0260	WL_broadleaved	Woodland	U120	U120	0-20	1	9	21	70	4.8	7.74	37.3	0	17.1	2.1	58.8	1.067405006	6	0.645870815	boreal	2	17.76190476	Summer	1271	6.191666633	7.866666505	28.92156824	707.26371	21.5	-5.699999809	27.19999981	14.11666648	0.666666699	15.26666641	-2.066666594	541	72	25	30.04619501	187	90	185	106	12.06.2018	5.171835899	-0.740897119	LUCAS
Lucas0261	30501774	157.4253082	10.73372253	5.126400082	184.9411765	6	10.03968048	24.29494381	17.34723362	36.59676502	0.390868141	371.970516	0.001050804	6.221198157	Lucas0261	CL_annual	Cropland	U111	U111	0-20	27	19	39	41	7.96	21.2	10.3	373	15.1	1.2	327.3	1.092074943	9	0.175228036	mediterranean	1	8.583333333	Summer	2957	17.69583338	13.54166681	42.31770971	656.5178797	35.79999924	3.799999952	31.99999928	10.86666667	26	26.15000025	10.1333334	495	80	4	60.15005962	217	28	32	191	15.06.2018	2.365157366	-0.374348402	LUCAS
Lucas0262	52404058	68.01000214	0.321285534	0	38.11764706	6	49.29301071	15.47831202	6.006854082	50.6233645	0.583626318	96.10380044	0.006072874	14.85388453	Lucas0262	CL_annual	Cropland	U111	U111	0-20	11	16	25	59	6.11	8.92	16.8	2	42.1	1.6	162.4	1.732690604	6	1.016805426	boreal	1	10.5	Summer	2621	5.366666677	8.316666697	25.90861869	852.51855	23.20000076	-8.899999619	32.10000038	14.76666657	-0.849999934	16	-4.916666607	658	83	32	32.34566941	229	99	220	124	14.06.2018	4.879268169	-0.697687745	LUCAS
Lucas0263	51144548	128.8767548	0.178992153	0	63.52941176	6	57.29988861	13.74232149	4.03154781	45.45559672	2.947889374	413.4938379	0.007129222	43.41021417	Lucas0263	WL_coniferous	Woodland	U120	U120	0-20	5	11	8	81	4.23	6.99	64.8	0	24.7	2.7	66.5	0.861270222	7	1.225867411	continental	2	24	Summer	1444	2.916666618	7.516666573	22.43781066	924.3900493	20.89999962	-12.60000038	33.5	14.73333327	-3.800000119	14.73333327	-8.25	600	82	29	33.87934891	219	96	219	109	12.06.2018	9.853516579	-0.592805505	LUCAS
Lucas0264	46082678	1122.960815	2.064469548	13.59049397	162.3529412	6	165.9786835	13.60752797	4.242707642	87.48425815	4.990790899	609.9555796	0.00818222	38.7423262	Lucas0264	WL_coniferous	Woodland	U120	U120	0-20	13	17	27	56	4.03	15.19	98.4	1	32.4	5.1	141.2	0.494547536	6	3.561199031	boreal	2	19.29411765	Summer	2151	5.229166692	10.67500025	36.68384918	696.4502911	20.5	-8.600000381	29.10000038	13.68333348	-2.0166668	13.68333348	-3.416666796	1242	168	57	35.14711516	468	194	468	195	14.06.2018	20.49393272	-0.020603437	LUCAS
Lucas0265	51323464	136.1617126	0.333219869	0	59.29411765	8	44.87784958	19.97228813	8.011961535	43.26970793	0.208962739	172.5753609	0.001210849	1.488095238	Lucas0265	CL_annual	Cropland	U111	U111	0-20	14	6	80	14	7.3	17.38	13	10	84.6	1.4	203	0.924791338	6	0.847194848	boreal	1	9.285714286	Summer	2157	7.000000014	8.166666734	27.87258344	813.5611901	22.79999924	-6.5	29.29999924	16.81666644	-2.099999984	16.81666644	-3.166666651	541	76	24	35.73389299	206	84	206	91	04.08.2018	11.6515646	0.228073269	LUCAS
Lucas0266	53443794	101.1980362	0.199762652	0	265.4117647	6	46.83444214	16.47323322	6.729185255	46.35674828	2.083151462	557.3305689	0.00373773	24.45177246	Lucas0266	GL_managed	Grassland	U111	U111	0-20	6	9	78	13	7.21	17.18	29.6	13	17.4	2.6	70.4	1.317617046	9	0.946662247	mediterranean	3	11.38461538	Summer	2123	5.654166738	8.125000159	26.3798713	846.2603879	22.29999924	-8.5	30.79999924	16.05000019	-3.916666706	16.05000019	-4.766666691	659	77	32	26.49802208	222	112	222	126	08.06.2018	7.499899387	-0.77851367	LUCAS
Lucas0267	53043800	99.56391907	0.214896323	0	45.17647059	6	47.44243622	16.57444525	6.891887414	48.07129549	0	227.2478226	0	9.010806318	Lucas0267	CL_annual	Cropland	U111	U111	0-20	8	31	32	37	5.98	7.46	25.9	0	10.6	2.3	131.8	1.25730364	6	0.956993789	boreal	1	11.26086957	Summer	2459	5.845833292	7.64166683	24.65053816	848.0122644	22.89999962	-8.100000381	31	16.38333321	-3.666666667	16.38333321	-4.633333325	675	78	33	26.47075507	226	116	226	129	12.06.2018	5.228909016	-0.88425386	LUCAS
Lucas0268	46863958	17.40333939	0.673180196	0	330.3529412	7	44.3882103	20.61028957	7.442845621	46.21453496	0.578759163	225.0037547	0.00257222	7.934156379	Lucas0268	CL_annual	Cropland	U111	U111	0-20	19	50	13	37	5.94	11.75	17.2	1	18.2	1.9	107.1	1.234754127	9	0.827979305	mediterranean	1	9.052631579	Summer	880	6.658333384	8.766666674	30.12600241	737.2949129	23	-6.099999905	29.0999999	14.93333332	1.050000065	16.19999997	-1.966666629	580	70	30	26.86839194	191	101	186	123	02.07.2018	3.611382723	-0.457135707	LUCAS
Lucas0269	30742170	697.991272	1.10878046	90	0	6	56.51673126	19.12361145	12.89363886	30.86942803	0.161650142	228.0246695	0.000708915	4.546222748	Lucas0269	CL_annual	Cropland	U120	U120	0-20	33	15	69	17	8.09	11.86	4.4	6	15	0.5	156.7	1.197323301	9	1.084282721	mediterranean	1	8.8	Summer	2000	12.32500002	11.95000002	40.64625909	623.4562721	29.39999962	0	29.39999962	5.74999996	20.29999987	20.29999987	5.150000075	436	52	17	32.33169637	146	66	66	130	17.06.2018	10.51826477	1.385553598	LUCAS
Lucas0270	47642728	1393.741577	3.617097055	13.59049397	333.1764706	6	148.053894	14.39723539	8.519272152	70.6030155	4.450017295	636.4003228	0.006992481	52.59101345	Lucas0270	WL_coniferous	Woodland	U120	U120	0-20	42	7	38	54	4.2	24.6	170.3	63.28125023	39	10.7	207.6	0.329149989	9	3.123682063	mediterranean	2	15.91588785	Summer	1259	4.31666678	8.400000072	33.87096712	632.4783	17.70000076	-7.099999905	24.80000067	12.18333356	-3.116666622	12.18333356	-3.116666622	1263	155	67	27.47533424	438	222	438	222	25.06.2018	23.25139046	0.428014159	LUCAS
Lucas0271	50144226	68.31748199	0.004253786	0	125.6470588	6	45.05302811	15.47572565	5.666209547	45.00645808	2.298361934	235.3608944	0.009765267	13.59730413	Lucas0271	WL_coniferous	Woodland	U120	U120	0-20	9	7	61	32	4.61	6.88	59.4	1	19.1	2.5	55.5	0.646961339	6	0.929393578	boreal	2	23.76	Summer	1527	4.649999909	8.316666529	26.23554126	825.0206477	21.39999962	-10.30000019	31.69999981	13.68333308	-1.866666655	15.16666635	-5.133333296	664	80	35	29.51362903	220	108	213	146	19.06.2018	7.093187809	-0.469631374	LUCAS
Lucas0272	51264552	169.1580505	0.000700819	0	46.58823529	6	59.66726685	13.26625204	4.03154781	45.45559672	9.436514523	1801.662517	0.00523767	80.11879228	Lucas0272	WL_broadleaved	Woodland	U120	U120	0-20	5	3	89	8	3.92	13.1	167.4	0	56.3	7.2	83.9	0.506099756	6	1.28964989	boreal	2	23.25	Summer	2263	2.437499998	7.858333511	23.31849654	916.6295185	20.70000076	-13	33.70000076	14.1833334	-4.20000004	14.1833334	-8.583333413	618	83	30	33.60065965	225	100	225	112	12.06.2018	10.46350193	-0.661927283	LUCAS
Lucas0274	38102416	1423.812256	1.098967236	90	0	7	57.84719467	16.85122347	8.54059518	69.36593267	2.046333688	428.5775416	0.00477471	22.55144033	Lucas0274	D20	Shrubland	U111	U111	0-20	24	11	45	44	4.69	25.59	119.8	1	44.7	7.7	155.2	0.642735116	7	1.160396689	continental	Shrubland	15.55844156	Summer	1763	5.412499905	7.62499998	32.86638017	578.5213195	18.79999924	-4.400000095	23.19999933	2.733333349	12.7499996	12.74999968	-1.050000012	1354	176	59	28.01335602	445	223	249	367	03.07.2018	7.256512642	0.146910369	LUCAS
Lucas0275	38842482	1071.722656	1.062956134	90	0	5	121.3486023	11.77714872	9.171933149	63.86261729	3.722067393	663.7756946	0.005607417	34.48962656	Lucas0275	GL_managed	Grassland	U111	U111	NA	16	9	51	40	4.71	33.3	60.3	63.28125023	20.7	5.4	118.9	0.852861589	4	2.710056485	atlantic	3	11.16666667	Spring	1165	7.437499985	8.141666601	33.36748594	597.050036	21.5	-2.900000095	24.4000001	8.149999986	1.266666681	15.01666657	0.600000024	1074	113	67	16.84691723	317	223	249	230	25.05.2018	23.59614563	0.468862712	LUCAS
Lucas0276	35702100	321.3575439	1.635967122	90	0	7	23.22615051	25.61393738	14.17220778	31.36132622	0	520.4584899	0	2.886529529	Lucas0276	CL_annual	Cropland	U420	U420	0-20	18	27	21	52	8.21	19.36	9.6	277	0	1.3	149.9	1.067405006	7	0.396256446	continental	1	7.384615385	Summer	2620	14.05000007	11.4833335	38.66442259	660.006878	30.5	0.800000012	29.69999999	14.98333343	7.53333347	22.44999997	6.383333455	492	57	18	30.09981334	161	92	113	94	01.07.2018	2.849520445	-0.27031818	LUCAS
Lucas0277	37922448	1022.432129	0.515151699	90	0	6	59.94713211	15.90345764	8.366202806	66.56236106	1.558380598	568.5383663	0.00274103	15.16509043	Lucas0277	GL_managed	Grassland	U111	U111	0-20	20	14	28	58	5.98	19.28	68.4	1	19	6.8	195.9	0.873513957	1	1.225826046	alpine	3	10.05882353	Summer	1975	7.754166687	9.208333286	36.39657329	585.3455042	22.20000076	-3.099999905	25.30000067	8.516666508	1.683333377	15.18333348	1.033333361	859	98	54	18.34788916	249	183	194	198	07.06.2018	17.48987389	0.57520777	LUCAS
Lucas0278	42483322	4.097003937	0.354853137	0	330.3529412	7	44.98064041	20.36402702	10.03213662	57.468749	0.397743082	241.1777194	0.00164917	8.097741156	Lucas0278	CL_annual	Cropland	U111	U111	0-20	12	18	43	38	6.93	10.2	12.7	1	62.8	1.5	159.1	1.402233578	1	0.842901912	alpine	1	8.466666667	Summer	2094	8.945833432	8.041666811	33.78851608	599.1261069	22.5	-1.299999952	23.79999995	16.45000029	4.583333433	16.45000029	1.833333343	683	71	40	15.84967803	200	134	200	159	02.07.2018	3.025247097	-0.940846205	LUCAS
Lucas0279	34102020	1271.63147	5.80168475	90	0	6	67.71212006	17.56702137	11.48883463	29.05249164	0.170813845	96.38041784	0.001772288	11.49196887	Lucas0279	D20	Shrubland	U112	U111	0-20	38	22	25	53	8.29	14.56	10.9	604	1.4	1.2	119	1.495346196	4	1.339056923	atlantic	Shrubland	9.083333333	Summer	2276	9.383333182	14.81666633	44.09722135	666.4571603	29	-4.599999905	33.5999999	11.23333321	2.866666555	18.09999983	1.899999936	518	76	27	32.32172649	188	90	134	95	18.06.2018	15.3417387	0.657664001	LUCAS
Lucas0280	38022398	1039.942261	0.056553451	90	0	7	42.1762619	20.266644	9.14933807	74.87710511	1.894487511	543.5511054	0.00348539	22.72878536	Lucas0280	WL_coniferous	Woodland	U120	U120	0-20	84	37	16	48	7.45	20.4	53.7	52	10.2	4.1	503.2	0.954089379	4	0.791794991	atlantic	2	13.09756098	Summer	1053	8.220833363	8.308333353	34.3319556	584.4167984	22.10000038	-2.099999905	24.20000029	5.200000008	15.69999997	15.69999997	1.650000036	963	128	44	26.13030615	306	171	171	253	03.07.2018	4.672447681	0.070742086	LUCAS
Lucas0281	42242404	240.7478027	5.270175432	0	328.9411765	6	37.01561356	22.19621372	13.94949808	65.63690948	0.266881029	128.8343456	0.002071505	8.214461387	Lucas0281	GL_managed	Grassland	U111	U111	0-20	64	18	16	66	5.88	6.2	30.6	0	4.6	2.8	47.2	0.833815374	7	0.670618708	continental	3	10.92857143	Summer	1897	12.91249987	8.641666798	30.21561817	731.2446408	28.5	-0.100000001	28.6	13.48333327	22.01666641	22.01666641	3.983333452	911	146	33	35.74044174	325	158	158	206	20.06.2018	18.1679287	1.619064331	LUCAS
Lucas0282	28782280	839.8258667	0.457712967	7.252246865	225.8823529	6	131.6520386	16.9935832	12.16317102	74.7329728	2.140614488	480.2794349	0.004457019	26.39484979	Lucas0282	D10	Shrubland	U120	U120	0-20	13	13	56	32	4.62	26.6	73.9	1	6.8	4.9	150.6	0.588124657	4	2.633378729	atlantic	Shrubland	15.08163265	Summer	1740	10.94583326	9.491666531	39.54861182	521.5643321	24.79999924	0.800000012	23.99999923	5.766666621	17.58333302	17.69999997	4.99999993	1495	201	30	48.10343757	580	128	150	568	19.06.2018	16.73434448	1.937493563	LUCAS
Lucas0283	52024360	90.53905487	0.004228513	0	117.1764706	6	47.27791214	14.67632246	4.7879918	42.75025187	1.479940565	312.431897	0.004736842	21.6661124	Lucas0283	WL_coniferous	Woodland	U120	U120	0-20	17	4	65	31	4.47	6.32	52	1	27.5	3.3	47.5	1.067405006	7	0.991643434	continental	2	15.75757576	Summer	1789	3.766666599	7.666666642	23.23232316	903.237429	21.5	-11.5	33	13.43333324	-2.899999946	15.24999968	-7.149999936	591	75	29	32.20198801	209	95	203	115	27.06.2018	13.57279873	-0.019467639	LUCAS
Lucas0284	35342068	314.5072937	4.56765861	90	0	6	35.64422226	22.92675114	15.49322269	28.976226	0.320575843	161.5022238	0.001984962	5.570291777	Lucas0284	CL_permanent	Cropland	U420	U420	0-20	10	35	13	52	8.28	19.58	27.6	581	26	0.9	184.4	1.558689447	4	0.637337616	atlantic	1	30.66666667	Summer	1565	14.7083333	11.38333327	38.71881956	656.1486593	31.20000076	1.799999952	29.40000081	15.44999989	23.0333333	23.0333333	7.083333214	472	57	12	36.25932721	161	75	75	100	17.06.2018	4.768160343	0.194246784	LUCAS
Lucas0285	34003734	177.4622498	12.23588398	7.252246865	199.0588235	7	111.5776215	14.71971703	9.136469841	95.67115824	2.906282183	913.2849296	0.003182229	35.27745376	Lucas0285	GL_managed	Grassland	U111	U111	0-20	3	25	39	36	5.66	22.87	45.1	1	6.7	4	164.8	0.695561728	4	2.338186989	atlantic	3	11.275	Summer	1066	8.037500044	6.125000119	37.80864093	391.9480766	17.20000076	1	16.20000076	4.366666754	9.350000143	13.00000016	3.600000064	1685	199	89	29.57132559	568	268	314	516	02.07.2018	10.4619034	-0.0561357	LUCAS
Lucas0286	36302512	292.1961975	0.626176989	90	0	6	75.97290802	19.58967781	12.30900659	70.02003539	1.63341694	416.030227	0.003926198	13.88935039	Lucas0286	WL_broadleaved	Woodland	U120	U120	0-20	22	29	22	48	4.9	5.95	50.6	0	15.7	3.6	107.9	0.853095856	7	1.444635358	continental	2	14.05555556	Summer	1310	11.72500002	9.01666681	38.20621468	548.3715568	25.10000038	1.5	23.60000038	8.616666516	18.63333337	18.63333337	5.366666754	997	97	60	14.73661875	288	200	200	273	26.06.2018	17.16627502	0.6141873	LUCAS
Lucas0287	31162316	1285.004395	9.609912501	90	0	6	100.1931076	14.56140089	8.289121929	55.3690563	0.858464888	229.6870501	0.003737542	9.596456693	Lucas0287	A30	Others	U319	U120	0-20	30	20	41	39	4.82	11.14	19.5	1	12	2	53.1	1.28359956	9	2.106605477	mediterranean	Others	9.75	Summer	1936	8.212499982	8.974999774	35.47430781	581.0536075	22.89999962	-2.400000095	25.29999971	2.50000002	15.66666667	15.66666667	1.566666643	812	97	35	30.20721247	272	126	126	256	19.06.2018	21.51375198	0.730114639	LUCAS
Lucas0288	51344234	40.8524971	0.714614598	0	110.1176471	6	43.49390411	15.41847134	5.579256459	48.59062476	0.488618524	147.3021978	0.003317116	16.05995717	Lucas0288	CL_annual	Cropland	U111	U111	0-20	9	32	7	61	5.95	7.61	26.7	1	51.2	2.2	179.5	1.222988234	6	0.898291559	boreal	1	12.13636364	Summer	1962	4.616666767	8.016666815	25.20964316	839.9711552	21.70000076	-10.10000038	31.80000114	13.73333367	3.549999952	15.36666711	-5.316666692	661	79	33	28.99582562	215	110	201	144	18.06.2018	4.7882061	-0.760117054	LUCAS
Lucas0289	51324422	156.3898621	0.042607989	0	105.8823529	6	49.42431641	14.51691151	4.154269758	45.4170994	1.834501348	361.0238994	0.005081385	7.818452874	Lucas0289	WL_broadleaved	Woodland	U120	U120	0-20	9	6	66	28	4.75	6.8	70.7	0	26.6	3.8	77.8	0.68398056	6	1.040141601	boreal	2	18.60526316	Summer	1196	3.324999976	7.35000002	22.61538534	888.449871	20.79999924	-11.69999981	32.49999905	12.93333316	-3.483333317	14.71666654	-7.333333294	630	88	30	34.19265184	231	103	225	120	13.06.2018	7.03219986	-0.605262697	LUCAS
Lucas0290	51684292	79.0131073	0.110416233	0	66.35294118	6	48.30354691	15.19986153	5.185632869	47.25262632	0.256383855	166.70648	0.001537936	19.58933598	Lucas0290	CL_annual	Cropland	U111	U111	0-20	12	31	14	54	6.75	25.3	27.2	1	69.7	2.6	227.2	1.08487228	1	1.002151155	alpine	1	10.46153846	Summer	2112	4.070833355	8.725000282	25.89020797	881.3225072	22.20000076	-11.5	33.70000076	13.48333327	-2.583333294	15.30000003	-6.50000004	633	79	33	30.15733038	218	103	209	129	25.06.2018	6.421230316	-0.559233963	LUCAS
Lucas0291	50204184	44.05736542	0.036077102	0	187.7647059	6	37.17781067	15.46443558	6.339518271	44.84712279	1.442907942	516.1128671	0.002795722	16.48242864	Lucas0291	GL_managed	Grassland	U111	U111	0-20	30	32	45	23	5.36	8.35	81.9	0	31.7	6.3	218.7	0.793680027	6	0.767115313	boreal	3	13	Summer	876	5.295833374	7.141666691	24.12725202	789.7769	21	-8.600000381	29.60000038	1.716666698	3.699999988	15.41666683	-3.983333379	690	79	34	29.88010007	227	114	193	159	20.06.2018	6.034573555	-0.715079963	LUCAS
Lucas0292	33162080	1158.947144	0.489533287	90	0	6	51.26617432	18.21474123	11.46914537	30.53032735	0.454558911	245.0932504	0.001854637	3.870233352	Lucas0292	WL_broadleaved	Woodland	U420	U420	0-20	32	16	32	52	7.94	14.14	61.5	481	3.3	3	116.4	1.112149175	4	1.001004263	atlantic	2	20.5	Summer	1835	10.59166674	13.08333364	42.34088446	635.3446955	28.70000076	-2.200000048	30.90000081	12.24999998	18.78333346	18.9000001	3.550000072	507	66	23	30.10021665	163	84	93	127	24.06.2018	12.47737694	0.82205373	LUCAS
Lucas0293	52624148	60.42618561	0.171851656	0	258.3529412	6	47.16848755	14.76387215	5.806695185	46.97572849	0.619765739	159.4701806	0.003886405	2.941594429	Lucas0293	CL_annual	Cropland	U111	U111	0-20	4	8	75	17	6.07	3.56	10.4	1	82.8	1.1	95.3	1.363634515	6	0.987534834	boreal	1	9.454545455	Summer	2535	5.124999955	7.549999903	24.12140603	839.0240472	22.29999924	-9	31.29999924	14.71666654	-1.416666706	15.69999981	-4.866666615	597	80	27	36.83608126	219	87	211	103	15.06.2018	6.864432335	-1.100980043	LUCAS
Lucas0294	52863814	82.85625458	0.562388958	0	341.6470588	6	45.90101624	17.02132511	6.824363909	48.14060673	0.320935371	313.0189652	0.00102529	10.20171958	Lucas0294	CL_annual	Cropland	U111	U111	0-20	5	14	65	21	6.21	9.76	19.8	1	71.4	2	172	1.069742519	6	0.917628954	boreal	1	9.9	Summer	2491	5.929166675	7.425000151	23.72204434	863.5536039	23.20000076	-8.100000381	31.30000114	16.6500001	-3.733333429	16.6500001	-4.800000111	666	79	32	26.9426387	223	111	223	126	12.06.2018	4.745946884	-0.956744373	LUCAS
Lucas0295	45382568	248.7011261	14.00220536	0	307.7647059	7	79.50590515	23.66414833	10.02720647	90.97791371	2.316444826	949.5404322	0.002439543	22.30191827	Lucas0295	GL_managed	Grassland	U111	U111	0-20	36	20	23	57	7.32	40.26	78.9	17	19.3	8	144.3	0.817940614	7	1.403107741	continental	3	9.8625	Summer	2912	11.84583332	9.541666547	32.12682411	754.6024097	27.29999924	-2.400000095	29.69999933	15.66666698	2.566666722	21.13333321	2.566666722	1283	144	57	23.96420651	382	221	349	221	02.07.2018	20.81087875	1.0706743	LUCAS
Lucas0296	49864226	39.83000183	0.026089015	0	0	6	41.21329117	15.51614809	6.1265507	39.5797354	0.665573173	348.7200049	0.001908618	9.768130242	Lucas0296	CL_annual	Cropland	U111	U111	0-20	13	17	74	9	5.57	10.91	80	0	59.6	6.2	191.6	1.100954711	6	0.849475748	boreal	1	12.90322581	Summer	1420	5.02500007	7.633333492	25.19251883	807.4665942	21.20000076	-9.100000381	30.30000114	13.95000045	3.716666659	15.38333368	-4.450000071	659	76	33	29.19201803	217	109	202	144	20.06.2018	4.885002613	-0.789743483	LUCAS
Lucas0297	52823760	123.8497772	0.002762977	0	138.3529412	6	45.82152557	16.7767992	6.845848611	47.99285045	0.985783696	164.2176234	0.006002911	8.011918557	Lucas0297	WL_broadleaved	Woodland	U120	U120	0-20	3	3	92	5	4.37	6.48	30.1	0	24	1.8	68	0.955979125	6	0.920539816	boreal	2	16.72222222	Summer	1442	6.020833308	7.791666677	25.46296347	836.3162093	22.89999962	-7.699999809	30.59999943	16.36666663	-3.399999936	16.36666663	-4.266666651	648	77	31	27.9206776	222	107	222	121	12.06.2018	5.333302498	-0.78250438	LUCAS
Lucas0298	51784294	89.28527832	0.000862522	0	269.6470588	6	47.06685638	15.20555067	5.185632869	47.25262632	4.981688708	728.0723974	0.006842299	34.68438538	Lucas0298	WL_coniferous	Woodland	U120	U120	0-20	15	20.05210918	39.89454094	39.80887097	4.32	8.84	73.2	0	15.7	3.2	104.9	0.557655288	6	0.976378357	boreal	2	22.875	Summer	1870	4.025000016	8.449999889	25.22388026	881.0776028	22	-11.5	33.5	13.45000021	-2.633333385	15.25000016	-6.533333401	632	78	33	30.63177355	219	103	209	131	25.06.2018	12.8169899	-0.217455402	LUCAS
Lucas0299	48743134	181.7617035	1.394919303	0	184.9411765	6	56.42660141	18.59480524	9.692250854	41.95668231	1.272917393	78.23620309	0.016270184	4.952791121	Lucas0299	CL_annual	Cropland	U111	U111	0-20	5	4	71	25	4.6	13.5	10.8	0	123.8	1.2	109.7	1.178067582	6	1.093648889	boreal	1	9	Summer	2643	8.400000038	8.233333344	30.26960863	722.8919249	23.29999924	-3.900000095	27.19999933	17.26666689	0.566666643	17.26666689	-0.466666698	592	79	27	37.64204431	232	90	232	100	28.06.2018	7.975797176	-0.05199847	LUCAS
Lucas0300	30302240	753.2067261	3.15776666	90	0	6	74.10102844	19.16274548	11.70935325	34.32365618	0.769216791	155.1304137	0.004958517	7.652290653	Lucas0300	CL_annual	Cropland	U111	U112	0-20	14	20	44	36	6.13	5.92	5.3	0	10.6	0.8	69.3	1.383964704	9	1.420573779	mediterranean	1	6.625	Summer	1539	12.15000009	11.15000011	39.12280687	618.0210438	28.60000038	0.100000001	28.50000038	5.749999996	20.03333346	20.13333368	5.066666699	605	78	20	36.47492665	215	79	81	206	25.06.2018	8.314094543	1.186344266	LUCAS
Lucas0301	31122070	1323.656738	1.18937497	90	0	6	57.95357132	16.3062129	12.73594826	41.63241778	0.803617099	181.4961637	0.004427736	9.235615984	Lucas0301	GL_managed	Grassland	U111	U111	0-20	22	13	53	34	6.89	25.1	14.3	2	7.1	1.6	189.2	1.403508495	9	1.175380706	mediterranean	3	8.9375	Summer	1146	9.833333232	9.999999886	34.96503497	665.9932086	26.89999962	-1.700000048	28.59999967	6.083333413	18.58333317	18.59999959	2.50000002	540	63	20	34.14685791	180	73	84	148	18.06.2018	16.91734695	1.716839671	LUCAS
Lucas0302	46382836	890.572876	0.169138273	5.126400082	258.3529412	7	113.7127686	17.50201273	8.171545355	64.96764053	3.044657097	491.013468	0.006200761	37.53943218	Lucas0302	WL_coniferous	Woodland	U120	NA	0-20	19	15	64	22	3.98	23.2	94.5	1	36.8	5.4	142.7	0.969096437	6	2.251648249	boreal	2	17.5	Summer	1134	5.991666629	8.716666734	32.76942452	684.2973555	20.29999924	-6.300000191	26.59999943	14.39999978	1.400000028	14.39999978	-2.333333388	1068	136	67	23.50824294	360	221	360	234	02.07.2018	16.20778275	-0.323155701	LUCAS
Lucas0303	42143270	36.48411179	0.312593248	0	117.1764706	7	46.94683456	20.8195672	10.13109162	56.15375679	0.877913231	275.7441138	0.003183797	8.135704875	Lucas0303	CL_annual	Cropland	U111	U111	0-20	4	5	88	7	5.97	16.55	39.6	0	68.4	3.3	91.1	1.484692303	7	0.872300485	continental	1	12	Summer	2245	9.404166686	8.058333263	33.29889722	609.3903763	23.10000038	-1.100000024	24.20000041	17.01666657	5.033333361	17.01666657	2.099999934	715	75	44	14.78803093	201	148	201	174	02.07.2018	2.438710928	-0.979707003	LUCAS
Lucas0304	28982458	154.6795044	0.08747776	0	242.8235294	6	98.88944244	17.53032589	13.43451932	74.34652851	2.130622444	220.679691	0.009654819	27.45550428	Lucas0304	WL_broadleaved	Woodland	NA	NA	0-20	23	24	40	35	7.62	19.27	72.7	53	6.7	1.6	126.3	0.860243706	9	1.957031559	mediterranean	2	45.4375	Summer	1110	13.67083337	7.174999833	44.84375029	329.4586292	22.39999962	6.400000095	15.99999952	10.80000019	17.56666644	18.05000003	10.03333338	1081	139	35	37.98453244	389	125	154	376	17.06.2018	10.4619034	-0.0561357	LUCAS
Lucas0305	51544350	89.3180542	0.003123317	0	234.3529412	6	46.06740189	15.04857016	4.891766485	43.6823866	5.654315305	613.1366321	0.00922195	28.25297226	Lucas0305	WL_coniferous	Woodland	U420	U420	0-20	21.68978102	20.05210918	39.89454094	39.80887097	3.9	18.64	201.6	1	43.5	12.3	140	1.067405006	7	0.958767383	continental	2	16.3902439	Summer	1602	3.804166635	7.474999905	22.58308167	913.8690426	21.29999924	-11.80000019	33.09999943	13.54999971	-2.916666647	15.3499999	-7.300000032	592	81	28	35.65439819	219	92	213	112	27.06.2018	7.920134068	-0.647412837	LUCAS
Lucas0306	30301704	447.9928284	9.934261507	0	216	6	9.577237129	22.58420086	16.73489706	37.3773108	0.014320221	297.115942	4.82E-05	4.193822613	Lucas0306	CL_permanent	Cropland	U111	U111	0-20	9	43	9	48	8.25	16.05	11.7	484	5.9	1	393.2	1.210228414	4	0.172301427	atlantic	1	11.7	Summer	998	16.52916673	13.52500019	42.66561377	637.6215195	34.90000153	3.200000048	31.70000148	10.18333336	24.68333403	24.88333368	9.333333294	580	94	3	62.14346477	258	26	31	238	25.06.2018	3.689622402	0.240672022	LUCAS
Lucas0307	31162082	988.2896118	6.795404328	90	0	6	49.20802307	18.18612385	12.73594826	41.63241778	1.458771353	111.2120018	0.013117032	13.16502639	Lucas0307	CL_annual	Cropland	U420	U420	0-20	12	29	57	14	7.04	17.65	4.4	2	13.3	0.6	106.6	1.376014919	4	0.961354746	atlantic	1	7.333333333	Summer	1250	11.25833334	10.54999992	36.75958209	659.1035009	27.89999962	-0.800000012	28.69999963	13.13333337	19.6833334	19.83333333	3.783333396	419	53	18	30.92318522	135	66	74	105	15.06.2018	17.16030693	1.743964195	LUCAS
Lucas0308	38282398	1310.783569	0.013985751	90	0	6	76.01215363	14.00444841	8.783783285	78.83568894	2.633008501	425.7213353	0.006184817	19.54962469	Lucas0308	WL_coniferous	Woodland	U120	U120	0-20	38	16	33	50	4.55	5.8	51.1	1	11.7	3.9	84.2	0.886065584	4	1.617126808	atlantic	2	13.1025641	Summer	952	6.608333325	7.700000016	33.18965517	574.9855079	20	-3.200000048	23.20000005	3.833333381	13.96666654	13.96666678	0.266666691	1296	177	54	29.85145832	433	210	238	349	26.06.2018	18.49412346	0.614577413	LUCAS
Lucas0309	28742296	549.7337646	0.48314327	0	304.9411765	6	141.5403137	17.62676859	12.56248866	78.95954232	1.903822938	362.7840376	0.005247813	17.30449251	Lucas0309	WL_coniferous	Woodland	U111	U111	0-20	21	11	64	25	4.12	6.78	44.2	0	5.6	2.2	62.8	0.900937392	9	2.795760379	mediterranean	2	20.09090909	Summer	1216	12.42499996	10.80000001	43.02788988	505.8049362	26.79999924	1.700000048	25.09999919	7.350000024	18.73333327	19	6.566666643	1787	256	36	49.45118889	711	149	184	691	14.06.2018	17.66179848	1.925324082	LUCAS
Lucas0310	41922438	217.4125366	21.47405778	7.252246865	84.70588235	6	37.76930618	22.2538414	13.65116049	65.26036172	0.871515846	290.8327606	0.002996622	12.80173131	Lucas0310	CL_permanent	Cropland	U111	U111	0-20	2	38	14	49	8.01	17.5	27.9	80	9.5	1.3	331	0.89548136	7	0.683559825	continental	1	21.46153846	Summer	1888	12.47500002	9.216666789	31.13738702	745.0915129	28.20000076	-1.399999976	29.60000074	11.99999984	3.350000001	21.73333343	3.350000001	733	89	39	26.93931186	228	135	161	135	25.06.2018	20.05731773	0.145144641	LUCAS
Lucas0311	34002034	1171.831299	9.699335257	90	0	6	70.50174713	17.83240271	11.48883463	29.05249164	0.846938776	171.4438455	0.004940036	13.44775871	Lucas0311	Other bare soil	Bareland	U111	U111	0-20	21	45	20	35	8.33	20.4	6.3	438	12.1	1	281.7	1.575436121	4	1.386945007	atlantic	Bareland	6.3	Summer	1456	10.025	14.18333319	42.97979818	665.1947759	29.39999962	-3.599999905	32.99999952	11.88333318	3.533333321	18.73333327	2.566666683	487	75	23	36.50616406	184	78	132	84	18.06.2018	13.40480423	0.82847172	LUCAS
Lucas0312	46761582	278.7016907	7.407820516	7.252246865	76.23529412	7	0.538953066	26.33151817	17.46651509	36.44630643	1.080015537	222.9667897	0.00484384	14.36886745	Lucas0312	CL_annual	Cropland	U111	U111	0-20	26	37	13	50	8.25	19.05	11.9	349	4.9	1.4	433.5	1.175892714	6	0.009083757	boreal	1	8.5	Summer	1709	16.79999989	8.583333135	36.83834009	551.5185522	29.89999962	6.599999905	23.29999971	15.05000003	23.54999987	23.86666616	10.70000005	429	70	2	66.28949381	199	16	42	134	10.07.2018	1.958128452	-0.42069903	LUCAS
Lucas0313	37682420	1209.388794	0.739067419	90	0	5	128.7682495	10.03533673	8.107589446	69.62692522	1.908263146	487.4951059	0.003914425	26.97805851	Lucas0313	GL_managed	Grassland	U111	U111	0-20	28	7	42	50	5.57	14.64	127.9	2	15.4	11.2	170.2	0.881925591	4	2.99215155	atlantic	3	11.41964286	Spring	2015	6.695833287	9.024999895	36.09999958	584.6034284	21	-4	25	3.866666615	14.06666644	14.06666644	-0.066666643	1065	127	54	21.84487324	326	200	200	283	30.05.2018	23.5522213	0.852243006	LUCAS
Lucas0314	39482532	192.3805695	1.629467991	90	0	6	68.74471283	21.04332542	12.24617316	73.55236174	0.786800215	234.2982174	0.003358114	7.800131926	Lucas0314	CL_annual	Cropland	U111	NA	0-20	11	20	29	52	6.61	12.29	8.9	2	36.9	1.1	182.9	1.067405006	7	1.272029659	continental	1	8.090909091	Summer	3216	11.62916676	9.208333492	34.10493886	660.3492834	26.5	-0.5	27	11.84999998	4.950000147	19.90000025	3.650000095	937	103	63	18.41485502	286	191	219	194	19.06.2018	17.22254753	0.271679521	LUCAS
Lucas0315	52844586	154.256012	0.079277145	0	52.23529412	6	67.65058136	13.22991085	3.409189933	43.22583008	1.953160018	372.7497385	0.00523987	25.95419847	Lucas0315	WL_coniferous	Woodland	U120	U120	0-20	7	4	63	33	4.88	6.89	70.4	0	17.2	3.5	62.5	0.754397017	7	1.463350894	continental	2	20.11428571	Summer	1408	1.895833328	8.624999942	23.76033029	962.7622546	21.10000038	-15.19999981	36.30000019	14.0999999	-4.966666589	14.0999999	-9.883333206	655	80	35	28.64684765	224	108	224	133	30.06.2018	12.80060101	-0.189220667	LUCAS
Lucas0316	51104260	119.8799973	0.058803828	0	0	6	47.06379318	15.23600817	5.231882597	46.5537259	1.512145749	572.0615385	0.002643327	18.19837721	Lucas0316	GL_managed	Grassland	U111	U111	0-20	6	24	6	70	5.32	12.14	117.1	0	37.4	5.9	121.8	0.770617612	6	0.975698342	boreal	3	19.84745763	Summer	1988	4.108333295	8.166666677	25.52083412	844.7587862	21.29999924	-10.69999981	31.99999905	13.18333316	-2.399999956	14.91666651	-5.916666587	636	80	33	30.63325495	219	105	210	131	18.06.2018	7.383958817	-0.571698248	LUCAS
Lucas0317	41243258	29.00205231	0.329346791	0	266.8235294	6	52.84841919	17.87038469	10.50855074	60.70075949	2.47146402	219.1364764	0.011278195	46.31140716	Lucas0317	WL_broadleaved	Woodland	U120	U120	0-20	31	7	51	42	3.79	18.66	151.2	0	49.2	7.3	170.2	0.660585671	7	1.038883812	continental	2	20.71232877	Summer	1545	9.454166736	7.775000242	34.40265477	573.2104967	22.20000076	-0.400000006	22.60000077	3.699999938	5.300000007	16.61666679	2.616666699	789	78	46	16.93883958	221	158	216	197	25.06.2018	5.258965492	-0.441972941	LUCAS
Lucas0318	47284000	18.78887558	0.608470245	0	112.9411765	6	31.09149361	16.36477518	7.477213433	40.73280334	1.427163833	774.8911643	0.00184176	13.57488729	Lucas0318	GL_managed	Grassland	U111	U111	0-20	85	31	18	51	6.19	20.6	34.2	1	52.6	3.3	221.9	0.997332975	6	0.629831565	boreal	3	10.36363636	Summer	749	6.425000022	7.300000002	27.13754734	725.7582203	21.29999924	-5.599999905	26.89999914	14.74999992	0.766666671	15.7833333	-2.083333264	595	69	32	27.78547003	194	98	182	130	18.06.2018	4.122686863	-0.58100009	LUCAS
Lucas0319	33181812	764.5072021	0.738675141	0	159.5294118	6	46.53055954	20.96991825	14.93639715	25.10897586	0	77.102842	0	7.671781187	Lucas0319	CL_permanent	Cropland	U111	U111	0-20	37	18	58	24	8.51	15.7	6.4	380	28.5	0.7	302.9	1.353625907	4	0.86215731	atlantic	1	9.142857143	Summer	3454	13.7833333	13.35000006	40.09009027	706.7059641	33	-0.300000012	33.30000001	11.88333317	22.88333305	23.0333333	5.866666754	376	48	11	36.29206766	125	53	55	85	20.06.2018	6.668207169	0.929270208	LUCAS
Lucas0320	44442424	4.778803825	1.958531433	0	223.0588235	7	33.24702454	26.357728	14.65877267	55.79582214	0.638093408	171.1472868	0.003728329	13.18204572	Lucas0320	CL_annual	Cropland	U111	U111	0-20	7	26	17	57	8.13	21.48	11.4	116	9.6	1	100.4	1.319302442	7	0.560112822	continental	1	11.4	Summer	2828	13.85833331	8.316666595	28.00224515	809.1236291	29.79999924	0.100000001	29.69999924	14.28333346	3.800000048	23.68333308	3.800000048	643	66	39	16.28293418	191	134	159	134	03.07.2018	7.611491203	0.52643317	LUCAS
Lucas0321	52763758	95.1034317	0.511018175	0	15.52941176	6	45.27939987	16.85762215	7.1269402	48.05127134	1.253679318	342.0294345	0.003665414	13.60214154	Lucas0321	GL_unmanaged	Grassland	U420	U420	0-20	16	16	63	21	6.81	10.72	38.4	4	8.1	3.3	149.6	0.914139058	6	0.908174075	boreal	3	11.63636364	Summer	2761	6.120833326	7.874999903	25.65146564	836.5227182	23	-7.699999809	30.69999981	16.4666667	-3.316666583	16.4666667	-4.166666587	639	76	30	27.96772913	219	105	219	120	12.06.2018	5.333302498	-0.78250438	LUCAS
Lucas0322	33241828	909.0899658	2.73736769	0	168	6	52.48823547	20.41886044	14.1214966	26.2667291	0.61405672	285.1952322	0.00215311	6.118736564	Lucas0322	CL_annual	Cropland	U111	U111	0-20	8	23	52	25	8.29	14.92	11.3	105	13.5	1	279.5	1.353957374	4	0.982578719	atlantic	1	11.3	Summer	1915	13.00416665	13.70833308	40.20039121	719.0064345	32.79999924	-1.299999952	34.09999919	14.91666706	22.24999968	22.43333324	4.933333372	416	52	14	33.99001658	141	64	68	90	20.06.2018	5.506119251	0.51143676	LUCAS
Lucas0323	46803982	99.68348694	0.004474845	5.126400082	355.7647059	6	34.69011307	16.9310751	7.089491167	45.85139365	3.88944495	523.992569	0.00742271	26.35282292	Lucas0323	WL_coniferous	Woodland	U120	U120	0-20	26	0	0	3.78	4.2	14.45	177.1	0	31.3	6.4	208.2	0.72085273	7	0.694759987	continental	2	27.671875	Summer	408	5.958333363	8.400000036	29.47368483	731.8619912	21.89999962	-6.599999905	28.49999952	14.13333337	0.333333346	15.41666683	-2.566666643	618	73	32	26.99244418	205	108	196	129	25.06.2018	6.270542622	-0.195560813	LUCAS
Lucas0324	27162028	304.1325989	2.163222035	12.57811866	50.82352941	6	40.61499405	18.60340405	15.77056458	52.86499003	0.672559853	679.0103131	0.0009905	9.830621056	Lucas0324	CL_permanent	Cropland	U111	U111	0-20	34	33	14	54	7.33	25.1	34.1	280	5.6	3.5	417.6	0.878974025	9	0.787060366	mediterranean	1	9.742857143	Summer	1229	14.75833338	8.633333484	41.1111109	433.2951684	26.60000038	5.599999905	21.00000048	10.51666657	20.05000003	20.38333352	9.716666698	828	120	9	57.52147296	346	48	54	337	20.06.2018	11.10646152	1.398015261	LUCAS
Lucas0325	33401850	1070.853027	1.781939007	8.88512427	159.5294118	6	53.71317291	19.7006464	14.72982914	26.87657522	0.978951189	343.1951854	0.002852462	9.313806154	Lucas0325	WL_coniferous	Woodland	U112	U111	0-20	12	23	19	58	7.74	15.99	28.4	494	4.2	2.6	361	1.100467655	9	1.019212791	mediterranean	2	10.92307692	Summer	1390	11.86249986	12.74166635	38.378514	716.7005322	31.29999924	-1.899999976	33.19999921	13.84999983	21.03333314	21.29999987	3.833333244	436	55	16	32.95114658	150	70	76	95	18.06.2018	8.155396461	0.994548559	LUCAS
Lucas0326	56621496	120.3281708	2.625950708	5.126400082	76.23529412	6	31.55472374	24.62019825	17.29987697	34.10741304	0.462221553	293.5315071	0.001574691	5.758865248	Lucas0326	CL_permanent	Cropland	U111	U111	0-20	3	20	32	48	7.84	28.9	24.8	527	12.9	2.3	267.7	1.282833417	7	0.54763303	continental	1	10.7826087	Summer	2524	17.86666677	7.366666675	34.10493846	547.4666248	29.5	7.900000095	21.5999999	11.61666671	24.73333359	24.73333359	11.58333341	610	120	1	84.65128848	315	6	6	291	26.06.2018	10.4619034	-0.0561357	LUCAS
Lucas0327	49744242	32.86007309	0.057285735	0	269.6470588	6	41.81067657	14.98142385	6.1265507	39.5797354	1.002142162	206.376631	0.00485589	15.13799372	Lucas0327	CL_annual	Cropland	U111	U111	0-20	9	30	20	49	5.66	11.97	52.5	0	60.6	3.9	132.9	0.931880037	1	0.871392994	alpine	1	13.46153846	Summer	1101	4.70000004	7.40000012	24.74916381	800.7042445	20.70000076	-9.199999809	29.90000057	13.63333352	-1.649999956	14.98333359	-4.716666708	642	77	32	29.30040261	216	108	204	135	21.06.2018	8.904415131	-0.549363971	LUCAS
Lucas0328	32122142	1028.845093	3.657992138	90	0	6	56.12744904	18.53515863	11.07852293	37.74983667	0.70029347	307.7637564	0.002275425	9.928960846	Lucas0328	WL_broadleaved	Woodland	U420	U420	0-20	26	31	26	43	7.72	17.16	28.2	591	1.4	2.2	333.1	1.056725271	9	1.089109853	mediterranean	2	12.81818182	Summer	1724	10.91250008	11.80833353	39.10044117	662.4991494	28.70000076	-1.5	30.20000076	12.6333334	19.48333343	19.53333346	3.466666636	420	50	15	29.3733657	129	63	70	115	19.06.2018	10.11603832	1.060714245	LUCAS
Lucas0329	41302368	496.5337524	2.134220137	0	4.235294118	6	39.75717163	22.09610271	13.0229063	69.08346357	3.2825937	700.566567	0.004685627	27.74547267	Lucas0329	WL_broadleaved	Woodland	U120	U111	0-20	13	20	41	39	6.38	25.9	38.5	1	31.7	3.8	126.5	0.78479259	7	0.721596804	continental	2	10.13157895	Summer	3872	12.57083327	8.008333405	29.44240262	705.5186828	26.89999962	-0.300000012	27.19999963	12.79999999	21.44999981	21.44999981	4.016666691	731	98	29	29.00975029	238	134	134	151	18.06.2018	20.24127769	1.024266481	LUCAS
Lucas0330	41463292	18.40452194	0.302153649	0	189.1764706	6	50.51834488	17.60791016	10.59414055	59.22487098	0.690489696	146.1013424	0.004726101	12.37574553	Lucas0330	CL_annual	Cropland	U111	U111	0-20	23	3	88	9	5.37	7.42	30.7	1	102.7	2.4	70.2	1.214591294	7	0.998230212	continental	1	12.79166667	Summer	2127	9.245833263	7.758333236	34.32890809	572.599562	22	-0.600000024	22.60000002	16.38333321	5.033333302	16.38333321	2.416666706	789	81	48	15.46544811	225	158	225	191	25.06.2018	4.843182087	-0.519144237	LUCAS
Lucas0331	43022698	521.397522	0.537896512	21.87483272	283.7647059	7	87.77518463	18.78011084	6.786056493	108.3312241	5.796956847	938.0442338	0.006179833	33.19446759	Lucas0331	WL_broadleaved	Woodland	U120	U120	0-20	11	61	28	3.57	5.97	22.1	144.2	22	16.5	8.1	209.2	0.810970464	7	1.695152506	continental	2	17.80246914	Summer	2287	9.012500038	7.791666607	30.67585382	668.6184034	22.79999924	-2.599999905	25.39999914	17.19999997	2.016666691	17.19999997	0.766666671	1437	180	76	30.63291847	521	243	521	247	09.07.2018	17.7491703	-0.463027477	LUCAS
Lucas0332	34483786	390.9576235	2.491243768	90	0	7	51.87919999	17.82700561	#DIV/0!	#DIV/0!	3.962268084	900.5479814	0.004399841	18.70869344	Lucas0332	D20	Shrubland	U111	U111	0-20	40	18	42	40	5.03	9.93	66.2	0	14.5	6	141.6	0.890802585	9	1.046412543	mediterranean	Shrubland	11.03333333	Summer	NA	7.474999986	6.249999917	37.20238215	410.4127635	16.79999924	0	16.79999924	3.533333292	8.883333365	12.66666667	2.816666649	1555	199	76	31.92288339	536	245	275	497	10.07.2018	11.33817673	-1.800604343	LUCAS
Lucas0333	43182690	996.5009766	3.457655409	10.2630959	128.4705882	7	91.69928741	16.86178207	6.786056493	108.3312241	4.341074313	1003.140145	0.004327485	29.72896268	Lucas0333	GL_managed	Grassland	U111	NA	0-20	22	31	25	44	7.23	54	59.9	51	9.5	5.9	90.7	0.991890714	7	1.839069596	continental	3	10.15254237	Summer	2435	6.950000028	8.733333508	33.58974303	651.4459512	20.70000076	-5.300000191	26.00000095	14.88333337	0.016666571	14.88333337	-1.00000004	1542	190	98	25.36749255	539	303	539	307	09.07.2018	21.39771652	0.151808515	LUCAS
Lucas0334	37442866	138.8373871	3.258590989	90	0	7	39.04209137	21.62445974	11.97160866	50.96958321	0.310529129	249.1133678	0.001246537	7.207802943	Lucas0334	CL_annual	Cropland	U111	U111	NA	15	21	24	55	6.31	5.9	10	2	24.7	1.3	132.1	1.067405006	9	0.71473643	mediterranean	1	7.692307692	Summer	1516	10.4666666	7.866666665	34.05483515	564.0854569	23.79999924	0.699999988	23.09999925	7.300000072	6.550000062	17.56666629	3.76666675	650	62	43	9.555445823	174	152	153	162	10.07.2018	7.912394047	0.04838644	LUCAS
Lucas0335	39762280	525.9956055	0.017962688	90	0	7	16.29545021	24.03219795	14.0817707	49.29771534	2.219690967	1144.428817	0.001939562	16.45150612	Lucas0335	WL_broadleaved	Woodland	U420	U420	0-20	40	23	14	63	7.04	23.6	119.3	9	16.3	6.7	301.5	0.68376737	9	0.285723693	mediterranean	2	17.80597015	Summer	1396	12.56250005	10.14166678	37.84203972	604.4837152	27.60000038	0.800000012	26.80000037	13.25000032	20.29999987	20.29999987	5.633333415	741	102	19	33.15858753	248	108	108	202	10.07.2018	4.359287262	0.33771044	LUCAS
Lucas0336	31063480	33.0913353	0.040080791	0	128.4705882	7	59.59395599	16.85066271	10.03544014	75.09959171	0.501510574	205.3341627	0.002442412	5.093607691	Lucas0336	GL_managed	Grassland	U111	U111	0-20	5	12	79	9	5.3	6.39	28	1	37.4	2.9	46	1.328136411	9	1.195449624	mediterranean	3	9.655172414	Summer	752	9.950000038	6.800000052	40.2366876	385.2744019	19.39999962	2.5	16.89999962	7.983333429	11.1500001	14.91666683	5.633333365	1017	108	61	20.83829775	320	196	234	281	02.07.2018	8.500432968	-1.556313157	LUCAS
Lucas0337	42182510	254.0207977	7.106585769	0	275.2941176	6	65.21170044	21.34941339	12.2683497	92.99240996	1.103164557	173.8914205	0.006343985	21.67878387	Lucas0337	GL_managed	Grassland	U111	U111	0-20	11	14	43	43	5.45	16.75	44.4	1	32.6	3.6	82.7	1.059465038	9	1.199860244	mediterranean	3	12.33333333	Summer	2055	11.27916685	10.77500034	34.75806482	747.4881067	27.70000076	-3.299999952	31.00000072	14.88333368	2.100000024	20.55000035	2.100000024	1133	138	55	24.55200745	346	196	277	196	19.06.2018	15.83402824	-0.47886467	LUCAS
Lucas0338	30061684	416.2096558	3.315966315	0	340.2352941	6	7.453229427	21.66020727	16.83162433	38.40290572	0.170857227	519.4059697	0.000328947	3.257467994	Lucas0338	CL_annual	Cropland	U111	U111	0-20	18	26	35	38	8.18	17.51	7.8	480	9.8	1.2	255	1.234028673	9	0.136355674	mediterranean	1	6.5	Summer	1298	16.34166671	12.81666706	43.153759	598.4215363	33.40000153	3.700000048	29.70000148	10.48333339	23.95000013	24.2166667	9.600000024	620	104	2	67.02941567	290	22	28	265	25.06.2018	2.659438133	0.292357206	LUCAS
Lucas0339	46202106	649.3493042	1.798028886	0	125.6470588	6	78.62651062	19.79253912	11.28100696	60.59996334	1.014501761	234.7912437	0.004320867	20.24124256	Lucas0339	CL_annual	Cropland	U111	U111	0-20	3	43	2	56	8.05	51.19	15.2	508	72.2	2.1	483.6	0.60301809	7	1.48934891	continental	1	7.238095238	Summer	3144	11.79999999	10.03333331	36.09112601	669.3314141	27.20000076	-0.600000024	27.80000079	12.68333324	4.750000134	20.2166667	3.966666773	888	106	57	22.59882897	299	178	192	200	19.06.2018	14.17687607	1.127658129	LUCAS
Lucas0340	29281840	578.3233643	8.00051162	0	225.8823529	7	2.324692488	25.03341198	15.97140086	37.60408371	0	309.9855616	0	2.849569251	Lucas0340	CL_annual	Cropland	U111	U111	0-20	4	26	24	50	7.95	20	6.6	9	6.6	0.9	93.8	1.237825986	9	0.040057829	mediterranean	1	7.333333333	Summer	1377	15.25416675	13.45833352	41.66666624	659.0953232	34.20000076	1.899999976	32.30000079	8.666666766	23.71666702	23.85000022	7.783333321	651	107	5	60.79412893	288	36	39	262	01.07.2018	1.960233331	-0.634353638	LUCAS
Lucas0341	51424242	47.47709656	0.33794588	0	114.3529412	6	43.63838196	15.49536467	5.819316237	48.01100279	1.137892555	306.1989479	0.003716187	11.33568905	Lucas0341	CL_annual	Cropland	U111	U111	0-20	19	66	11	23	6.17	7.06	22	0	34.4	1.9	123.8	1.183656485	6	0.899846455	boreal	1	11.57894737	Summer	2095	4.512499904	8.224999954	25.30769217	855.6154701	21.89999962	-10.60000038	32.5	13.73333311	3.48333325	15.43333308	-5.633333445	666	80	35	28.89103623	219	112	202	143	18.06.2018	5.459188461	-0.51985836	LUCAS
Lucas0342	46121612	159.0039063	14.24627272	8.88512427	334.5882353	6	8.929479599	22.95414257	17.58163061	41.29663698	0.797004033	279.8440561	0.002848029	13.24558481	Lucas0342	CL_permanent	Cropland	U111	U111	0-20	32	38	26	36	8.21	19.86	16.8	215	4.3	1.4	312.5	1.554336809	7	0.159585675	continental	1	12	Summer	1114	17.47916645	7.724999706	34.79729627	547.0684597	29.89999962	7.699999809	22.19999981	15.7166667	24.18333308	24.48333295	11.41666643	472	71	2	64.3876346	204	14	38	157	26.06.2018	4.549381733	0.855635226	LUCAS
Lucas0343	41062870	220.0036163	1.061833099	0	121.4117647	5	98.98602295	16.21136951	10.59095629	62.53676224	1.526030579	656.6000903	0.00232414	14.56679894	Lucas0343	GL_managed	Grassland	U111	U111	0-20	14	38	10	52	5.76	13.94	43.5	2	23.7	4.7	131.5	1.072468389	1	2.011446215	alpine	3	9.255319149	Spring	1653	9.629166643	8.474999865	33.76494079	634.1223634	23.79999924	-1.299999952	25.09999919	5.76666671	5.533333321	17.5999999	1.99999998	785	81	53	13.21134159	224	167	197	200	22.05.2018	17.42793083	0.084928848	LUCAS
Lucas0344	45042534	44.3729248	9.429317898	0	18.35294118	6	77.1053772	23.0306778	12.69115649	84.48798431	1.162606577	256.9641359	0.004524392	18.11835106	Lucas0344	CL_permanent	Cropland	U111	U111	0-20	9	29	16	56	7.81	19.24	26.7	17	43.3	2.1	276.5	1.333534549	6	1.376127868	boreal	1	12.71428571	Summer	3766	12.95416668	9.725000014	32.20198764	766.2258605	28.79999924	-1.399999976	30.19999921	16.81666676	3.533333401	22.41666651	3.533333401	955	107	48	21.58787482	283	170	268	170	26.06.2018	19.98277092	-0.007208902	LUCAS
Lucas0345	29901692	445.3892212	1.431500309	0	304.9411765	6	7.981158733	21.57735538	16.86028496	41.97625331	0.379328529	165.581766	0.002290883	5.811258278	Lucas0345	CL_permanent	Cropland	U111	U111	0-20	15	23	50	27	8.21	18.28	9.5	534	25.1	1	195.1	1.301225637	9	0.146235718	mediterranean	1	9.5	Summer	1628	16.11249994	12.39166675	42.29237806	595.6551799	33	3.700000048	29.29999995	10.30000015	23.69999981	23.93333292	9.383333484	624	106	2	67.20603414	291	22	27	267	25.06.2018	2.87629962	0.44677484	LUCAS
Lucas0346	47842050	112.2392883	0.975800329	0	69.17647059	7	34.81679535	26.29486561	16.43157894	40.50735283	0.725008088	232.1368489	0.003123193	11.69832881	Lucas0346	CL_annual	Cropland	U111	U112	0-20	52	42	21	37	7.56	15.52	17.5	1	11.5	1.9	1778.5	1.038356253	6	0.58718061	boreal	1	9.210526316	Summer	2159	15.43333336	10.18333348	36.76293762	656.777026	31.29999924	3.599999905	27.69999933	12.41666691	23.88333337	23.88333337	8.116666635	508	64	27	25.24756391	169	88	88	136	02.07.2018	3.591890335	0.45964694	LUCAS
Lucas0347	42863320	49.41375732	0.825085183	0	151.0588235	7	48.42258072	20.38098383	9.868213101	57.82178698	0.393918088	113.8374641	0.003460355	6.214968678	Lucas0347	CL_annual	Cropland	U111	U111	0-20	5	6	77	17	6.16	12.59	25.3	1	67.9	1.7	62.6	1.359486827	6	0.907112931	boreal	1	14.88235294	Summer	1719	8.783333307	8.066666514	33.61111097	612.9708996	22.39999962	-1.600000024	23.99999964	16.46666654	4.383333405	16.46666654	1.50000004	751	76	47	14.49929268	211	155	211	189	02.07.2018	3.919708252	-0.848611414	LUCAS
Lucas0348	52324108	118.8364258	0.315665773	0	245.6470588	6	50.48839188	14.92601299	5.817990956	48.26861793	0.879803142	252.1369172	0.003489386	11.80300501	Lucas0348	CL_annual	Cropland	U111	U111	0-20	4	20	39	41	7.38	15.13	17.4	14	15.1	1.8	99	1.629607658	6	1.053465305	boreal	1	9.666666667	Summer	2269	4.983333292	8.050000186	25.80128202	840.5607756	22.60000038	-8.600000381	31.20000076	14.49999984	-1.150000026	15.64999978	-4.983333389	664	88	32	35.32770083	234	97	226	122	15.06.2018	4.989875793	-0.743535101	LUCAS
Lucas0349	41383284	27.6184864	0.274739316	0	153.8823529	6	49.79922485	17.71155071	10.59414055	59.22487098	1.752572528	419.4445403	0.004086278	2.256919801	Lucas0349	WL_coniferous	Woodland	U120	U120	0-20	2	1	90	9	4.72	4.94	14.7	3	16.9	0.8	15.1	1.425422605	7	0.982009506	continental	2	18.375	Summer	1362	9.337499924	7.641666676	33.962963	571.5136354	22	-0.5	22.5	16.48333327	5.100000064	16.48333327	2.549999982	771	79	45	16.15485872	219	153	219	190	25.06.2018	4.843182087	-0.519144237	LUCAS
Lucas0350	39822308	287.3369751	0.820362912	90	0	6	43.01541901	21.55314207	13.2616805	51.15493684	0.668969488	288.1028593	0.002321981	13.06306306	Lucas0350	CL_annual	Cropland	U111	U111	0-20	31	44	4	53	8.12	19.45	15	381	13.2	1.9	482	1.260310881	7	0.788504885	continental	1	7.894736842	Summer	2340	13.49166669	11.35000011	39.00343582	642.8199076	29.70000076	0.600000024	29.10000074	14.03333362	21.69999997	21.69999997	5.966666599	697	95	24	28.99793597	231	117	117	172	19.06.2018	20.55057335	1.575626731	LUCAS
Lucas0351	30962066	1490.759399	0.924249338	90	0	6	55.83345795	16.58740187	12.72461193	36.62849416	2.476072094	376.580761	0.006575142	20.45154911	Lucas0351	GL_managed	Grassland	U111	U111	0-20	13	13	41	46	4.92	46	47.5	1	18.3	4.2	147.8	0.806383813	9	1.125960543	mediterranean	3	11.30952381	Summer	972	9.058333326	9.416666728	33.75149411	663.1701775	25.89999962	-2	27.89999962	5.383333405	17.86666648	17.86666648	1.900000056	652	79	20	37.35911261	228	78	78	194	18.06.2018	14.52990627	1.547501087	LUCAS
Lucas0352	52084354	82.04804993	0.005650995	0	98.82352941	6	47.00654602	14.71247292	4.7879918	42.75025187	0.426891991	177.3593926	0.002406932	3.04886736	Lucas0352	WL_broadleaved	Woodland	U120	U120	0-20	21	4	73	23	5.02	5.55	31.3	1	23.8	1.7	56.3	1.067405006	6	0.985204563	boreal	2	18.41176471	Summer	1833	3.862500064	7.725000009	23.26807178	907.8774612	21.70000076	-11.5	33.20000076	13.56666684	-2.849999974	15.38333352	-7.133333286	591	75	29	31.74028687	208	95	202	116	27.06.2018	13.58686256	-0.0517518	LUCAS
Lucas0353	33363162	242.6424561	5.124332878	5.126400082	111.5294118	6	24.81638336	15.05233049	10.26102563	83.61740715	3.757279345	604.3492569	0.006217066	26.90389092	Lucas0353	GL_managed	Grassland	U111	U111	0-20	23	31	17	51	5.52	13.08	59.3	0	67.2	6.2	163.7	0.651111681	4	0.516444949	atlantic	3	9.564516129	Summer	1160	9.266666591	6.416666389	37.30620086	403.8019994	18.89999962	1.700000048	17.19999957	5.716666619	12.81666652	14.39999978	4.75000004	1251	148	72	26.90126833	432	223	234	398	18.06.2018	11.81613731	-1.002200484	LUCAS
Lucas0354	39942574	1093.642212	0.03939583	90	0	6	84.09731293	16.99801111	9.853463474	91.66628787	12.42932752	2190.386883	0.00567449	46.32352941	Lucas0354	WL_broadleaved	Woodland	U120	U120	0-20	16	49	8	43	6.14	75.7	259.1	2	38.9	15.2	173.7	0.262112159	7	1.682013165	continental	2	17.04605263	Summer	1218	7.24166661	7.883333335	32.04607059	623.6543001	21	-3.599999905	24.5999999	3.799999952	15.04999987	15.04999987	-0.133333325	1323	129	91	11.38370678	373	301	301	349	26.06.2018	18.94021034	-0.441131443	LUCAS
Lucas0355	34543662	183.8063812	1.073280854	0	237.1764706	6	52.8571701	13.90094566	7.665828454	91.95919358	3.155803316	479.6821041	0.006578947	42.40079038	Lucas0355	WL_broadleaved	Woodland	U420	U420	0-20	29	17	48	35	5.82	30.7	63.6	40	107.2	5.4	376.3	0.217838291	7	1.126995828	continental	2	11.77777778	Summer	1356	8.150000053	6.550000037	37.86127186	409.023237	18	0.699999988	17.30000001	5.98333327	9.583333492	13.43333356	3.516666621	1349	154	68	29.95545447	454	214	250	412	20.06.2018	19.92827797	-0.17540203	LUCAS
Lucas0356	31123392	40.9809227	0.143037425	0	88.94117647	6	22.31485939	15.55521965	10.08137176	73.28531486	2.407763023	571.3067756	0.004214484	18.21219716	Lucas0356	GL_managed	Grassland	U111	U111	0-20	15	13	63	25	5.9	41.3	41.3	2	38.2	4.7	169.5	1.159271399	4	0.459576943	atlantic	3	8.787234043	Summer	1042	9.729166716	6.974999964	40.08620647	397.3689567	19.5	2.099999905	17.4000001	5.800000032	13.3833336	14.78333346	5.116666675	1408	166	79	26.19677006	464	250	269	452	18.06.2018	11.90974712	-0.676871717	LUCAS
Lucas0357	34602380	78.14051056	0.331373022	90	0	6	64.00911713	19.80613804	14.0161172	76.14541124	1.181835674	260.5575011	0.004535796	13.28216252	Lucas0357	WL_coniferous	Woodland	U120	U120	0-20	3	14	55	31	5.11	5.06	13.7	1	6.3	1.2	49.1	1.208787903	4	1.212152971	atlantic	2	11.41666667	Summer	2021	12.77083322	10.44166666	43.14738154	514.3639386	25.70000076	1.5	24.20000076	7.350000024	19.0999999	19.0999999	6.666666746	1015	124	50	22.7961559	329	194	194	312	25.06.2018	14.27559948	0.370574206	LUCAS
Lucas0358	37242276	173.7925873	3.882051521	90	0	6	40.08992767	21.28928089	13.67347552	51.70901068	1.194470744	324.696964	0.003678725	11.43719604	Lucas0358	CL_permanent	Cropland	U415	U410	0-20	18	30	22	48	8.14	14.98	16.7	534	13.9	1.5	306.8	1.067405006	7	0.738450151	continental	1	11.13333333	Summer	1478	13.69166658	8.933333437	35.44973646	590.5229972	27.89999962	2.700000048	25.19999957	10.40000006	21.26666625	21.26666625	6.933333317	660	79	22	27.0388472	208	104	104	192	18.06.2018	18.30129623	1.112887144	LUCAS
Lucas0359	51244342	110.2017212	0.001468908	0	176.4705882	6	48.68323898	14.66741419	4.832741675	44.08326721	6.097411003	616.8502697	0.00988475	48.46564376	Lucas0359	WL_broadleaved	Woodland	U120	U120	0-20	26	20.05210918	39.89454094	39.80887097	4.23	9.39	206.1	1	31.8	8.5	102.1	0.478977508	7	1.021310675	continental	2	24.24705882	Summer	1653	3.620833409	7.925000196	24.08814607	883.7586666	21.20000076	-11.69999981	32.90000057	13.08333357	-3.016666641	14.88333368	-7.000000079	630	85	30	34.49782557	230	98	223	121	25.06.2018	15.36387253	0.004241383	LUCAS
Lucas0360	35002236	1665.215576	11.62274673	90	0	6	115.5046387	12.0399816	7.325641983	68.35434221	3.103001017	724.3290946	0.004283966	35.09409046	Lucas0360	GL_managed	Grassland	U111	U111	0-20	17	16	28	55	4.88	20.47	76	63.28125023	18.5	7.7	197.1	0.86682787	4	2.564491249	atlantic	3	9.87012987	Summer	1838	5.533333426	10.13333351	35.68075109	654.58987	22.20000076	-6.199999809	28.40000057	2.49999994	14.00000032	14.00000032	-1.900000016	1160	120	60	18.80036116	339	216	216	310	19.06.2018	19.92733192	0.100936182	LUCAS
Lucas0361	44662142	142.2698975	11.02784999	0	289.4117647	7	6.546683311	25.78319645	15.42531184	51.75178297	0.624903475	206.0045045	0.003033446	14.25260718	Lucas0361	CL_annual	Cropland	U111	U111	0-20	6	40	14	46	8.15	18.86	9.8	290	3.7	1.2	260.2	1.067405006	7	0.111369978	continental	1	8.166666667	Summer	2297	14.89999999	9.53333352	35.57213911	639.5772762	30.20000076	3.400000095	26.80000067	11.7166667	23.01666657	23.01666673	7.666666627	455	59	9	40.04038014	163	48	72	142	09.07.2018	2.59036684	0.011575539	LUCAS
Lucas0362	32682270	527.2924805	7.452910052	90	0	7	55.01078033	21.02634382	11.86704214	52.12572479	0	234.9002615	0	7.763157895	Lucas0362	CL_annual	Cropland	U111	U111	0-20	29	35	15	50	8.15	16.53	10.4	454	10.5	1.3	133.6	1.282487147	1	1.018221416	alpine	1	8	Summer	1908	11.76666663	10.70000001	41.63424062	543.3663276	26.60000038	0.899999976	25.70000041	6.199999909	18.78333314	18.78333314	5.533333222	699	77	36	24.49108462	214	115	115	195	03.07.2018	6.665442944	1.466068029	LUCAS
Lucas0363	53504414	81.73719788	0.347689112	0	220.2352941	6	45.65316772	14.41466188	4.303913505	44.12468689	0.328594565	398.6250375	0.00082432	6.447811448	Lucas0363	CL_annual	Cropland	U111	U111	0-20	9	28	17	55	6.43	7.6	26.4	1	35.8	2.2	128.2	0.991349412	7	0.962849168	continental	1	12	Summer	3077	3.470833399	7.625000016	22.29532119	960.6140553	21.60000038	-12.60000038	34.20000076	13.81666684	-3.449999896	15.45000013	-8.349999984	607	83	30	33.4702876	215	94	208	123	29.06.2018	12.05529881	-0.188571751	LUCAS
Lucas0364	34383700	254.6864014	2.996236324	0	1.411764706	7	92.76357269	14.55420399	8.456391008	90.50974113	7.221941992	1361.894283	0.005302865	47.51819987	Lucas0364	GL_managed	Grassland	U111	U111	0-20	6	17	55	28	5.27	75.43	174	1	22.9	10	162.2	0.491049284	4	1.950691315	atlantic	3	17.4	Summer	783	7.387499977	6.324999951	37.87425207	402.9274983	16.89999962	0.200000003	16.69999962	3.549999975	8.766666691	12.5333333	2.833333269	1554	181	80	31.21306942	528	243	277	480	04.07.2018	11.1633625	-1.855378151	LUCAS
Lucas0365	34161996	1475.107544	6.086035331	8.88512427	149.6470588	7	28.09068871	19.98670387	10.26869749	31.40337814	1.764933308	307.2909337	0.005743525	14.59468384	Lucas0365	D20	Shrubland	U111	U111	0-20	61	20	34	46	7.29	31.6	36.9	25	4	4.1	375.1	1.34163788	4	0.530145992	atlantic	Shrubland	9	Summer	1568	8.179166704	14.60833337	43.21992097	673.8473642	28	-5.800000191	33.80000019	10.05000003	1.549999952	17.01666673	0.599999984	576	83	33	29.63818263	205	108	137	114	02.07.2018	15.04550076	0.282666177	LUCAS
Lucas0366	30462170	652.9014282	0.293638547	90	0	7	15.40540981	22.10805321	12.97301368	31.43169192	0.504559271	36.03861308	0.014000519	2.406064601	Lucas0366	CL_annual	Cropland	U111	U112	0-20	28	4	87	9	5.91	9.31	4.9	0	26.5	0.6	55.3	1.558537928	9	0.279549157	mediterranean	1	8.166666667	Summer	2375	12.50416674	11.67500023	41.25441666	599.6607449	28.70000076	0.400000006	28.30000076	6.149999922	20.05000035	20.13333368	5.516666695	474	57	15	34.62397248	160	63	66	150	02.07.2018	2.233752012	-0.373336434	LUCAS
Lucas0367	27181846	65.27561951	0.625809646	5.126400082	55.05882353	7	1.424845338	22.56809378	17.13316747	36.04403436	0.666723637	114.4589529	0.005825002	2.920192467	Lucas0367	CL_permanent	Cropland	U111	U111	0-20	17	7	76	17	6.3	8.15	5.1	0	15.3	0.5	94.9	1.480804593	9	0.025641429	mediterranean	1	10.2	Summer	2408	16.70416667	10.92499999	45.5208333	467.271863	30.5	6.5	24	12.13333321	22.38333321	22.66666667	11.19999989	564	99	3	65.14600928	258	23	29	242	02.07.2018	1.591204405	-0.424562514	LUCAS
Lucas0368	47361656	1223.979248	8.047329949	0	227.2941176	7	2.195129395	21.7497654	14.33718621	44.87060306	1.125314739	253.7209633	0.004435245	14.59057072	Lucas0368	GL_managed	Grassland	U111	U111	0-20	10	22	28	50	7.13	18.54	14.6	3	3.4	1.7	371.2	1.457276134	7	0.040093859	continental	3	8.588235294	Summer	1505	11.06250004	6.975000133	30.06465677	602.0311204	24.29999924	1.100000024	23.19999921	5.866666714	18.63333321	18.71666654	4.400000036	624	96	9	55.9944332	258	37	76	242	01.07.2018	6.013748646	0.300346732	LUCAS
Lucas0369	39882450	283.0809326	2.491243768	90	0	7	57.01699829	23.04701424	8.13500969	72.16694521	0.900569192	337.7282106	0.00266655	6.471468974	Lucas0369	GL_unmanaged	Grassland	U420	U420	0-20	56	24	25	51	7.85	16.36	45.2	131	12.1	2.7	177.8	1.212159186	4	1.017306614	atlantic	3	16.74074074	Summer	1860	11.69166672	10.23333343	35.04566338	681.7285278	27.79999924	-1.399999976	29.19999921	11.98333347	3.38333332	20.19999981	3.38333332	930	101	56	18.52019177	289	197	203	197	10.07.2018	11.4691658	-0.488546729	LUCAS
Lucas0370	32042062	761.3273926	2.280674389	90	0	7	3.850068569	24.14758015	13.46804348	33.59695655	0.528755972	248.7405179	0.002125733	6.035916196	Lucas0370	CL_annual	Cropland	U111	U112	0-20	11	14	64	22	7.29	12.84	12.7	1	24.9	1.3	240.6	1.357552914	4	0.067370632	atlantic	1	9.769230769	Summer	714	12.81666656	12.2666665	38.81856394	685.1852154	31.20000076	-0.400000006	31.60000077	8.833333313	21.74999984	21.74999984	5.133333301	388	50	11	37.19237459	138	51	51	108	03.07.2018	2.403972387	0.098614678	LUCAS
Lucas0371	44522550	1044.82373	0.21929853	36.86989765	160.9411765	7	65.82329559	19.67154694	9.17628346	80.7790696	3.024576271	603.4029661	0.005012531	21.13617377	Lucas0371	WL_broadleaved	Woodland	U120	U120	0-20	6	24	27	50	7.08	24.4	46	10	3.2	3.3	242.2	0.815840216	6	1.249693609	boreal	2	13.93939394	Summer	1435	8.841666589	8.149999916	29.96323546	708.4580969	23.39999962	-3.799999952	27.19999957	17.61666663	0.24999996	17.61666663	0.24999996	787	94	33	34.5369948	269	107	269	107	08.07.2018	24.01168442	0.313816845	LUCAS
Lucas0372	27461892	185.2051392	0.18626942	0	282.3529412	7	1.869292378	22.94358397	17.05282131	39.81931857	0.471997243	166.1334942	0.002841072	4.493087558	Lucas0372	WL_broadleaved	Woodland	U120	U120	0-20	8	10	71	19	5.74	5.85	12.9	1	2.1	1.1	52.6	1.275254702	9	0.033413883	mediterranean	2	11.72727273	Summer	1538	16.20000001	11.73333335	44.95529953	504.5024472	31.60000038	5.5	26.10000038	11.2166667	22.41666667	22.73333327	10.35000014	615	102	4	61.99584746	272	28	35	258	04.07.2018	2.029547215	-0.313214153	LUCAS
Lucas0373	48664836	220.1199951	0.000229677	0	0	7	60.45098495	18.31057739	1.735253072	42.87114957	1.188961449	226.3456218	0.005252858	20.2452957	Lucas0373	WL_coniferous	Woodland	U120	U120	0-20	44	4	72	24	4.26	5.18	32.7	0	8.9	1.4	66.6	0.791388184	7	1.178138856	continental	2	23.35714286	Summer	1636	0.404166681	8.891666884	24.76787328	972.955807	19.70000076	-16.20000076	35.90000153	11.10000006	-6.183333278	12.91666667	-11.20000013	670	81	36	26.57715872	224	119	211	135	04.07.2018	11.92394543	-0.592047155	LUCAS
Lucas0375	29582266	1121.490234	0.491194785	7.252246865	187.7647059	7	31.51521301	19.09637356	10.01612633	49.71074998	3.043270326	554.7573066	0.005485769	26.73118638	Lucas0375	D20	Shrubland	U420	U420	0-20	44	12	37	51	4.77	4.55	51.2	63.28125023	2.8	3.4	73.1	0.917644514	9	0.604940629	mediterranean	Shrubland	15.05882353	Summer	1588	9.737499936	10.25833308	37.99382672	593.7252344	25.39999962	-1.600000024	26.99999964	3.849999961	17.44999981	17.44999981	3.049999899	960	132	29	42.49366347	364	110	110	345	03.07.2018	7.42891407	1.004640341	LUCAS
Lucas0376	52624364	90.09999847	0.000197156	0	0	6	44.85164642	14.89416075	4.930166508	43.7175048	4.683641368	483.2908638	0.009691144	15.98942848	Lucas0376	WL_coniferous	Woodland	U120	U120	0-20	15	5	68	26	4.15	8.41	73.2	1	26.9	3.7	54	1.067405006	6	0.936474212	boreal	2	19.78378378	Summer	2424	3.858333396	6.849999959	21.07692233	917.7735869	21.20000076	-11.30000019	32.50000095	13.7833337	-3.0166667	15.55000035	-7.200000008	602	78	30	31.87344118	211	99	198	120	28.06.2018	4.929086208	-0.928851068	LUCAS
Lucas0377	29462254	1092.598389	0.376564783	0	186.3529412	7	25.73800468	19.98137379	10.41579226	53.38168797	4.606318853	460.4363611	0.010004246	19.44072338	Lucas0377	D20	Shrubland	U420	U420	0-20	50	8	42	50	4.74	5.74	67.6	1	5.9	3.5	84.8	0.792267059	9	0.485793456	mediterranean	Shrubland	19.31428571	Summer	1128	9.975000015	10.23333353	37.76137729	594.5032347	25.70000076	-1.399999976	27.10000074	4.066666727	17.66666683	17.66666683	3.250000065	947	134	26	45.16828324	368	102	107	352	03.07.2018	6.31424284	0.968299031	LUCAS
Lucas0378	32142066	725.5272217	3.990159074	90	0	7	4.461153507	24.15117073	13.46804348	33.59695655	0.540478705	172.2617623	0.003137543	6.407511118	Lucas0378	CL_annual	Cropland	U111	U111	0-20	44	25	30	45	8.09	13.63	5.2	37	5.7	0.7	228.5	1.409862447	4	0.07805883	atlantic	1	7.428571429	Summer	1946	12.92083329	12.4916666	39.40588736	678.291493	31.20000076	-0.5	31.70000076	8.949999789	21.68333324	21.73333327	5.26666673	388	49	11	36.39180727	134	51	52	108	03.07.2018	2.039687395	-0.236956149	LUCAS
Lucas0379	47443998	38.54336929	0.011606532	0	261.1764706	7	42.90013123	20.25817728	7.613029831	39.08303612	1.424556771	353.947567	0.004024768	10.59021922	Lucas0379	WL_coniferous	Woodland	U120	U120	0-20	8	17	18	65	5.15	8.63	38.8	0	26.5	2.7	115.5	0.94729288	7	0.805512569	continental	2	14.37037037	Summer	416	6.366666654	6.833333431	26.08142597	715.7587568	20.79999924	-5.400000095	26.19999933	14.68333324	0.650000058	15.5999999	-1.983333333	586	69	29	27.64485383	191	97	178	124	04.07.2018	3.772344351	-0.805735528	LUCAS
Lucas0380	52263450	186.2508087	1.393189742	0	169.4117647	7	126.7533493	19.09326267	7.693194214	43.0257986	0.693634424	105.9932432	0.006544138	6.329113924	Lucas0380	CL_annual	Cropland	U111	U111	0-20	38	15	47	37	5.95	22.3	14.2	1	41.6	1.5	89.9	1.172828084	6	2.433200433	boreal	1	9.466666667	Summer	2560	6.324999973	8.416666518	29.32636437	789.9640312	21.89999962	-6.800000191	28.69999981	15.94999981	-2.516666671	15.94999981	-3.366666655	590	83	27	32.88441596	216	94	216	104	08.07.2018	16.43493271	0.717028975	LUCAS
Lucas0381	53744506	90.36428833	0.022996663	0	210.3529412	6	53.50022125	13.77102685	3.673766632	45.83709536	1.375505255	295.9796551	0.004647297	17.94361526	Lucas0381	WL_coniferous	Woodland	U120	U120	0-20	8	3	49	47	4.65	4.66	28.8	1	10.4	1.5	28.5	0.711759763	9	1.143875276	mediterranean	2	19.2	Summer	2249	2.437500058	8.625000043	24.22752795	953.4438272	21.5	-14.10000038	35.60000038	12.60000006	-4.400000056	14.51666689	-9.216666698	668	83	35	30.61496159	227	107	221	141	29.06.2018	13.38986206	-0.02004393	LUCAS
Lucas0382	32342056	1020.374634	2.653506094	90	0	7	4.765842438	22.69361401	12.78482623	32.39587453	0.625551471	648.0001225	0.000965357	8.216635735	Lucas0382	CL_annual	Cropland	U111	U112	0-20	42	34	18	48	7.93	20.8	18.4	448	32.9	1.9	154.1	1.195749126	4	0.085572512	atlantic	1	9.684210526	Summer	2559	11.41666663	12.39999985	39.74358922	669.9977328	29.5	-1.700000048	31.20000005	7.566666737	20.13333305	20.16666667	3.916666662	455	57	14	35.69722826	156	60	62	126	03.07.2018	3.148511171	0.011208327	LUCAS
Lucas0383	43742350	1057.800659	15.94811812	25.84193276	138.3529412	7	47.86117172	19.9625845	11.93449623	63.76139711	7.032656664	1646.593998	0.004271033	24.09981578	Lucas0383	WL_broadleaved	Woodland	U120	U120	0-20	3	31	14	55	7	34.2	95.6	53	12.6	5.7	281.8	0.477791668	6	0.903678931	boreal	2	16.77192982	Summer	1601	9.341666718	7.80000031	31.20000035	643.2298981	23.20000076	-1.799999952	25.00000072	9.933333457	17.61666679	17.61666679	1.950000028	1305	160	63	25.92374859	432	239	239	294	03.07.2018	20.93101501	1.501951218	LUCAS
Lucas0384	32202034	752.8083496	6.195634458	90	0	7	3.14009738	24.34572029	13.88822586	31.11239674	0.427835052	150.4307382	0.002844067	7.527942143	Lucas0384	CL_annual	Cropland	U111	U112	0-20	15	1	39	60	7.69	235	5.1	193	6	0.8	175.3	1.117388163	4	0.05475731	atlantic	1	6.375	Summer	2387	13.06249999	12.45833319	39.05433553	690.5963351	31.60000038	-0.300000012	31.90000039	8.966666738	21.9666667	22.08333333	5.283333272	433	56	11	39.08562265	153	51	53	123	03.07.2018	2.938971043	-0.006885408	LUCAS
Lucas0385	45662242	382.3160706	11.76936788	5.126400082	105.8823529	7	49.3927803	24.17762375	13.83432775	63.04945875	0	724.5701483	0	8.020050125	Lucas0385	CL_annual	Cropland	U111	U111	0-20	8	43	18	39	7.95	20.13	22.7	118	6.1	2.3	408.9	1.281668742	1	0.863848077	alpine	1	9.869565217	Summer	1635	12.91666668	9.566666568	34.04507767	687.2386577	28.79999924	0.699999988	28.09999925	13.68333308	5.716666728	21.63333352	4.883333355	855	96	53	17.79477922	264	176	193	185	06.07.2018	15.39061546	0.782603264	LUCAS
Lucas0386	27481894	174.0109253	0.150306684	0	302.1176471	7	1.869292378	22.94358397	17.05282131	39.81931857	0.878078391	440.3347208	0.001994116	3.916013998	Lucas0386	WL_broadleaved	Woodland	U120	U120	0-20	19	9	69	22	6.1	8.02	14.7	1	8.2	1.3	78.2	1.260238062	9	0.033413883	mediterranean	2	11.30769231	Summer	1709	16.22500012	11.86666667	45.12040692	506.0340455	31.79999924	5.5	26.29999924	11.23333343	22.4666667	22.78333346	10.36666671	616	102	4	61.54329849	271	28	36	257	04.07.2018	2.029547215	-0.313214153	LUCAS
Lucas0387	54401670	1228.788574	0.398769604	7.252246865	132.7058824	7	68.15694427	19.70802927	14.43516817	43.56664838	1.322767075	448.5197898	0.002949183	5.306799337	Lucas0387	WL_coniferous	Woodland	U120	U120	0-20	9	16	37	47	6.24	5.98	19	1	34	1.6	62	1.011135303	9	1.293103636	mediterranean	2	11.875	Summer	1084	10.54583341	9.158333493	35.63553993	632.9528851	25.29999924	-0.400000006	25.69999924	4.816666752	18.5666666	18.5666666	3.300000037	842	133	19	61.05789055	370	62	62	364	08.07.2018	8.683441162	0.062208388	LUCAS
Lucas0388	29422254	1274.173706	3.424665716	12.57811866	12.70588235	7	26.83026123	19.67089605	10.41579226	53.38168797	1.765957447	437.7166344	0.004034476	31.59113463	Lucas0388	WL_coniferous	Woodland	U120	U120	0-20	48	10	30	60	4.53	8.59	78.3	63.28125023	7.1	4.6	63	0.835492146	9	0.509394433	mediterranean	2	17.02173913	Summer	898	9.166666712	9.600000131	36.3636364	597.663386	24.60000038	-1.799999952	26.40000033	3.349999968	16.95000013	16.95000013	2.500000004	1039	144	28	44.62461931	400	113	113	384	03.07.2018	8.498655319	1.22602725	LUCAS
Lucas0389	40262632	1074.323486	0.130672728	17.82423582	0	7	72.2359848	18.41709089	9.102239283	93.38784469	4.979570727	812.6287389	0.006127732	35.71072319	Lucas0389	WL_broadleaved	Woodland	U120	U120	0-10	47	27	14	59	7.31	30.8	99.5	295	18.4	7.2	126	0.828821527	7	1.404902213	continental	2	13.81944444	Summer	844	6.099999931	7.53333313	31.78621599	614.2290023	19.39999962	-4.300000191	23.69999981	-0.066666692	4.899999953	13.73333319	-1.150000016	1429	139	103	10.42809507	401	326	340	386	09.07.2018	13.79249954	-0.856392682	LUCAS
Lucas0390	34702666	17.28953552	1.51234338	90	0	7	40.91571426	22.11736298	12.93925024	60.88442953	0.466201821	192.4288205	0.002422723	13.73433584	Lucas0390	Other bare soil	Bareland	U111	U111	0-20	7	20	21	58	7.43	16.83	11.9	2	74.7	1.5	205.6	1.319271119	4	0.742338023	atlantic	Bareland	7.933333333	Summer	1406	12.36250001	8.758333405	39.09970253	522.111649	25	2.599999905	22.4000001	9.583333214	18.81666676	18.81666676	6.099999905	753	89	38	28.05348477	253	119	119	232	06.07.2018	8.981732368	0.794772863	LUCAS
Lucas0391	48282902	198.0250092	4.214209159	5.126400082	292.2352941	7	86.00382996	21.20600986	9.959913756	42.90388348	0.595633219	268.0250214	0.002222305	8.021452145	Lucas0391	CL_annual	Cropland	U111	U111	0-20	7	22	10	67	7.98	22.7	18.3	117	12.6	1.7	166.1	1.361344588	7	1.586610602	continental	1	10.76470588	Summer	2222	9.208333288	8.999999873	31.03448283	766.3189199	24.89999962	-4.099999905	28.99999952	18.49999984	1.150000012	18.49999984	-0.366666655	572	83	26	41.68322513	229	83	229	88	17.07.2018	5.104053974	-0.559208333	LUCAS
Lucas0392	33762252	489.7215576	0.839459545	90	0	7	62.99025726	21.44524097	12.59203549	62.51113169	0.824332713	275.6133526	0.002990903	19.66422872	Lucas0392	CL_annual	Cropland	U111	U111	0-20	17	37	17	45	8.12	17.09	19.1	177	22.4	2.4	245.6	1.384239044	4	1.156946983	atlantic	1	7.958333333	Summer	2196	12.0416667	9.283333391	35.43257126	567.0851898	27.29999924	1.100000024	26.19999921	9.766666571	19.61666679	19.61666679	5.549999853	764	83	35	25.80316908	228	120	120	214	15.07.2018	7.609560966	0.08703012	LUCAS
Lucas0393	31602148	957.7998657	2.45870816	90	0	7	12.65268707	22.37347555	11.48726564	37.23143608	0	724.3336836	0	4.194630872	Lucas0393	CL_annual	Cropland	U111	U111	0-20	41	31	16	53	7.81	20.3	23.5	247	29.4	2.5	412.2	1.051541917	4	0.228497253	atlantic	1	9.4	Summer	1172	11.23333341	11.41666671	38.4399552	659.8840727	28.5	-1.200000048	29.70000005	7.349999875	19.68333356	19.76666705	3.699999993	424	50	15	31.62870421	135	60	70	119	15.07.2018	3.184994936	0.036331985	LUCAS
Lucas0394	45762134	694.2702026	7.308626387	10.2630959	249.8823529	7	56.65912247	22.31294823	11.27896289	61.71683904	1.32618862	362.8042349	0.003655384	14.80743692	Lucas0394	GL_managed	Grassland	U111	U111	0-20	9	13	52	36	7.6	16.75	15.5	20	3.1	1.9	80.9	1.228616841	1	1.024337416	alpine	3	8.157894737	Summer	1619	11.44166674	8.550000002	33.01158399	644.7967734	25.79999924	-0.100000001	25.89999924	12.41666683	4.583333373	19.58333333	3.949999988	795	99	41	25.10826513	266	137	199	151	18.07.2018	9.9818964	0.055116054	LUCAS
Lucas0395	48002880	195.9515533	1.328961853	0	122.8235294	7	70.85999298	22.40622139	10.44111031	41.71643388	0	147.9062104	0	7.471938348	Lucas0395	CL_annual	Cropland	U111	U111	0-20	5	16	59	25	6.34	11.16	15.7	1	12.1	1.4	307.6	1.515117432	7	1.278917623	continental	1	11.21428571	Summer	3036	9.845833249	8.841666544	30.07369661	781.8464596	25.79999924	-3.599999905	29.39999914	17.94999981	1.75000001	19.36666632	0.066666663	528	75	26	39.35507018	206	81	206	83	17.07.2018	6.121324539	-0.324321389	LUCAS
Lucas0397	41902558	264.792572	1.784438229	0	132.7058824	7	55.25944138	22.52805901	4.71058129	101.9474054	1.994279176	478.5531401	0.00416731	13.32231405	Lucas0397	WL_broadleaved	Woodland	U420	U120	0-20	3	5	70	25	5.69	31.9	32	1	17.4	3	82.4	0.726934745	1	0.995162488	alpine	2	10.66666667	Summer	2897	10.96249993	10.55833317	35.67004546	712.5948779	26.79999924	-2.799999952	29.59999919	14.4666667	2.216666619	19.81666644	2.216666619	1114	131	59	25.14914317	353	187	339	187	17.07.2018	16.68904686	-0.65163064	LUCAS
Lucas0398	46861592	156.6336975	2.046876132	0	163.7647059	7	0.588832676	26.15063286	17.46651509	36.44630643	0.475009538	221.8188986	0.00214143	13.19754926	Lucas0398	CL_annual	Cropland	U111	U111	0-20	14	35	37	28	8.27	20.2	16.1	85	0.8	1.4	602.5	1.326912729	1	0.009954799	alpine	1	11.5	Summer	1236	17.1625	8.824999928	37.55319195	551.0655979	30.39999962	6.900000095	23.49999952	15.43333324	23.88333321	24.23333327	11.08333325	418	68	2	65.89865235	194	16	40	129	10.07.2018	2.131261587	-0.115893595	LUCAS
Lucas0399	41342812	183.2461548	1.806037486	0	110.1176471	7	30.03876686	22.70831966	11.51414148	65.01069199	0.324679943	387.3333333	0.000838244	6.407056083	Lucas0399	CL_permanent	Cropland	U111	U111	0-10	8	24	13	63	6.96	8.99	22.2	1	32.2	2.2	425.2	1.179442831	4	0.539215095	atlantic	1	10.09090909	Summer	2508	10.28750006	8.775000107	33.74999995	660.9192211	25.10000038	-0.899999976	26.00000036	16.96666686	3.549999992	18.56666692	2.316666738	717	82	43	21.10506101	231	134	211	150	16.07.2018	6.705012321	-0.410026252	LUCAS
Lucas0400	46383708	114.760025	0.002682068	0	62.11764706	7	59.70767212	19.29431725	8.071127841	46.51256541	3.768962076	306.6388889	0.012291207	32.41146712	Lucas0400	WL_coniferous	Woodland	U120	U120	0-20	21	20.05210918	39.89454094	39.80887097	4.1	21.1	319.8	0	36.6	12.7	130.5	0.087514642	7	1.141762151	continental	2	25.18110236	Summer	822	6.745833348	7.924999971	31.20078834	657.7352968	21.29999924	-4.099999905	25.39999914	7.149999946	1.533333393	15.2166667	-0.833333333	682	71	39	19.83625672	206	127	185	160	11.07.2018	2.444899559	-1.012687802	LUCAS
Lucas0401	54581630	166.8261414	1.063931452	0	145.4117647	7	18.83293152	27.15572357	15.88367588	38.63270408	0	164.6918125	0	8.895100296	Lucas0401	D10	Shrubland	U420	U420	0-20	14	41	22	37	6.98	6.96	11	1	2.1	1.1	534.9	0.938470735	9	0.313069653	mediterranean	Shrubland	10	Summer	1771	17.14166657	8.96666654	35.3018373	623.1840305	31.39999962	6	25.39999962	11.5666666	25.08333333	25.08333333	10.13333321	584	107	6	76.64642164	293	21	21	270	09.07.2018	2.948846817	-0.422326267	LUCAS
Lucas0402	30662118	805.9138794	0.844267752	90	0	7	8.752397537	21.96605301	12.68360795	31.71825038	0	228.5833631	0	6.493072943	Lucas0402	CL_annual	Cropland	U120	U120	0-20	26	24	60	16	7.16	7.19	5.7	1	19.3	0.7	217	1.416638156	9	0.159232782	mediterranean	1	8.142857143	Summer	3232	11.92499991	11.90000002	39.93288596	633.7388989	29.5	-0.300000012	29.80000001	8.216666549	20.0333333	20.08333317	4.716666728	386	45	14	31.9301344	124	60	64	107	16.07.2018	2.148115635	-0.287411839	LUCAS
Lucas0403	32682126	960.5668945	7.691384157	90	0	7	19.76773834	22.05505514	11.69436952	35.08846193	0	200.7661267	0	3.025793651	Lucas0403	CL_annual	Cropland	U111	U111	0-20	24	18	33	49	8	13.83	6.8	326	18.5	0.9	206.9	1.286783288	4	0.35905401	atlantic	1	7.555555556	Summer	1951	11.05833334	12.36666683	40.54644958	649.4677217	28.79999924	-1.700000048	30.49999928	12.78333326	19.43333324	19.44999997	3.716666803	432	49	19	25.56227382	132	70	80	115	15.07.2018	4.125601768	0.297782749	LUCAS
Lucas0404	37362918	78.56304932	1.425698459	90	0	7	35.50601959	21.47008753	11.57234679	52.45053743	0.841848234	366.3079138	0.002298198	11.73740053	Lucas0404	CL_annual	Cropland	U111	U111	0-20	12	17	42	41	7.79	10.79	11.7	4	13.8	1.5	190.2	0.921573842	7	0.651844365	continental	1	7.8	Summer	1670	10.62916673	8.108333339	35.25362321	548.9016303	24	1	23	7.566666683	6.816666623	17.5	4.116666655	637	62	44	10.62046821	177	143	151	162	09.07.2018	5.673978806	-0.007819537	LUCAS
Lucas0405	34862944	69.18887329	1.361103335	90	0	5	51.296978	13.71698999	12.14605452	61.84655601	1.146197754	668.0448045	0.00171575	9.468244707	Lucas0405	GL_managed	Grassland	U111	U111	0-20	6	24	20	56	6.94	13.96	42.9	5	12.5	4.5	74.8	1.092443305	4	1.098036881	atlantic	3	9.533333333	Spring	1040	11.26249996	6.87500002	36.56915053	445.6564335	21.79999924	3	18.79999924	9.299999952	16.76666657	16.86666648	6.083333294	794	95	44	26.52566314	268	137	155	239	15.05.2018	15.47405434	-0.025578354	LUCAS
Lucas0406	38343016	87.57388306	2.417220632	0	14.11764706	7	34.95101929	20.73025942	10.92558765	55.32964767	0	232.4941272	0	4.713860404	Lucas0406	CL_annual	Cropland	U111	U111	0-20	60	27	9	64	7.27	13.51	12	2	43.8	1.2	215.7	1.358854909	4	0.650490425	atlantic	1	10	Summer	1429	9.833333307	7.983333401	35.01461961	544.7031492	23.10000038	0.300000012	22.80000037	6.816666464	5.98333324	16.61666663	3.36666669	699	66	47	10.72578336	193	153	176	168	10.07.2018	4.111265659	-0.628486156	LUCAS
Lucas0407	54361648	426.5944824	4.158911718	8.88512427	129.8823529	7	31.78411102	25.57971954	15.2024122	42.07540372	0	483.08473	0	4.51741957	Lucas0407	D10	Shrubland	U420	U420	0-20	19	17	52	31	7.25	9.52	19.2	3	3	2	95.5	0.976282553	9	0.54257875	mediterranean	Shrubland	9.6	Summer	769	15.12916669	10.05833354	37.39157435	641.1334427	30.5	3.599999905	26.9000001	9.316666683	23.35000006	23.35000006	7.933333278	692	121	10	70.25890927	332	36	36	310	08.07.2018	7.153633595	0.106911324	LUCAS
Lucas0408	28522106	1247.562866	0.105695037	0	77.64705882	7	17.38476944	18.64841509	14.17637674	79.47612823	2.717001056	662.1068638	0.004103569	21.54101077	Lucas0408	WL_broadleaved	Woodland	U120	U120	0-20	12	11	44	45	4.53	17.68	78.2	63.28125023	20.9	5.8	63.5	0.810870353	9	0.336598314	mediterranean	2	13.48275862	Summer	1418	9.924999913	7.449999809	33.25892882	553.1747191	23.29999924	0.899999976	22.39999926	4.816666702	17.33333333	17.33333333	4.016666651	1441	222	17	56.70079295	604	97	97	586	09.07.2018	5.009190083	1.004420519	LUCAS
Lucas0409	35062950	77.23787689	2.15958233	90	0	5	53.13061523	13.50539207	11.83961497	63.52140427	0.981641659	517.0370109	0.001898591	7.404380517	Lucas0409	GL_managed	Grassland	U111	U111	0-10	8	18	22	60	5.67	9.47	38.1	1	51	3.9	112.9	1.110970863	9	1.142461398	mediterranean	3	9.769230769	Spring	1106	10.96666669	7.100000163	37.36842097	446.3301543	21.60000038	2.599999905	19.00000048	8.966666579	16.5	16.55000003	5.766666691	811	94	45	24.86488939	269	141	160	239	15.05.2018	13.3537035	0.036811683	LUCAS
Lucas0410	38922830	158.8553772	0.695499579	90	0	7	34.5413208	22.55619192	11.43695184	54.15883697	0.439929329	457.6829211	0.00096121	6.969099277	Lucas0410	CL_annual	Cropland	U111	U111	0-20	23	32	20	48	7.82	19.26	13.9	777	24.4	2.1	150.6	1.144527773	7	0.621736653	continental	1	6.619047619	Summer	2013	10.44583333	9.725000046	37.69379918	600.9328172	25.39999962	-0.400000006	25.79999962	17.61666632	6.40000013	18.04999987	3.300000047	708	66	48	9.692233692	189	151	186	179	10.07.2018	3.840594053	-0.579143226	LUCAS
Lucas0412	47164540	379.9614868	2.491243768	0	190.5882353	7	77.86264038	17.77124166	2.354644402	44.84286268	23.81635581	2787.466284	0.008544087	88.36199699	Lucas0412	WL_coniferous	Woodland	U420	U420	0-20	1	20.05210918	39.89454094	39.80887097	3.93	10.8	456.4	0	39	11	306.3	1.067405006	7	1.533597325	continental	2	41.49090909	Summer	1029	1.362499947	8.491666555	26.53645799	848.2070004	18.89999962	-13.10000038	32	12.30000003	-4.566666712	12.30000003	-8.633333445	675	93	33	32.50056357	239	108	239	132	24.07.2018	14.58191872	0.065903157	LUCAS
Lucas0413	30922224	754.538208	1.009054303	90	0	7	21.82697105	22.34541607	11.64486057	32.13679113	0.859375	336.65625	0.002552678	11.33366717	Lucas0413	CL_annual	Cropland	U111	U111	0-20	5	28	35	37	7.81	20.4	8.5	6	23.8	1.4	346.5	1.246038774	9	0.394377215	mediterranean	1	6.071428571	Summer	2286	11.95833329	11.59999999	39.59044261	627.6754889	29.20000076	-0.100000001	29.30000076	8.299999952	20.05000003	20.05000003	4.783333335	446	53	16	33.90197032	147	57	57	130	23.07.2018	3.52493906	0.473975927	LUCAS
Lucas0414	41722878	161.0090485	1.015968766	0	360	7	25.77075768	22.13181543	10.79981187	59.55620153	0.791490922	174.097561	0.004546249	9.463722397	Lucas0414	Other bare soil	Bareland	U111	U111	0-20	13	10	57	33	6.66	20.51	13.4	1	72.6	1.4	350.7	1.328564801	1	0.467438946	alpine	Bareland	9.571428571	Summer	2636	9.900000046	8.850000004	34.57031248	650.2062588	24.5	-1.100000024	25.60000002	16.51666673	5.783333381	18.0333333	2.049999992	783	83	54	15.54223972	231	164	207	182	10.07.2018	7.421986103	0.077269286	LUCAS
Lucas0415	35582196	1270.635864	9.16799487	90	0	7	95.4418335	20.4801178	8.722150828	55.90798147	5.955478712	1655.730711	0.003596888	21.61612739	Lucas0415	WL_coniferous	Woodland	U420	U420	0-20	35	26	25	49	7.62	18.18	72.3	148	6.9	4.6	253.5	0.912675813	7	1.784622724	continental	2	15.7173913	Summer	1957	9.079166705	10.69166689	38.45923349	613.1307864	25	-2.799999952	27.79999995	6.100000064	2.866666665	17.1500001	2.233333429	992	106	59	17.99215955	285	208	223	227	15.07.2018	15.17175198	0.217659414	LUCAS
Lucas0416	34242272	1399.160034	2.400975593	90	0	7	92.48452759	17.86109829	10.7092377	84.58019879	2.412289807	640.1413051	0.003768371	19.17785235	Lucas0416	GL_managed	Grassland	U111	U111	0-20	21	33	12	55	6.05	12.34	60.5	1	9.5	6	202.4	0.668216564	4	1.818374567	atlantic	3	10.08333333	Summer	2115	7.783333344	8.999999836	36.58536568	554.052559	22.39999962	-2.200000048	24.59999967	2.633333375	15.09999983	15.09999983	1.666666617	1107	115	55	21.35062105	331	193	193	312	22.07.2018	23.01338196	0.792831779	LUCAS
Lucas0417	41622476	231.3309174	7.560957564	5.126400082	193.4117647	7	38.4760437	24.08571815	12.91152266	67.73780602	1.081041968	247.9990352	0.004359057	18.3628692	Lucas0417	GL_managed	Grassland	U111	U111	0-20	4	15	21	64	5.93	8.63	12.3	0	18.9	1.7	36.7	0.986906369	7	0.674004724	continental	3	7.235294118	Summer	1946	11.64166671	9.433333288	32.19567759	732.6348303	26.79999924	-2.5	29.29999924	15.2166667	2.566666603	20.61666679	2.566666603	789	112	37	32.87279458	279	122	210	122	11.07.2018	9.132932663	-0.114794403	LUCAS
Lucas0418	40322908	286.587738	1.121242391	5.126400082	321.8823529	7	29.65604782	21.73561478	11.0084751	61.74302673	0.340378549	403.9507886	0.000842624	9.955972163	Lucas0418	CL_annual	Cropland	U111	U111	0-20	9	42	28	30	7.77	20.62	28	224	15.3	2.7	274.1	0.938906739	7	0.54180533	continental	1	10.37037037	Summer	2007	9.654166693	8.258333375	33.03333397	627.7718866	23.89999962	-1.100000024	24.99999964	5.850000034	5.549999982	17.56666676	2.183333298	823	87	54	12.68433557	236	186	195	228	10.07.2018	9.115467072	-0.222328618	LUCAS
Lucas0419	39023026	232.170105	0.642031444	5.126400082	151.0588235	7	41.83875656	20.49064302	10.61686968	62.12881952	1.138322884	136.978187	0.008310249	14.03065521	Lucas0419	WL_broadleaved	Woodland	U120	U120	0-20	9	20	15	65	4.28	9.11	26	3	16	2.3	67.9	1.113326602	7	0.782169632	continental	2	11.30434783	Summer	1180	9.283333295	8.083333266	35.29839968	550.6992759	22.29999924	-0.600000024	22.89999926	3.716666693	5.316666583	16.19999997	2.733333404	845	81	60	10.40084474	236	194	209	216	23.07.2018	2.957036734	-0.737963974	LUCAS
Lucas0420	27742232	155.3573608	1.423372914	8.88512427	139.7647059	7	18.97355843	19.33116007	15.05671516	91.75062159	1.879000781	163.7322404	0.011476059	14.12770236	Lucas0420	WL_broadleaved	Woodland	U120	U120	0-20	14	9	60	32	4.93	5.17	68.4	0	5.6	3.4	43.9	0.661106422	4	0.362567128	atlantic	2	20.11764706	Summer	2716	13.97916651	8.774999936	46.67553229	378.132113	23.89999962	5.099999905	18.79999971	9.499999921	18.53333298	18.64999978	9.499999921	1487	221	23	54.25883359	614	108	129	614	12.07.2018	6.617614269	0.749674439	LUCAS
Lucas0421	50424512	200.0899963	0.013752242	0	0	7	50.98368073	19.15538979	3.501835779	43.90224266	3.809553479	557.8726203	0.006828716	18.4174856	Lucas0421	WL_coniferous	Woodland	U120	U120	0-20	14	6	66	28	4.4	5.36	47.8	1	9.5	1.8	67.5	0.637552798	7	0.977534267	continental	2	26.55555556	Summer	1576	2.420833257	8.558333278	25.32051251	880.2000138	21	-12.80000019	33.80000019	11.84999983	-4.049999952	13.74999968	-8.050000032	610	79	28	33.9166295	222	96	220	110	18.07.2018	10.42790699	-0.321059525	LUCAS
Lucas0422	45124486	467.9560547	0.078343325	0	175.0588235	7	38.95731735	16.30844975	3.161815061	50.83696747	2.173427774	410.6947127	0.005292076	21.86818715	Lucas0422	WL_coniferous	Woodland	U120	U120	0-20	18	17	13	69	4.96	10.62	59.6	0	9.3	3	60.6	1.067405006	9	0.790073863	mediterranean	2	19.86666667	Summer	458	1.974999997	8.33333335	28.44141057	751.6814448	17.5	-11.80000019	29.30000019	10.30000003	-3.216666679	11.58333325	-6.950000008	660	89	36	31.84384732	233	111	230	126	23.07.2018	5.382479191	-1.275996447	LUCAS
Lucas0423	49624302	20.18000031	0.066183968	0	0	7	30.51224518	19.62396431	5.701878761	35.32886179	2.093113482	530.000485	0.003949267	31.40385895	Lucas0423	CL_annual	Cropland	U111	U111	0-20	13	20.05210918	39.89454094	39.80887097	5.74	29.9	179.1	1	39.1	11.7	209.9	0.704145847	6	0.579816545	boreal	1	15.30769231	Summer	2528	4.483333404	7.716666768	25.38377179	804.2199411	20.70000076	-9.699999809	30.40000057	13.31666684	-1.866666635	14.75000032	-5.049999972	602	75	30	30.73083576	210	101	200	120	23.07.2018	6.492153168	-0.559725583	LUCAS
Lucas0424	45342706	719.3486328	0.807971991	0	316.2352941	7	130.6286316	18.02964163	6.100121197	104.0612472	2.144402163	514.4016289	0.004168731	28.80365036	Lucas0424	GL_managed	Grassland	U111	U111	0-20	8	27	18	55	5.89	13.6	27.1	1	4.7	3.4	45.7	1.130219381	1	2.559857907	alpine	3	7.970588235	Summer	2913	7.479166592	10.32499996	34.53177343	740.2255693	22.79999924	-7.099999905	29.89999914	16.28333314	3.266666551	16.28333314	-1.916666746	1239	170	65	34.19676805	476	222	476	233	12.07.2018	23.78528976	-0.068028852	LUCAS
Lucas0425	45644484	271.3268127	0.004498065	0	14.11764706	7	48.00502396	17.59929466	3.37590989	44.45391765	1.964497041	317.5254767	0.006186896	33.39901478	Lucas0425	WL_coniferous	Woodland	U120	U120	0-20	16	12	66	21	4.43	7.75	34	0	25	1.9	66.8	1.067405006	6	0.948729113	boreal	2	17.89473684	Summer	1121	2.625000032	8.033333421	26.25272327	804.1243171	19	-11.60000038	30.60000038	12.85000006	-2.733333349	12.85000006	-7.083333333	570	83	28	35.10663294	211	88	211	103	16.07.2018	2.729074478	-1.479476571	LUCAS
Lucas0426	39962440	1068.278198	4.85969109	90	0	5	143.9930267	9.248027325	8.13500969	72.16694521	1.505668934	595.1992945	0.002529689	11.56417112	Lucas0426	GL_managed	Grassland	U111	U111	0-20	32	18	24	58	6.22	14.89	36.9	1	19.1	4	109.5	1.116336696	7	3.40827811	continental	3	9.225	Spring	2057	7.38333333	9.816666712	35.18518463	658.3461843	23.10000038	-4.800000191	27.90000057	3.883333276	15.5999999	15.5999999	-0.450000087	1173	137	63	18.38127476	356	247	247	289	22.05.2018	22.9797287	0.058396183	LUCAS
Lucas0427	34202866	97.20056915	1.766673671	90	0	7	50.57960892	20.4992485	12.07627507	57.30043331	0.666607175	248.2445119	0.002685285	7.235099338	Lucas0427	CL_annual	Cropland	U111	U111	0-20	7	16	8	76	7.12	18.64	12.6	0	116.2	1.5	359	1.357727131	7	0.945426531	continental	1	8.4	Summer	1237	11.44583338	6.85833323	36.48049461	449.724464	22.20000076	3.400000095	18.80000067	7.099999984	17.03333346	17.10000022	6.249999921	822	95	46	24.01001057	270	143	160	245	24.07.2018	4.914228439	-0.257870585	LUCAS
Lucas0428	40783066	292.5932312	2.506468707	0	64.94117647	7	38.79040146	20.90130997	9.787444516	65.70515623	0.43147448	420.831443	0.00102529	9.662729472	Lucas0428	CL_annual	Cropland	U111	U111	0-20	8	27	17	57	7.78	12.14	28.3	47	117.2	2	489.7	1.261172938	7	0.719656006	continental	1	14.15	Summer	2013	9.099999845	7.583333055	32.40740724	582.7793773	22.29999924	-1.100000024	23.39999926	16.39999978	9.483333151	16.39999978	2.200000008	770	77	54	9.500857095	214	182	214	190	10.07.2018	9.719244003	-0.443831116	LUCAS
Lucas0429	40602702	437.0219421	0.642105482	0	224.4705882	7	52.2886734	21.3042841	9.403991097	87.75805463	1.67222007	463.344311	0.003609023	14.59298478	Lucas0429	WL_coniferous	Woodland	U120	U120	0-20	7	32	8	61	6.04	14.1	40.4	1	11.1	3.1	192	1.045394009	7	0.962883026	continental	2	13.03225806	Summer	1456	9.229166615	8.774999922	34.14396819	638.3980575	23.60000038	-2.099999905	25.70000029	5.416666657	5.083333254	17.18333324	1.516666681	1108	104	78	9.186533259	303	249	270	282	23.07.2018	11.02551937	0.312063843	LUCAS
Lucas0430	50504430	130.0500031	0.000227774	0	0	7	46.0663414	19.4283042	3.868658756	43.99968659	1.531759657	161.0841202	0.009509067	22.38507662	Lucas0430	WL_broadleaved	Woodland	U120	U120	0-20	7	3	60	38	4.58	3.4	25.7	1	6.2	1.1	20.5	0.983846333	7	0.878654042	continental	2	23.36363636	Summer	1700	2.958333408	8.916666745	26.30285131	875.1489136	21.20000076	-12.69999981	33.90000057	12.30000015	-3.566666593	14.15000033	-7.566666603	623	82	29	32.81545713	223	100	222	116	21.07.2018	12.80117893	-0.247315943	LUCAS
Lucas0431	46642928	426.3326721	2.491243768	0	321.8823529	7	59.68061829	20.57271099	9.042682698	51.1398978	0.81811419	236.7797409	0.00345517	9.948082398	Lucas0431	GL_managed	Grassland	U111	U111	0-20	55	21	45	34	5.28	6.95	20.7	1	11.1	1.5	201.1	1.370252278	6	1.11401154	boreal	3	13.8	Summer	1827	8.320833381	8.675000198	30.98214251	736.8960137	23.70000076	-4.300000191	28.00000095	17.45000029	0.683333278	17.45000029	-0.716666698	587	81	29	37.16090158	226	96	226	97	23.07.2018	4.935064316	-1.314700127	LUCAS
Lucas0432	34662184	689.9968872	6.885679589	90	0	7	37.50374222	25.19616127	14.35188815	36.51317376	1.463818182	430.8555152	0.003397469	8.363878707	Lucas0432	D10	Shrubland	U420	NA	0-20	81	32	29	39	7.99	17.53	10.8	305	26.4	1.8	78.9	1.067405006	7	0.644436702	continental	Shrubland	6	Summer	1994	13.63333327	10.45000001	35.78767033	668.8196264	30.70000076	1.5	29.20000076	15.5999999	22.28333314	22.28333314	5.950000048	584	66	23	23.90550208	174	117	117	136	22.07.2018	8.587405205	0.690206707	LUCAS
Lucas0433	52004440	111.0339584	0.000523947	0	36.70588235	7	63.03795624	19.64356709	4.186418358	40.19880054	4.241640379	506.0992639	0.008381044	47.64657308	Lucas0433	WL_coniferous	Woodland	U120	U120	0-20	26	20.05210918	39.89454094	39.80887097	5.14	23.9	274.6	1	66.6	11.3	1631.7	0.300121614	7	1.19744842	continental	2	24.30088496	Summer	2432	3.03750001	7.774999958	23.00295768	921.3506005	21.20000076	-12.60000038	33.80000114	14.7833333	-3.733333413	14.7833333	-8.099999944	633	85	32	32.25470198	225	102	225	123	12.07.2018	12.07873631	-0.467869073	LUCAS
Lucas0434	28721676	34.28608704	6.589457406	0	135.5294118	7	0.472436696	25.1657753	18.44699297	40.05845853	0	387.4702002	0	6.600660066	Lucas0434	CL_annual	Cropland	U111	U111	0-20	7	46	13	41	7.98	17.95	13.4	347	9.9	1.6	561.6	1.311719699	9	0.008122245	mediterranean	1	8.375	Summer	1871	17.92916656	10.60833295	41.7650902	524.4150801	32	6.599999905	25.4000001	12.83333333	24.38333321	24.83333333	11.91666667	550	98	1	69.84425182	266	20	24	240	18.07.2018	2.398951769	-0.235120341	LUCAS
Lucas0435	38722726	302.289032	1.508905451	90	0	7	49.75619507	21.86180544	10.81587711	61.36547892	0.758506708	307.6524726	0.002465466	14.22615077	Lucas0435	Other bare soil	Bareland	U111	U111	0-20	15	17	9	74	6.54	10.94	14.9	1	22.1	1.7	171.3	1.001607463	7	0.906936888	continental	Bareland	8.764705882	Summer	1819	9.816666633	8.633333306	34.53333273	604.0406823	24.10000038	-0.899999976	25.00000036	3.583333373	5.650000016	17.44999981	2.600000004	829	80	56	11.32477055	233	186	203	219	23.07.2018	9.432041168	0.277950406	LUCAS
Lucas0436	46762986	387.9353638	0.813978124	0	268.2352941	7	52.9246521	20.57333851	9.502909711	48.6613886	0.864261807	158.7360853	0.005444646	11.69129721	Lucas0436	CL_annual	Cropland	U111	U111	0-20	8	8	66	26	6.59	13.9	13.6	1	53.3	1.5	104.4	1.167481726	7	0.987891619	continental	1	9.066666667	Summer	1672	8.36250001	8.191666626	30.11642137	715.0687424	23.5	-3.700000048	27.20000005	15.61666671	-0.399999996	17.16666683	-0.399999996	518	77	22	45.66051912	213	73	213	73	23.07.2018	9.549632072	-0.973712206	LUCAS
Lucas0437	27101814	188.8536224	1.070839917	0	128.4705882	7	1.302638531	22.13924122	16.98036947	34.91478117	0	444.5821596	0	1.388888889	Lucas0437	WL_broadleaved	Woodland	U120	U120	0-20	12	20	30	50	5.81	4.61	20.7	1	1.6	1.8	81.8	1.314103439	9	0.023624528	mediterranean	2	11.5	Summer	2153	16.30833332	10.55000003	43.95833521	472.0257663	30.29999924	6.300000191	23.99999905	11.81666668	22.16666651	22.43333324	10.9000001	574	103	2	67.2166713	267	21	27	251	23.07.2018	2.205988169	1.212788939	LUCAS
Lucas0438	47344522	137.8231812	0.61152209	5.126400082	208.9411765	7	72.54058838	18.40455341	2.585464702	45.19142221	4.830280547	586.9720999	0.008229148	29.20223244	Lucas0438	WL_coniferous	Woodland	U120	U120	0-20	10	26	11	64	4.47	9.68	59.7	0	25.9	3.2	98.7	1.067405006	6	1.411170481	boreal	2	18.65625	Summer	1488	2.208333261	9.133333201	27.42742766	871.3908161	20.29999924	-13	33.29999924	11.76666653	-3.700000058	13.36666648	-8.199999968	603	86	29	34.54690615	219	96	212	112	24.07.2018	12.3405838	-0.20520708	LUCAS
Lucas0439	30402208	697.2893066	0.868567189	90	0	7	19.70359802	22.23289299	12.61556761	32.05942174	0.236872146	201.6255708	0.00117	13.00893744	Lucas0439	Other bare soil	Bareland	U112	U111	0-20	8	46	20	34	8.25	14.46	5.6	29	7.2	1	311.3	1.34573713	9	0.356736665	mediterranean	Bareland	5.6	Summer	2126	12.27499997	11.18333333	39.23976662	616.5169695	28.89999962	0.400000006	28.49999961	5.933333442	20.24999984	20.24999984	5.233333394	539	69	17	36.47161738	190	69	69	181	23.07.2018	3.321265697	0.328914881	LUCAS
Lucas0440	33622266	420.2626953	1.834367348	90	0	7	70.09911346	21.89967537	12.51983427	74.27853976	0	339.2695578	0	9.468822171	Lucas0440	CL_annual	Cropland	U111	U111	0-20	27	41	16	43	7.08	9.98	13.7	1	24.2	1.8	236.6	1.077148761	4	1.276858433	atlantic	1	7.611111111	Summer	1938	12.50416668	9.291666677	35.87516095	559.7907855	27.5	1.600000024	25.89999998	10.30000003	20.00000016	20.00000016	6.133333345	848	89	42	23.5549472	255	144	144	236	22.07.2018	8.11072731	0.577612698	LUCAS
Lucas0441	34562164	380.1289978	1.751004961	90	0	7	29.65439987	26.9140749	14.80366511	30.32597984	0.155198205	137.609075	0.00112782	12.03947368	Lucas0441	CL_annual	Cropland	U111	U111	0-20	81	41	11	47	8.06	204	14.1	269	30.9	1.9	291.6	1.521354978	7	0.494948807	continental	1	7.421052632	Summer	2762	14.87083335	10.75833315	36.22334387	681.9872743	32	2.299999952	29.70000005	17.16666667	23.58333333	23.58333333	6.866666595	489	58	19	26.08120185	151	98	98	104	22.07.2018	3.120801449	-0.128964528	LUCAS
Lucas0442	33502280	593.8050537	1.170106458	90	0	7	88.17919159	19.4736228	12.51983427	74.27853976	4.836220472	889.080315	0.005439577	26.49247561	Lucas0442	WL_broadleaved	Woodland	U120	U120	0-10	26	49	6	46	5.74	11.92	82.8	5	5.5	5	290.5	0.940060395	7	1.680447945	continental	2	16.56	Summer	1260	11.57916664	8.241666575	36.14766049	506.7609168	24.5	1.700000048	22.79999995	9.583333095	18.25	18.25	5.766666691	1005	105	54	21.32888199	297	181	181	272	22.07.2018	14.22326374	0.894044757	LUCAS
Lucas0443	51363400	113.2708664	1.816410744	7.252246865	40.94117647	7	110.5587921	20.43663073	8.1135603	41.13047309	1.222954634	176.9207703	0.006912442	14.40424826	Lucas0443	WL_broadleaved	Woodland	U420	U420	0-20	53	7	70	24	5.1	18.34	9	0	39.1	0.9	88.7	0.869493154	6	2.068970117	boreal	2	10	Summer	2343	7.349999954	8.383333246	28.22671145	809.8596946	23.39999962	-6.300000191	29.69999981	17.13333321	-1.633333385	17.13333321	-2.783333401	512	72	22	37.59599227	199	76	199	83	16.07.2018	15.15841866	0.916296422	LUCAS
Lucas0444	52584544	120.3994751	0.00133075	0	302.1176471	7	61.98321533	19.84604168	3.645891861	42.34596212	1.461322345	194.3558719	0.007518797	10.6742513	Lucas0444	WL_coniferous	Woodland	U120	U120	0-20	12	5	79	16	4.86	2.45	15	1	16.3	0.6	22.8	0.92987143	6	1.172901761	boreal	2	25	Summer	1590	2.575000063	7.883333315	22.52380947	955.145156	21.10000038	-13.89999962	35	12.85000014	-4.299999873	14.70000013	-9.066666524	648	82	34	29.38896894	223	107	222	129	10.07.2018	13.92834568	-0.411722571	LUCAS
Lucas0445	52364404	98.32331848	0.003057899	0	314.8235294	7	59.41863251	19.78596163	4.36008944	36.9459609	0.872624343	206.8231568	0.004219181	18.49044166	Lucas0445	WL_coniferous	Woodland	U120	U120	0-20	4	5	64	31	4.95	5.19	26.2	1	11.5	1.8	24.9	1.067405006	6	1.125652175	boreal	2	14.55555556	Summer	2528	3.362500078	7.358333362	22.29797924	918.1036001	21.20000076	-11.80000019	33.00000095	13.18333356	-3.31666665	15.08333349	-7.700000008	611	81	31	31.08514187	212	100	210	122	11.07.2018	12.68846321	-0.341772199	LUCAS
Lucas0446	48941830	1286.671387	0.222973482	23.65185818	217.4117647	7	16.28491592	17.92717314	13.41234865	55.47661189	1.886363636	578.0656566	0.003263234	17.48642869	Lucas0446	WL_coniferous	Woodland	U120	U120	0-20	28	11	50	39	5.78	21.3	75.2	1	16.4	4.3	330.4	0.639934613	7	0.3197687	continental	2	17.48837209	Summer	903	8.837500047	5.841666716	27.04475235	603.3848696	21.20000076	-0.400000006	21.60000077	6.400000046	16.4333334	16.4333334	2.016666646	846	115	22	47.86368361	336	82	82	303	14.07.2018	16.44527054	0.410208493	LUCAS
Lucas0447	37882584	325.0077209	1.051030576	90	0	7	51.96603394	21.55007648	11.37485715	58.73831297	0.191822222	260.3568593	0.000736767	7.132243685	Lucas0447	CL_annual	Cropland	U111	U111	0-20	67	37	18	45	7.93	16.78	13.5	485	12.1	1.5	281.5	1.316379421	4	0.952629901	atlantic	1	9	Summer	1815	10.66250007	10.05833346	39.13748314	581.2100506	25.20000076	-0.5	25.70000076	16.08333349	4.749999944	17.96666686	3.833333317	689	84	38	26.70449142	212	123	209	133	16.07.2018	8.140185356	0.065165311	LUCAS
Lucas0448	34442320	166.2211761	5.003046248	90	0	5	114.6461258	15.90619326	13.91181037	86.34571075	1.358342189	401.9869642	0.00337907	21.85683441	Lucas0448	GL_managed	Grassland	U111	U111	0-20	10	32	30	38	5.67	5.76	22.9	1	6.5	2.2	343	1.208449619	4	2.344204653	atlantic	3	10.40909091	Spring	1427	13.57499997	9.049999873	43.09523749	447.8712266	25	4	21	9.233333349	19.0666666	19.38333337	8.583333254	1265	145	64	22.29315242	403	227	250	367	14.05.2018	19.22607422	0.033279859	LUCAS
Lucas0449	50004308	70.22143555	0.184643197	0	304.9411765	7	34.86391449	19.7939229	5.277939483	41.06936656	1.450621183	395.1631923	0.003670942	21.25683966	Lucas0449	WL_broadleaved	Woodland	U120	U120	0-20	4	44	12	44	5.36	7.34	36	1	36.8	2.9	245.1	1.011596645	6	0.660377418	boreal	2	12.4137931	Summer	1403	4.079166651	8.274999956	25.77881652	836.3977352	21.39999962	-10.69999981	32.09999943	13.08333349	-2.366666675	14.7833333	-5.849999984	613	80	31	31.64913097	216	100	213	121	23.07.2018	15.23875237	0.376331836	LUCAS
Lucas0450	34723194	132.2559052	0.138526746	5.126400082	15.52941176	5	53.27037811	11.80731916	10.58424679	62.09412083	3.607856811	843.3638618	0.004277936	29.09180814	Lucas0450	WL_broadleaved	Woodland	U111	U111	0-20	89	26	11	63	6.47	26.2	88.4	2	15.7	7.5	304.8	0.069549127	7	1.188876708	continental	2	11.78666667	Spring	832	9.604166622	7.37499993	38.01546197	445.1887167	20.70000076	1.299999952	19.40000081	5.516666671	13.68333332	15.33333333	4.616666694	802	89	49	19.00242356	252	164	170	234	29.05.2018	14.58500767	0.317487001	LUCAS
Lucas0451	50324550	147.7172241	0.000589075	0	337.4117647	7	52.15177917	19.33289337	3.495583396	38.4066907	14.19546248	3088.865038	0.004595689	81.18226601	Lucas0451	WL_coniferous	Woodland	U120	U120	0-20	1	20.05210918	39.89454094	39.80887097	4.5	14.76	498.3	0	25.5	24.6	107.6	0.144787639	6	0.99653919	boreal	2	20.25609756	Summer	1303	2.587500039	8.208333333	24.72389643	882.607506	20.79999924	-12.39999962	33.19999886	12.06666668	-3.766666618	13.89999994	-7.98333319	574	75	27	33.78228397	209	88	206	105	18.07.2018	8.906284332	-0.587985754	LUCAS
Lucas0452	35423508	343.1497498	1.44017495	5.126400082	208.9411765	7	91.02469635	15.96775341	9.136412897	67.8422974	1.444790855	550.659392	0.002623747	36.17973802	Lucas0452	GL_managed	Grassland	U111	U111	0-20	13	20	40	40	5.13	22.24	95.1	7	39.6	5.4	60.1	0.934302248	7	1.858870175	continental	3	17.61111111	Summer	1525	7.620833284	6.691666512	35.7843136	444.7596773	18.39999962	-0.300000012	18.69999963	3.416666607	9.016666849	13.3166666	2.566666647	1467	158	88	21.44178552	467	272	314	421	12.07.2018	11.88165188	-1.195915222	LUCAS
Lucas0453	43562476	89.62999725	0.889249143	0	206.1176471	7	48.4442215	25.29249859	14.30849944	66.20139554	1.011545863	634.1268619	0.001595179	22.3347725	Lucas0453	GL_managed	Grassland	U111	U111	0-20	46	21	41	38	7.44	17.34	33.7	7	12.5	3.4	107.7	1.097798679	6	0.831054127	boreal	3	9.911764706	Summer	3383	12.59583335	9.675000007	31.20967744	804.4265604	29	-2	31	18.35000006	4.566666633	22.41666667	2.616666645	821	102	40	22.74815657	260	156	220	159	12.07.2018	13.49845409	0.576331556	LUCAS
Lucas0454	50324560	136.0580902	0.007078819	0	235.7647059	7	51.71602249	19.40607357	3.495583396	38.4066907	7.063829787	1312.876159	0.005380424	89.77576975	Lucas0454	WL_coniferous	Woodland	U120	U120	0-20	1	20.05210918	39.89454094	39.80887097	3.84	9.5	513.6	1	65.4	17	154.5	0.122416983	7	0.986832612	continental	2	30.21176471	Summer	1467	2.583333313	8.266666563	24.75049897	887.968397	20.89999962	-12.5	33.39999962	13.94999997	-3.833333397	13.94999997	-8.049999952	566	73	26	34.04330208	205	86	205	103	18.07.2018	8.906284332	-0.587985754	LUCAS
Lucas0455	40903100	120.8899384	1.325744252	0	16.94117647	7	39.45026779	21.76854134	11.27699957	61.61704776	0.260460251	206.5642724	0.001260916	4.985920159	Lucas0455	CL_annual	Cropland	U111	U111	0-20	1	16	7	77	7.38	7.59	15.6	1	33.8	1.3	132.5	1.160480766	7	0.7203089	continental	1	12	Summer	1489	9.895833361	7.324999913	32.26872208	581.1253145	22.5	-0.200000003	22.7	15.61666663	5.816666571	17.1500001	2.916666658	749	75	50	12.49721039	217	163	216	171	10.07.2018	5.135470867	-0.724420488	LUCAS
Lucas0456	45403766	163.7734528	0.037566802	0	275.2941176	7	54.90900803	19.12406349	7.023319872	70.80480315	2.389846562	262.0865063	0.009118541	12.97395318	Lucas0456	WL_coniferous	Woodland	U120	U120	0-20	32	6	65	29	3.98	11.11	88.3	0	35.4	3.5	101.2	1.067405006	6	1.053429152	boreal	2	25.22857143	Summer	695	6.320833335	7.808333368	30.03205197	670.6118588	20.89999962	-5.099999905	25.99999952	6.66666673	5.16666669	14.89999994	-1.450000018	905	95	52	20.29951688	273	171	234	227	11.07.2018	1.925265789	-1.211181521	LUCAS
Lucas0457	51944466	130.0215607	0.003235204	0	42.35294118	7	67.52374268	19.38273001	4.093927258	41.1716411	1.50737798	325.7820658	0.004626952	11.11484782	Lucas0457	WL_coniferous	Woodland	U120	U120	0-20	6	4	59	37	4.49	5.58	36.6	2	32.9	1.7	48.5	0.681241917	6	1.289045887	boreal	2	21.52941176	Summer	2020	2.787500046	7.85833321	23.31849564	916.1806263	21.10000038	-12.60000038	33.70000076	14.50000016	-3.883333325	14.50000016	-8.283333302	644	84	32	32.67953452	231	104	231	122	11.07.2018	11.13831234	-0.364627838	LUCAS
Lucas0458	29181908	249.0863342	7.647587723	0	136.9411765	7	2.917147636	25.92358685	17.2442651	34.57268153	0	169.4786799	0	1.130131295	Lucas0458	Other bare soil	Bareland	U112	U111	0-20	17	12	50	38	6.32	11.83	8.4	2	17.4	1	72.4	1.253318622	9	0.049507299	mediterranean	Bareland	8.4	Summer	525	16.5625	12.5916667	40.88203575	643.8101233	34.29999924	3.5	30.79999924	9.983333429	24.76666673	24.85000006	9.150000095	545	92	5	59.72181558	243	34	37	216	09.07.2018	2.307823658	-0.240204111	LUCAS
Lucas0459	50263082	334.2192078	2.068343321	0	352.9411765	7	111.889946	19.77592087	8.861970073	50.64212879	0.757148333	187.5797879	0.004036407	13.43729263	Lucas0459	CL_annual	Cropland	U111	U111	0-20	4	13	9	78	7.63	32.3	12.7	6	74	1.7	178.8	1.491740739	6	2.120094622	boreal	1	7.470588235	Summer	1793	7.899999951	8.933333238	30.80459839	754.6793366	23.29999924	-5.699999809	28.99999905	17.01666641	-0.333333343	17.01666641	-1.5166667	700	96	32	38.66287816	276	107	276	112	09.07.2018	13.41891098	0.324255079	LUCAS
Lucas0460	32061692	1096.168945	4.08139552	0	265.4117647	7	0.615678251	24.93117857	13.88182675	22.57415857	3.769721116	1065.295263	0.003538663	37.32312302	Lucas0460	CL_permanent	Cropland	U111	NA	0-20	57	15	52	34	8.24	14.42	12.1	376	24.7	1	216.2	1.336567073	1	0.010627753	alpine	1	12.1	Summer	892	12.9583335	13.8833335	40.47619004	721.591795	33.20000076	-1.100000024	34.30000079	5.783333457	22.26666721	22.45000029	4.900000121	439	54	6	45.74159245	158	35	38	149	10.07.2018	2.230295658	0.588771164	LUCAS
Lucas0461	46923874	74.69944763	2.944728603	19.26546457	221.6470588	7	46.16754913	20.04827261	6.833896913	44.29402582	0.310695187	406.6654783	0.000764007	6.484414069	Lucas0461	WL_coniferous	Woodland	U120	U120	0-20	6	21	13	67	5.17	9.03	37.5	0	15.2	2.2	100.4	0.8939677	6	0.870293166	boreal	2	17.04545455	Summer	NA	6.545833471	8.208333586	29.84848525	706.7739196	22.10000038	-5.400000095	27.50000048	14.61666695	1.033333349	15.71666702	-1.633333306	592	72	30	26.11565628	197	103	185	125	23.07.2018	2.414607763	-0.661366343	LUCAS
Lucas0462	38982814	133.9414978	0.519637585	90	0	7	33.538311	22.63064909	11.52471778	56.15507748	0.362032998	235.8671218	0.001534902	11.21400909	Lucas0462	CL_annual	Cropland	U111	U111	0-20	8	22	3	75	7.49	19.09	10.7	4	61	1.3	254.8	1.276798157	1	0.602874702	alpine	1	8.230769231	Summer	1807	10.46249991	9.224999808	36.60714263	593.6027246	24.89999962	-0.300000012	25.19999963	4.233333393	6.466666609	17.96666654	3.383333359	727	68	49	9.948822246	200	156	184	191	16.07.2018	5.546984673	-0.359542876	LUCAS
Lucas0463	40642274	214.459259	0.050967975	8.88512427	160.9411765	7	13.36491489	24.30552673	14.1743395	65.71153008	0.521465969	235.0363002	0.002218661	5.289256198	Lucas0463	WL_broadleaved	Woodland	U420	U420	0-20	26	13	53	34	5.43	4.58	21.5	1	7.9	1.4	72.1	1.04166141	7	0.233222093	continental	2	15.35714286	Summer	1438	13.81249998	7.991666675	34.29899867	556.9320482	26.5	3.200000048	23.29999995	11.06666652	20.88333337	20.95000029	7.533333222	845	119	16	39.884685	312	102	130	256	16.07.2018	6.377150059	1.192793131	LUCAS
Lucas0464	41303178	104.5266876	0.008973153	0	278.1176471	7	54.94016266	21.09056807	10.780524	64.63394125	0.521337521	61.18049141	0.008521303	10.52892562	Lucas0464	WL_coniferous	Woodland	U120	U120	0-20	4	4	76	20	3.92	7.09	28	1	24.6	1.5	27.9	1.460530167	7	1.01570689	continental	2	18.66666667	Summer	1436	9.487500058	7.375000185	32.63274363	571.4500139	22.10000038	-0.5	22.60000038	3.766666638	5.350000024	16.61666679	2.633333353	877	86	57	13.39308612	246	185	239	221	10.07.2018	1.646157742	-0.893822968	LUCAS
Lucas0465	54662028	834.284668	1.953712668	5.126400082	357.1764706	7	78.21179962	22.08362675	14.38095936	35.92484364	0.995754891	218.6881998	0.004553309	9.925187032	Lucas0465	WL_broadleaved	Woodland	U120	U120	0-20	19	27	41	33	5.43	3.98	13.1	0	2	1	91.8	1.028768695	7	1.419873822	continental	2	13.1	Summer	1339	11.17083338	8.558333409	32.17418486	690.116789	25.70000076	-0.899999976	26.60000074	7.600000049	19.30000003	19.80000019	2.950000023	551	59	28	22.74770575	172	90	104	156	23.07.2018	22.68741226	1.190038562	LUCAS
Lucas0466	40782882	251.3948669	0.93604972	0	204.7058824	7	26.82761955	21.77672386	10.82380475	61.81594668	1.376397995	429.9803317	0.003201072	13.6242505	Lucas0466	CL_annual	Cropland	U111	U111	0-20	9	32	6	62	6.47	14.63	20	1	17.9	2.1	147.3	1.32605912	1	0.489763127	alpine	1	9.523809524	Summer	1254	9.458333394	8.56666676	33.86034395	632.2177228	23.79999924	-1.5	25.29999924	5.600000008	5.366666655	17.41666683	1.883333349	835	89	57	12.4314513	243	185	201	224	11.07.2018	8.248919487	-0.231582835	LUCAS
Lucas0467	45844474	334.595459	0.072049126	0	196.2352941	7	56.71607971	17.5449791	2.894742887	42.97215211	1.642972827	549.5993042	0.002989401	7.197728791	Lucas0467	WL_coniferous	Woodland	U120	U120	0-20	64	15	43	42	4.16	11.73	61	1	40.5	2.4	140.8	1.067405006	7	1.122091269	continental	2	25.41666667	Summer	836	2.191666685	8.483333225	27.10330087	816.2297865	19.10000038	-12.19999981	31.30000019	12.61666679	-3.266666611	12.61666679	-7.616666675	581	88	28	37.29811784	222	91	222	103	23.07.2018	3.277509689	-1.440769076	LUCAS
Lucas0468	32902134	1010.775757	2.673250086	90	0	7	27.97895432	21.61441517	11.72953641	33.49339465	0	528.3623932	0	9.392631928	Lucas0468	CL_annual	Cropland	U111	U111	0-20	4	46	8	45	7.87	17.4	20.4	305	15.4	2.5	379.2	1.079550723	4	0.512299806	atlantic	1	8.16	Summer	1545	10.62916663	12.55833318	40.90662266	642.6240887	28.5	-2.200000048	30.70000005	12.21666674	18.96666654	18.96666654	3.366666585	460	56	22	25.93477132	146	77	77	120	08.07.2018	4.330462933	0.057772875	LUCAS
Lucas0469	30182092	896.5392456	0.729890938	90	0	7	8.120965004	21.72407579	12.55344687	34.08096424	0	116.8937704	0	0.771294433	Lucas0469	WL_broadleaved	Woodland	U111	U111	0-20	25	17	58	26	6.26	2.68	5.9	1	3.9	0.6	92.2	1.48062575	9	0.148398395	mediterranean	2	9.833333333	Summer	1639	11.7874999	11.89166666	39.77146089	637.7486043	29.39999962	-0.5	29.89999962	5.2333333	19.96666638	20.04999971	4.566666653	490	60	14	37.18416378	169	60	67	158	09.07.2018	2.340368748	-0.148992807	LUCAS
Lucas0470	52544508	120.1342773	0.000978023	0	9.882352941	7	62.63906097	19.78237677	4.190828261	40.25747721	4.721871049	944.339233	0.005000185	73.3040837	Lucas0470	WL_coniferous	Woodland	U120	U120	0-20	23	6	63	31	4.63	9.55	152.7	0	20.3	5.9	63.1	0.359027215	6	1.186741955	boreal	2	25.88135593	Summer	1496	2.808333342	7.51666665	21.91447991	945.7556736	21	-13.30000019	34.30000019	13.03333346	-4.11666673	14.85000006	-8.700000048	627	82	33	30.65041666	219	102	218	125	10.07.2018	11.05961037	-0.844601691	LUCAS
Lucas0471	32142004	757.8650513	3.926856995	90	0	4	65.93054199	12.33779073	14.44132112	29.40852165	0	326.5275755	0	1.959156566	Lucas0471	CL_annual	Cropland	U112	U111	0-20	23	2	36	62	7.72	236	13.4	188	13.2	1.5	201.4	0.926832968	4	1.454207206	atlantic	1	8.933333333	Spring	1780	13.69583337	12.87500014	39.37309004	704.232202	32.79999924	0.100000001	32.69999924	9.50000004	22.9333334	22.9333334	5.84999998	437	55	10	40.25006486	158	50	50	131	27.04.2018	20.41203499	0.695949495	LUCAS
Lucas0472	48442898	184.3966827	0.324279476	0	189.1764706	7	101.4413452	21.25193453	10.30552508	43.06515282	0.138947728	21.37148389	0.006501548	1.364785173	Lucas0472	CL_annual	Cropland	U111	U111	0-20	4	9	76	16	4.62	6.86	5.5	0	65.5	0.7	110.9	1.431976763	6	1.869819871	boreal	1	7.857142857	Summer	2599	9.291666608	8.933333295	30.80459706	766.7933042	25.10000038	-3.900000095	29.00000048	18.58333349	1.233333354	18.58333349	-0.283333361	614	86	27	42.26615435	246	86	246	93	17.07.2018	6.594504833	-0.332041144	LUCAS
Lucas0473	51782890	190.8635712	8.741850588	8.88512427	242.8235294	7	77.53937531	20.88473082	9.95669124	48.01842117	0.154562384	345.3541899	0.000447547	11.54669741	Lucas0473	CL_annual	Cropland	U111	U111	0-20	65	36	7	57	6.61	14.97	17.7	1	18.4	1.9	325.7	1.289958039	6	1.438986038	boreal	1	9.315789474	Summer	1994	9.037499993	9.291666718	30.46448057	805.7298402	25.10000038	-5.400000095	30.50000048	18.61666679	0.566666583	18.61666679	-1.233333359	630	83	30	34.47940708	234	93	234	106	23.07.2018	11.67968845	-0.072275765	LUCAS
Lucas0474	41883154	225.2086945	0.507736211	7.252246865	40.94117647	7	62.43837738	20.07117271	10.11358	69.28306058	0.88795045	176.8008008	0.005022321	11.49501661	Lucas0474	WL_broadleaved	Woodland	U361	U120	0-20	16	23	17	60	4.18	8.87	31.6	0	15	2.3	48.2	1.096375335	7	1.176502689	continental	2	13.73913043	Summer	979	8.495833347	7.908333402	33.79629714	569.7665331	21.39999962	-2	23.39999962	2.966666671	4.166666652	15.70000013	1.783333354	966	96	62	13.24099476	275	207	262	253	23.07.2018	3.844966412	-1.166865468	LUCAS
Lucas0475	46364574	415.9952393	0.011206439	0	50.82352941	7	78.52996826	17.43280745	1.875367278	44.64518437	0.943349316	188.1981886	0.005012531	6.786955802	Lucas0475	WL_coniferous	Woodland	U120	U120	0-20	26	8	53	39	4.32	3.18	14	3	10.7	0.8	25	1.229693936	6	1.557120697	boreal	2	17.5	Summer	781	0.925000013	9.300000093	26.80115242	910.223503	19.10000038	-15.60000038	34.70000076	12.38333344	-5.083333349	12.38333344	-10.2166667	650	97	31	36.94614879	249	98	249	122	24.07.2018	4.48976326	-1.189536095	LUCAS
Lucas0476	30682088	942.5257568	1.034227934	90	0	7	6.163836002	21.30483866	11.99240323	34.98459535	0.279390134	119.9076714	0.002330044	2.852431987	Lucas0476	CL_annual	Cropland	U112	U111	0-20	25	12	74	14	5.75	9.36	4.4	1	8.2	0.5	71.9	1.502426093	9	0.113504361	mediterranean	1	8.8	Summer	2595	11.49999994	11.33333313	38.68031735	636.7674025	28.60000038	-0.699999988	29.30000037	7.800000017	19.68333324	19.76666657	4.333333209	396	49	15	31.97395921	126	62	69	104	23.07.2018	4.330982208	0.146988064	LUCAS
Lucas0477	45384472	300.3334656	0.000524872	0	321.8823529	7	41.79795074	17.67606544	3.590694073	47.14044009	7.80980981	2084.776109	0.003746114	83.45204572	Lucas0477	WL_coniferous	Woodland	U120	U120	0-20	1	20.05210918	39.89454094	39.80887097	5.22	16.73	88.9	1	18.1	5.4	90.1	1.067405006	7	0.824806551	continental	2	16.46296296	Summer	849	2.845833246	7.708333262	25.60908109	796.4736306	18.79999924	-11.30000019	30.09999943	12.93333292	-2.583333333	12.93333292	-6.75	537	81	25	38.97965405	206	79	206	93	17.07.2018	3.122569323	-1.321853757	LUCAS
Lucas0478	46602982	349.0553284	1.793269197	0	309.1764706	7	50.74832535	20.78854132	9.686139207	47.05441154	0	144.2014438	0	3.92998679	Lucas0478	CL_annual	Cropland	U111	U111	0-20	8	9	54	38	6.07	9.79	11.2	1	21.1	1.3	62.3	1.402643361	9	0.943478371	mediterranean	1	8.615384615	Summer	1475	8.554166631	8.191666491	30.22755173	716.5620421	23.5	-3.599999905	27.0999999	15.8499999	-0.25	17.38333305	-0.25	514	75	22	45.27168654	211	73	209	73	23.07.2018	5.33300972	-0.891995788	LUCAS
Lucas0479	50284502	107.1483765	0.381436111	0	348.7058824	7	49.11561584	19.25315523	3.738029028	41.89142117	1.236561305	530.4290987	0.002331247	15.970225	Lucas0479	CL_annual	Cropland	U111	U111	0-20	11	12	11	78	5.83	12.32	116.5	1	62.9	6.1	52.3	0.542802276	7	0.939955025	continental	1	19.09836066	Summer	2071	2.762500032	8.791666714	25.85784255	884.803852	21.20000076	-12.80000019	34.00000095	12.20000009	-3.716666778	14.05000011	-7.883333365	573	76	25	35.50905452	211	87	209	100	18.07.2018	10.62452316	-0.241566107	LUCAS
Lucas0480	33982230	418.8147278	1.879032837	90	0	7	57.1652298	23.4919014	12.66684246	51.93204217	0.80124929	325.9670642	0.002458068	11.93532255	Lucas0480	CL_annual	Cropland	U111	U111	0-20	79	38	11	51	8.19	14.86	11.2	381	17.6	1.5	238.4	1.284083294	4	1.011919025	atlantic	1	7.466666667	Summer	2341	13.26250002	10.25833358	37.99382809	587.4526132	29	2	27	10.34999986	21.01666673	21.01666673	6.583333294	664	71	33	23.29724757	202	114	114	181	15.07.2018	5.760719776	0.023765694	LUCAS
Lucas0481	37382484	1169.51416	0.819775727	90	0	6	85.4655304	14.98270988	8.517494804	71.32841652	3.340616375	915.6852193	0.003648215	28.26266293	Lucas0481	GL_managed	Grassland	U111	U111	0-20	29	11	23	65	5.58	26.67	175.9	1	32.9	14.8	287.7	0.534551818	1	1.781173481	alpine	3	11.88513514	Summer	1130	6.900000056	8.750000277	36.45833449	566.0308384	20.5	-3.5	24	4.116666744	2.583333346	14.05000003	0.350000024	1055	109	67	14.80765684	294	233	239	260	05.06.2018	18.8300705	0.640852273	LUCAS
Lucas0482	33542042	1036.346069	2.30376688	90	0	7	24.72691917	22.86168289	11.49487857	31.00461317	0.45404814	208.0044979	0.002182877	8.752079867	Lucas0482	CL_annual	Cropland	U112	U111	0-20	22	38	18	44	8.27	17.81	12.1	624	22.1	1.3	305	1.010433299	4	0.442645439	atlantic	1	9.307692308	Summer	3046	11.55416663	14.72499992	44.21921936	657.7249281	30.89999962	-2.400000095	33.29999971	13.36666636	5.216666646	20.14999994	4.199999988	445	69	21	37.47844442	165	71	117	82	24.07.2018	3.000905514	-0.090009823	LUCAS
Lucas0483	37222482	703.7849121	1.623675744	90	0	6	76.5189209	17.67407322	10.30967261	75.78463805	2.310106593	687.1229109	0.003361999	16.15359153	Lucas0483	GL_managed	Grassland	U111	U111	0-20	9	24	40	36	6.33	9.92	41.1	0	27.7	4.2	120.8	0.918931119	1	1.510021122	alpine	3	9.785714286	Summer	1843	9.504166623	10.07499993	39.50980475	570.703136	23.79999924	-1.700000048	25.49999928	11.66666667	3.599999984	16.69999965	2.716666698	827	88	52	15.16677218	232	175	203	190	05.06.2018	17.4323864	0.41312781	LUCAS
Lucas0484	44522402	4.608651161	0.819515785	0	114.3529412	7	32.03984833	26.05658817	14.63183965	54.1252339	0.250329877	137.337229	0.001822739	11.04963112	Lucas0484	CL_permanent	Cropland	U111	U111	0-20	83	33	14	53	7.87	26.16	12.7	152	15.4	1.7	422.8	1.386437755	7	0.542527927	continental	1	7.470588235	Summer	2947	13.66666667	8.94999973	29.4407882	803.4028049	30.10000038	-0.300000012	30.40000039	14.23333311	3.650000016	23.4333334	3.650000016	612	65	35	18.5001054	190	121	148	121	30.07.2018	7.183890343	0.533595502	LUCAS
Lucas0485	49224492	10.18999958	0.028429676	0	0	7	40.06678009	19.92089653	4.685127133	36.14878424	0.744316997	514.1557178	0.001447649	20.34883721	Lucas0485	A30	Others	U319	U319	0-20	7	25	5	70	6.57	11.43	28.5	0	39.3	2.4	146.8	1.044000286	6	0.757106979	boreal	Others	11.875	Summer	1884	3.745833355	7.691666737	24.57401499	839.327279	20.5	-10.80000019	31.30000019	13.06666668	-2.7666667	14.58333349	-6.116666794	528	64	24	32.64611461	187	80	170	100	25.07.2018	9.615323067	-0.528661072	LUCAS
Lucas0486	45163932	87.94697571	0.510189503	0	355.7647059	7	36.00856781	19.36050129	7.658888742	51.43346184	0.361279334	266.0167802	0.001358107	11.1783493	Lucas0486	CL_annual	Cropland	U111	U111	0-20	5	17	62	21	5.54	10.68	19.4	0	34.1	1.9	174.8	1.114809545	6	0.687704795	boreal	1	10.21052632	Summer	1697	6.34999991	7.716666503	28.68649349	701.9064844	21.29999924	-5.599999905	26.89999914	14.11666648	0.966666684	15.26666641	-1.949999993	588	68	28	25.29822128	188	99	180	117	29.07.2018	3.495461941	-1.467565656	LUCAS
Lucas0487	35462962	60.12766266	0.512561532	90	0	7	35.00222015	20.29896116	11.5724668	61.6448037	0.724746974	181.0988953	0.00400194	15.87646077	Lucas0487	CL_annual	Cropland	U111	U111	0-20	14	17	13	70	5.35	8.45	17.4	1	23.6	2.1	71.2	1.164967553	7	0.656714866	continental	1	8.285714286	Summer	1136	11.02083333	7.39166673	37.71258462	457.122715	22.10000038	2.5	19.60000038	8.916666547	16.71666654	16.78333346	5.749999921	787	88	45	23.88846395	259	141	159	233	30.07.2018	6.545137882	-0.504114509	LUCAS
Lucas0488	52283958	58.50607681	0.808220655	0	43.76470588	7	51.81111526	20.35707808	6.551810139	50.31754022	0.200448508	190.4260825	0.001052632	4.49752883	Lucas0488	CL_annual	Cropland	U111	U111	0-20	7	6	69	26	6.22	3.48	11.1	0	21.2	1.1	46.1	1.396247465	6	0.971026097	boreal	1	10.09090909	Summer	1897	5.058333382	7.333333323	22.91666664	886.5813674	22.10000038	-9.899999619	32	14.55000019	-1.283333321	16.03333362	-6.049999873	684	83	29	33.12368765	240	99	224	123	24.07.2018	5.95155859	-0.480431825	LUCAS
Lucas0489	54301746	774.628418	4.849172658	0	173.6470588	7	53.04829407	22.73378181	16.39432325	43.88199706	1.079	325.2825333	0.003317116	15.71139582	Lucas0489	CL_permanent	Cropland	U111	U111	0-20	27	31	19	50	8.21	19.61	13.7	259	8.6	1.5	240.6	1.017479571	9	0.951815799	mediterranean	1	9.133333333	Summer	845	12.52500002	11.06666676	38.69463903	664.9726645	29	0.400000006	28.59999999	6.333333358	20.98333343	20.98333343	4.86666666	745	116	18	56.57470512	315	60	60	303	30.07.2018	8.608510017	0.302282214	LUCAS
Lucas0490	42543140	268.3447266	0.058840305	14.5337469	96	7	43.23865509	19.82712221	9.39015263	58.88854639	0.944393467	186.3806203	0.005067015	9.530134484	Lucas0490	WL_broadleaved	Woodland	U120	U120	0-20	9	17	15	68	4.64	7.32	21.8	0	16.6	1.9	83.4	1.146856986	6	0.81849348	boreal	2	11.47368421	Summer	1600	7.987500015	8.158333533	33.16395629	613.0776573	21.70000076	-2.900000095	24.60000086	14.15000002	3.549999916	15.70000013	0.616666625	768	79	49	13.1364339	218	159	214	187	24.07.2018	8.794077873	-0.092903309	LUCAS
Lucas0491	28222378	282.6043091	2.626329475	7.252246865	255.5294118	7	37.5244751	19.36895895	13.9188242	104.3438291	2.448201439	397.0863309	0.006165414	30.5	Lucas0491	WL_broadleaved	Woodland	U112	U111	0-20	13	18	30	52	5.24	7.59	134.3	1	8.9	9.7	72	0.754088713	9	0.716540406	mediterranean	2	13.84536082	Summer	1600	13.25000006	8.150000135	43.12169362	398.4857774	24	5.099999905	18.9000001	8.700000048	18.20000013	18.45000013	8.700000048	1715	249	37	47.69931546	679	161	199	679	09.07.2018	9.567173958	1.603694797	LUCAS
Lucas0492	35562670	164.6083679	0.320498892	90	0	7	49.90393448	21.63026762	12.24591411	55.51296455	0.386495925	257.0197905	0.001503759	13.69725385	Lucas0492	Other bare soil	Bareland	U111	U111	0-20	6	24	38	38	6.99	11.6	15	2	23.8	1.5	107.7	0.882354062	4	0.913485082	atlantic	Bareland	10	Summer	1771	11.08749997	9.058333337	38.38276892	541.5681062	24.89999962	1.299999952	23.59999967	5.549999992	17.93333324	17.93333324	4.800000072	786	87	47	21.04774868	251	145	145	232	23.07.2018	7.333331108	0.447638422	LUCAS
Lucas0493	45424490	303.9472046	0.002210699	0	216	7	42.0038414	17.6340065	3.590694073	47.14044009	13.84463508	3310.89833	0.004181534	84.44331469	Lucas0493	WL_coniferous	Woodland	U120	U120	0-20	14	20.05210918	39.89454094	39.80887097	5.49	46.5	467.4	2	34.3	21.5	186.6	1.067405006	7	0.829557926	continental	2	21.73953488	Summer	916	2.533333265	7.7666666	25.38126387	809.5013434	18.79999924	-11.80000019	30.59999943	12.7833333	-2.766666671	12.7833333	-7.26666681	578	83	29	34.20813722	212	91	212	108	23.07.2018	3.34203577	-1.405625582	LUCAS
Lucas0494	35482708	60.64125061	1.867647737	90	0	7	44.73051834	22.08261204	12.56227789	52.09228034	0.205916031	318.8108142	0.000645888	12.25720027	Lucas0494	CL_annual	Cropland	U111	U111	0-20	57	27	27	46	7.14	11.4	16.4	3	50.9	1.7	348.8	1.122768546	7	0.812062404	continental	1	9.647058824	Summer	2247	11.64583334	9.325000117	39.18067205	545.662481	25.60000038	1.799999952	23.80000043	6.033333361	18.5333333	18.5333333	5.283333321	728	80	44	20.53924734	230	135	135	213	23.07.2018	8.149565697	0.916783273	LUCAS
Lucas0495	35442636	83.11099243	2.491243768	90	0	7	49.27138901	21.91415167	12.286701	57.45624783	0.223590533	477.2167276	0.00046853	14.02812242	Lucas0495	CL_annual	Cropland	U111	U111	0-20	62	29	15	56	7.19	16.44	39.7	9	65.6	4.3	355.5	1.021652301	7	0.897243925	continental	1	9.23255814	Summer	1800	11.79166672	9.26666679	39.2655378	542.7155356	25.39999962	1.799999952	23.59999967	6.166666627	18.61666663	18.61666663	5.466666738	854	99	44	24.04309209	283	147	147	258	24.07.2018	8.160570145	0.541632712	LUCAS
Lucas0496	49423488	88.99954987	0.915035195	0	108.7058824	7	99.28213501	19.87396622	8.450697598	47.90030309	0.707954756	242.9003029	0.00291459	11.35765943	Lucas0496	GL_managed	Grassland	U111	U111	0-20	2	21	55	24	7.1	12.01	10.4	2	8.7	1.3	72.5	1.538465615	6	1.877713024	boreal	3	8	Summer	2075	7.462499949	7.124999836	26.88679183	732.7970185	21.5	-5	26.5	16.3166666	2.483333359	16.3166666	-1.650000036	691	83	32	31.46199698	243	108	243	128	25.07.2018	11.65746021	-0.216035351	LUCAS
Lucas0497	29482396	510.3591919	0.083581401	10.2630959	213.1764706	7	52.22010803	18.34294701	12.46020678	74.63293718	4.434591022	612.0954742	0.007244934	39.20977733	Lucas0497	WL_broadleaved	Woodland	U120	U120	0-20	51	10	62	28	3.95	14.26	180.4	1	8.2	8.5	106.7	0.811750842	9	1.017084353	mediterranean	2	21.22352941	Summer	1241	11.53749988	9.608333151	44.68992312	439.566535	23.79999924	2.299999952	21.49999928	9.400000056	17.03333314	17.23333295	6.51666673	1254	160	39	40.2663619	459	140	164	422	18.07.2018	21.96772003	1.743142366	LUCAS
Lucas0498	42843218	159.3460693	4.82458019	8.88512427	251.2941176	7	49.45705414	20.50533342	9.723566206	60.56098035	0.680934546	64.31377445	0.010587694	6.565572405	Lucas0498	WL_broadleaved	Woodland	U120	U120	0-20	10	17	11	72	4.37	7.16	23.6	0	16	1.6	50	1.211973852	6	0.924338771	boreal	2	14.75	Summer	1208	8.975000086	7.483333463	31.98005708	604.0300315	22.10000038	-1.299999952	23.40000033	16.51666673	4.666666746	16.51666673	1.733333319	826	82	54	12.37623991	228	177	228	209	24.07.2018	4.150436401	-0.888560414	LUCAS
Lucas0499	42483154	342.3736572	0.063106494	8.88512427	31.05882353	7	48.36816788	19.70429993	9.291360479	64.98604443	0.891632115	105.41073	0.008458647	11.84582157	Lucas0499	WL_broadleaved	Woodland	U120	U120	0-20	2	10	50	40	4.34	7.07	27	1	24.4	1.6	43.1	1.293297062	7	0.917727167	continental	2	16.875	Summer	1078	8.070833329	7.758333317	32.46164684	603.5480584	21.29999924	-2.599999905	23.89999914	2.066666643	3.666666723	15.61666648	0.833333333	863	85	58	11.93376899	239	183	233	220	24.07.2018	8.419652939	-0.594556808	LUCAS
Lucas0500	39422470	532.1897583	1.18764992	90	0	7	61.4924736	22.46256542	11.37696773	69.55242137	1.823653038	320.5823462	0.005688564	13.18626638	Lucas0500	WL_coniferous	Woodland	U120	U120	0-20	8	16	34	51	4.9	5.48	35.1	121	6	2	88.6	0.024622755	7	1.108720326	continental	2	17.55	Summer	2000	10.37083324	9.14166656	34.23845254	637.0188221	25.29999924	-1.399999976	26.69999921	10.78333342	2.883333369	18.43333308	2.883333369	994	109	61	19.87456981	308	206	214	206	31.07.2018	9.463933945	0.05551406	LUCAS
Lucas0501	32901910	844.427124	1.424504585	0	259.7647059	7	1.090738297	25.03141308	14.37745004	27.97108766	0	193.9857221	0	9.687551661	Lucas0501	CL_annual	Cropland	U111	U111	0-20	13	38	22	40	8.23	15.75	10.8	227	6.4	1	301.5	1.275291303	9	0.018795653	mediterranean	1	10.8	Summer	1474	13.54166657	13.13333324	39.79797857	705.0526461	32.70000076	-0.300000012	33.00000077	15.39999978	22.64999994	22.83333302	5.699999909	433	52	14	33.39425099	138	61	66	116	30.07.2018	2.273477554	-0.319342494	LUCAS
Lucas0502	37642978	105.6094818	2.491243768	90	0	7	30.99469376	20.73959112	10.98849869	54.50754929	0.237652112	320.0282749	0.000742597	6.897700766	Lucas0502	CL_annual	Cropland	U111	U111	0-20	5	23	3	73	7.33	17.32	17.5	4	24.2	1.8	161.8	1.236875476	7	0.576757156	continental	1	9.722222222	Summer	1956	10.075	7.966666788	35.40740738	535.3015332	23.10000038	0.600000024	22.50000036	7.199999948	6.166666607	16.75	3.766666631	683	68	48	11.00559113	191	149	164	173	31.07.2018	3.79833293	-0.335585803	LUCAS
Lucas0503	33462052	1086.344238	0.832308759	90	0	7	23.56394196	22.20009851	11.98438519	29.68745764	0.207908391	439.7955508	0.000472739	6.912058628	Lucas0503	D20	Shrubland	U420	U420	0-20	43	33	21	46	8.08	14.39	29.1	23	3.1	3.1	376.7	1.161366548	1	0.426882245	alpine	Shrubland	9.387096774	Summer	2176	11.13333332	14.59999984	44.24242472	653.383969	30.29999924	-2.700000048	32.99999928	12.88333333	4.799999992	19.6500001	3.833333393	472	70	26	33.37005096	168	82	112	96	24.07.2018	4.252308369	0.456911564	LUCAS
Lucas0504	42603190	168.1499939	0.707852436	0	81.88235294	7	53.93667603	20.1976037	9.530002469	60.89770407	0.410745847	162.5868976	0.002526316	5.982053838	Lucas0504	CL_annual	Cropland	U111	U111	0-20	9	11	2	86	7.22	9.14	11.3	1	51.4	1.3	115.1	1.311619641	7	1.013892963	continental	1	8.692307692	Summer	1742	8.84583332	7.691666565	32.04861117	607.9303784	22.39999962	-1.600000024	23.99999964	2.700000024	4.51666683	16.41666651	1.533333377	904	90	56	13.06863946	253	192	243	238	24.07.2018	4.067762852	-0.882337213	LUCAS
Lucas0506	42183148	452.8739319	0.845927886	5.126400082	57.88235294	7	60.22130203	18.99493408	9.71100235	69.4180585	2.315527682	257.8313149	0.008980785	23.27857972	Lucas0506	WL_coniferous	Woodland	U120	U120	0-20	23	29	16	55	3.71	10.86	60.1	1	9.4	3.6	63.8	1.027342353	6	1.158214797	boreal	2	16.69444444	Summer	1248	7.450000027	7.366666757	32.30994198	580.7557751	20	-2.799999952	22.79999995	1.733333369	10.1000001	14.73333327	0.583333333	1123	118	79	13.49798975	333	249	269	310	23.07.2018	10.01718807	-0.438598275	LUCAS
Lucas0507	45324498	369.0899353	0.008297336	5.126400082	97.41176471	7	40.33230972	17.0579133	2.820492106	48.93148081	3.174771109	539.0356053	0.005889724	17.06041174	Lucas0507	WL_coniferous	Woodland	U120	U120	0-20	28	13	43	44	3.7	32.4	114.9	0	67.8	4.2	372.9	1.067405006	9	0.805712964	mediterranean	2	27.35714286	Summer	729	2.366666748	7.750000162	26.18243264	779.0417641	18.20000076	-11.39999962	29.60000038	12.30000027	-2.866666595	12.30000027	-6.933333278	599	85	30	33.87748542	216	95	216	114	23.07.2018	5.009130478	-1.190499783	LUCAS
Lucas0508	35782450	121.861618	1.99604294	90	0	7	60.9704361	23.58781338	13.16076314	57.95223176	0.653782744	582.3835867	0.001122598	9.273724447	Lucas0508	CL_annual	Cropland	U111	U111	0-20	73	42	10	48	7.82	17.31	22.5	317	8.2	2.4	280.2	1.17956706	7	1.077448172	continental	1	9.375	Summer	1346	12.89583342	10.14166687	40.56666632	553.9628278	27.20000076	2.200000048	25.00000072	7.150000135	19.86666679	19.86666679	6.550000032	994	107	57	19.01645749	305	186	186	285	30.07.2018	11.87452507	1.436774731	LUCAS
Lucas0509	46804612	412.9329834	0.337134049	7.252246865	235.7647059	7	73.70940399	17.09343863	1.172486366	43.46177442	1.000988533	91.66429419	0.010920158	16.2027833	Lucas0509	WL_coniferous	Woodland	U120	U120	0-20	22	10	49	41	4.16	4.58	15.7	1	35.2	1.1	36.4	1.195680223	7	1.471438296	continental	2	14.27272727	Summer	1090	0.562499955	7.991666665	24.66563742	881.2752243	18.20000076	-14.19999981	32.40000057	11.8499999	-5.316666663	11.8499999	-9.900000095	623	89	29	35.34926859	232	96	232	117	24.07.2018	12.70201874	-0.369775146	LUCAS
Lucas0510	27361846	162.9132996	1.776074813	0	213.1764706	7	1.457773805	23.02397823	17.37857206	37.13350427	0	409.581163	0	7.077739102	Lucas0510	CL_permanent	Cropland	U111	NA	0-20	46	49	23	28	7.92	13.46	10.3	22	22.5	0.9	303.2	1.124151862	4	0.026020534	atlantic	1	11.44444444	Summer	1069	16.53333334	11.58333325	45.07133512	499.4330233	31.60000038	5.900000095	25.70000029	11.69999989	22.66666667	23.05000035	10.78333338	575	101	3	64.14152895	259	24	30	245	24.07.2018	2.161702156	-0.510214865	LUCAS
Lucas0511	30622096	976.0950928	1.891491049	90	0	7	7.068869114	21.26683998	12.50461277	33.28850325	0.760305344	59.92332485	0.01268797	2.545875351	Lucas0511	Other bare soil	Bareland	U111	U111	0-20	21	9	82	9	5.16	7.15	4.8	1	70.1	0.5	115.1	1.363846652	4	0.1302613	atlantic	Bareland	9.6	Summer	2705	11.26666669	11.21666685	38.41324313	639.4754024	28.39999962	-0.800000012	29.19999963	7.566666772	19.5	19.55000003	4.066666653	415	50	15	32.45336617	134	62	70	114	23.07.2018	3.097266436	-0.024158917	LUCAS
Lucas0512	32461916	840.2729492	4.442282995	7.252246865	234.3529412	7	1.176794887	25.39304352	14.80436947	26.70324075	0	503.3988426	0	5.216389666	Lucas0512	CL_annual	Cropland	U111	U111	0-20	52	29	26	45	7.7	15.37	28.2	353	26.9	2.2	244.3	1.302889241	9	0.020152998	mediterranean	1	12.81818182	Summer	1957	13.6041667	13.3583332	39.75694494	721.514993	33.29999924	-0.300000012	33.59999925	9.300000161	22.98333311	23.13333321	5.633333464	457	58	10	40.09291684	159	49	55	144	30.07.2018	2.17455411	-0.231182933	LUCAS
Lucas0513	47902078	54.00537491	4.415609598	5.126400082	175.0588235	7	30.95358658	26.4139719	16.56345142	38.61310467	0.79573469	256.3023544	0.003104672	15.7434883	Lucas0513	CL_permanent	Cropland	U111	U111	0-20	16	29	30	41	8.09	39.84	13.5	483	71.4	1.7	627.9	1.034105146	7	0.520981607	continental	1	7.941176471	Summer	2688	15.95416679	9.808333278	35.79683728	655.9048597	31.39999962	4	27.39999962	17.03333346	24.36666679	24.36666679	8.566666683	436	53	23	22.99471586	142	79	79	113	28.07.2018	4.637127399	0.533578157	LUCAS
Lucas0514	32621922	814.1353149	2.09866135	0	70.58823529	7	1.060287356	25.19155025	14.31677858	29.05351287	0	298.1284836	0	3.38107928	Lucas0514	CL_annual	Cropland	U111	U111	0-20	6	37	27	37	7.94	11.98	8.7	38	18.1	1	679.5	1.395580606	9	0.018220641	mediterranean	1	8.7	Summer	476	13.8208334	13.42499996	40.31531426	714.3352348	33.20000076	-0.100000001	33.30000076	9.583333294	23.08333349	23.23333359	5.916666541	442	54	12	37.07014014	148	53	58	134	30.07.2018	2.343438864	-0.096864402	LUCAS
Lucas0515	51222918	537.5805054	6.278494452	23.07391807	98.82352941	7	99.10292816	17.68604755	8.351597259	55.55809182	1.87811371	645.1136464	0.002911291	11.92430079	Lucas0515	WL_broadleaved	Woodland	U120	U120	0-20	21	25	54	4.28	4.6	13.5	33.9	0	14.9	2.4	97.1	1.067405006	6	1.955230935	boreal	2	14.125	Summer	860	6.958333295	8.533333344	29.73286899	760.5465506	21.89999962	-6.800000191	28.69999981	14.63333321	-1.166666687	16.04999987	-2.683333352	707	104	29	42.58934514	282	96	278	104	30.07.2018	14.27361107	0.120088778	LUCAS
Lucas0516	33062044	1178.409302	15.1682957	90	0	7	15.33540058	21.34653473	10.82525148	31.498002	0.618085106	302.7243499	0.002041742	6.421105027	Lucas0516	WL_coniferous	Woodland	U420	U420	0-20	27	29	22	49	7.69	16.13	76.7	105	3.4	1.5	247.2	0.916426666	4	0.282178076	atlantic	2	51.13333333	Summer	1467	10.6583333	13.13333345	41.95953218	646.9994843	28.89999962	-2.400000095	31.29999971	6.96666653	18.9666667	19.13333337	3.466666718	552	67	20	33.72677527	186	81	86	149	24.07.2018	4.321907043	0.06086769	LUCAS
Lucas0517	41763142	391.1821899	2.366284917	0	168	7	63.76773453	19.90373135	9.56029651	74.0011151	0.85775076	380.2695035	0.002255639	17.83216783	Lucas0517	CL_annual	Cropland	U111	U111	0-20	64	34	13	53	6.94	11.26	20.4	1	37.5	2.3	252.5	1.067405006	1	1.205354195	alpine	1	8.869565217	Summer	1231	8.054166722	7.691666747	33.01144567	578.9035855	20.89999962	-2.400000095	23.29999971	2.383333395	10.6833334	15.36666679	1.233333339	1111	117	73	14.84470667	335	244	276	310	23.07.2018	5.807867527	-0.828436852	LUCAS
Lucas0518	49364510	9.947856903	0.25982229	0	79.05882353	7	42.85327911	19.86129856	4.798930607	35.90613797	1.201737452	480.2036036	0.002502558	13.5658268	Lucas0518	A30	Others	U319	U319	0-20	5	28	7	65	6.42	10.28	25.3	0	59.8	2.5	267.9	1.155246703	7	0.810673977	continental	Others	10.12	Summer	1683	3.625000045	7.683333407	24.16142566	853.7257991	20.5	-11.30000019	31.80000019	13.08333349	-3.016666671	14.58333349	-6.51666673	507	65	22	34.77479288	183	74	169	93	25.07.2018	7.363097191	-0.827849329	LUCAS
Lucas0519	48142998	306.8772888	2.491243768	0	175.0588235	7	82.93619537	19.24214983	8.633619735	53.4292193	0.875712176	195.6691285	0.004475474	15.05646173	Lucas0519	CL_permanent	Cropland	U113	U410	0-20	15	26	9	65	7.03	12.43	19.7	1	149.8	1.7	299.1	1.189608071	6	1.58753412	boreal	1	11.58823529	Summer	2260	7.90416667	8.558333275	30.89651023	730.6269306	23	-4.699999809	27.69999981	16.78333314	0.100000054	16.78333314	-1.149999956	558	87	23	48.0535251	237	74	237	76	30.07.2018	5.142512798	-0.719760776	LUCAS
Lucas0520	40962778	989.9169922	0.099355027	28.35763658	107.2941176	7	56.62978363	17.64135695	9.665366123	77.11266206	1.402664933	193.7296068	0.007240323	12.33618234	Lucas0520	WL_coniferous	Woodland	U120	U120	0-20	60	4	64	32	3.78	13.6	93.7	1	45.4	6	111.9	0.847562662	7	1.118251703	continental	2	15.61666667	Summer	851	5.699999933	6.399999887	28.95927563	593.5218358	18	-4.099999905	22.0999999	-0.066666623	12.93333308	13.11666648	-1.149999976	1448	152	101	12.14727348	417	324	344	401	25.07.2018	15.01528549	-0.221014872	LUCAS
Lucas0521	32401886	712.8131104	0.920713223	0	38.11764706	8	10.52504063	27.00561333	14.95241401	25.83250508	0.127714139	226.4797401	0.00056391	2.743598271	Lucas0521	CL_permanent	Cropland	U120	U120	0-20	16	18	61	21	8.35	13.36	27.3	233	9.4	1.2	522.8	1.238821888	4	0.175400934	atlantic	1	22.75	Summer	3515	14.51249986	13.60833286	39.6744416	739.1368501	34.59999847	0.300000012	34.29999846	9.950000068	23.98333295	24.24999984	6.24999999	428	57	8	42.82826117	152	41	47	140	01.08.2018	3.26126194	-0.066971153	LUCAS
Lucas0522	49384832	46.01248932	0.018194534	0	69.17647059	7	57.47644806	19.09405613	2.192053466	42.1965333	13.99907834	2475.72043	0.005654547	84.55076178	Lucas0522	WL_coniferous	Woodland	U120	U120	0-20	7	20.05210918	39.89454094	39.80887097	4.28	17.28	456.3	4	27.5	18.7	334.1	0.585897937	6	1.103320654	boreal	2	24.40106952	Summer	2386	1.133333355	8.000000099	22.59887058	980.5062084	19.89999962	-15.5	35.39999962	11.98333335	0.016666671	13.7166667	-10.66666667	562	64	29	25.21086569	183	97	170	127	31.07.2018	12.99889565	-0.29527688	LUCAS
Lucas0523	48422818	158.0499878	0.501475362	0	124.2352941	7	88.50817108	22.05697823	11.32357848	43.6559907	1.229863222	303.376773	0.004053914	12.94856954	Lucas0523	CL_annual	Cropland	U111	U111	0-20	3	16	60	24	7.68	28.1	23.6	117	7.9	2.7	299	1.874928889	7	1.607574079	continental	1	8.740740741	Summer	2144	9.895833458	8.691666951	29.76598242	771.128045	25.60000038	-3.599999905	29.20000029	19.30000035	1.816666782	19.30000035	0.283333381	672	83	37	28.64249096	237	117	237	122	30.07.2018	7.346990585	0.643550456	LUCAS
Lucas0524	28282190	730.9056396	17.13992278	28.83645289	170.8235294	7	14.89433193	18.89207697	13.98458907	85.49149222	1.398137138	317.9418681	0.004397462	15.94202899	Lucas0524	GL_unmanaged	Grassland	U415	U120	0-20	37	6	58	36	5.06	26.4	46.8	1	80	3.4	109.5	0.920718444	9	0.287025165	mediterranean	3	13.76470588	Summer	1730	12.1708333	8.474999845	38.87614531	481.953685	24.60000038	2.799999952	21.80000043	6.666666627	18.26666657	18.33333317	6.666666627	1310	186	15	55.89619173	544	90	93	544	31.07.2018	8.743947029	1.319708467	LUCAS
Lucas0525	30982262	859.5994873	0.931916561	90	0	7	33.28760529	21.43396473	11.34660284	35.04558774	0.311083348	186.5117497	0.001667902	7.019581812	Lucas0525	CL_annual	Cropland	U111	U111	NA	6	34	21	45	8.16	14.01	6.7	122	8.2	1.2	146.5	1.426157167	9	0.611522704	mediterranean	1	5.583333333	Summer	1936	11.35416672	10.99166669	38.97754251	613.6976511	27.79999924	-0.400000006	28.19999924	7.816666653	19.25	19.25	4.350000069	513	60	21	30.29404443	166	74	87	152	31.07.2018	4.731678963	0.890327334	LUCAS
Lucas0526	31682218	796.9902344	3.531690968	90	0	7	24.8727169	22.45214081	11.2692446	35.39904193	0.8000378	292.0922321	0.00273899	12.68976898	Lucas0526	CL_annual	Cropland	U111	U111	0-20	11	25	36	39	8.2	16.57	11.8	189	13.9	1.2	410.4	1.103969168	9	0.448543853	mediterranean	1	9.833333333	Summer	2387	11.76666668	12.1500002	40.77181167	631.9210656	29.20000076	-0.600000024	29.80000079	8.100000173	19.86666663	19.88333321	4.533333456	417	47	16	28.85140294	129	61	74	118	30.07.2018	5.564497471	0.916001141	LUCAS
Lucas0527	54361858	181.790863	11.17948294	11.47834095	163.7647059	7	42.86531067	25.45786572	15.92121546	43.38025876	0.958719939	280.1033895	0.003422736	12.69631344	Lucas0527	CL_permanent	Cropland	U111	U111	0-20	34	17	55	28	6.89	6.1	11.8	1	3.1	1.4	100.9	0.958467872	7	0.733268486	continental	1	8.428571429	Summer	601	15.48749988	9.708332996	34.9220612	685.3271455	31	3.200000048	27.79999995	12.21666646	24.23333327	24.23333327	7.549999913	557	80	13	48.60573147	219	52	52	200	30.07.2018	8.883296967	0.774164319	LUCAS
Lucas0528	47083048	304.6554871	0.011261434	0	22.58823529	8	37.58785629	20.9046793	8.39752895	61.94646755	1.617691154	197.3767561	0.008195956	14.56020495	Lucas0528	WL_broadleaved	Woodland	U120	U120	0-20	20	20.05210918	39.89454094	39.80887097	4.02	12.82	66.4	1	8.4	3.6	81.1	0.824718274	9	0.69730229	mediterranean	2	18.44444444	Summer	1595	8.108333335	8.199999976	29.71014494	727.7606772	23	-4.599999905	27.5999999	16.88333337	0.283333405	16.88333337	-1.066666623	528	78	22	44.69625634	217	74	217	76	01.08.2018	6.845089912	-0.480668575	LUCAS
Lucas0529	27982170	378.543335	15.36723726	7.252246865	69.17647059	7	14.892169	19.73562384	14.34193205	86.15174203	1.55985717	475.7772349	0.003278545	10.90087073	Lucas0529	CL_annual	Cropland	U370	U370	0-20	53	14	34	51	5.58	14.02	63.9	2	157.7	4.9	62.6	1.239690919	9	0.282392962	mediterranean	1	13.04081633	Summer	829	13.40000008	8.833333373	41.08527241	452.8646152	25.39999962	3.900000095	21.49999952	8.116666794	19.05000003	19.13333337	8.116666794	1400	206	18	56.24184587	594	97	101	594	31.07.2018	6.587899685	1.153457403	LUCAS
Lucas0530	37282438	703.8932495	3.69002929	90	0	7	48.07849503	21.00984812	10.45381737	74.59814955	1.507648184	382.7416189	0.003939076	13.42492965	Lucas0530	WL_broadleaved	Woodland	U120	U120	0-20	54	23	23	54	4.66	7.68	74.8	0	7.4	3.6	198	0.678733374	7	0.890180156	continental	2	20.77777778	Summer	2022	9.57083335	10.07500016	39.20233517	576.8151546	24	-1.700000048	25.70000005	11.7166669	3.583333313	16.88333337	2.74999996	793	86	51	15.64033862	222	174	185	189	30.07.2018	8.16932106	0.227233633	LUCAS
Lucas0531	32702146	1017.433411	0.192100743	90	0	7	25.76555252	21.29033184	11.28666858	37.82264489	2.29327018	463.3170186	0.004949678	15.6203164	Lucas0531	WL_coniferous	Woodland	U120	U120	0-20	1	5	81	14	6	3.67	9.1	63.28125023	10.6	0.6	46.1	1.144017528	4	0.47458823	atlantic	2	15.16666667	Summer	2801	10.34999998	11.68333333	39.47072019	640.1171683	27.60000038	-2	29.60000038	12.06666676	18.56666644	18.61666663	3.083333383	439	53	20	26.42448623	139	72	85	117	24.07.2018	6.552305222	0.573637724	LUCAS
Lucas0532	30502272	780.9667969	0.333606854	90	0	7	28.91456223	21.70944309	11.65857973	37.95197246	0.67398065	376.3584428	0.001790795	3.837846818	Lucas0532	CL_annual	Cropland	U111	U111	0-20	15	34	26	40	7.91	19.53	9.6	8	63.8	1.2	170.1	1.381973387	9	0.528511361	mediterranean	1	8	Summer	2526	11.92083339	10.72500005	39.5756454	597.0703511	27.10000038	0	27.10000038	5.566666643	19.26666689	19.56666676	4.883333266	541	67	21	32.47017513	185	79	82	174	31.07.2018	5.193232059	0.795343757	LUCAS
Lucas0533	46324670	513.3081665	0.047654175	8.88512427	190.5882353	7	64.4719162	15.50088215	0.632331816	43.17317933	1.029959227	174.8184128	0.005891595	7.006264425	Lucas0533	WL_coniferous	Woodland	U120	U120	0-20	39	9	47	44	4.2	4.66	26.4	2	26.6	0.9	31	1.382248136	6	1.329293682	boreal	2	29.33333333	Summer	786	-0.24583336	8.658333328	25.84577113	877.2722728	17.29999924	-16.20000076	33.5	10.94999997	-6.166666687	10.94999997	-10.76666689	672	103	34	37.54549923	260	105	260	127	24.07.2018	7.706798553	-1.2740978	LUCAS
Lucas0534	50241952	38.44264221	0.533672806	0	101.6470588	8	23.23366737	27.38258934	17.24627475	51.55270647	0.196482922	95.81817157	0.002050581	1.235804943	Lucas0534	CL_permanent	Cropland	U111	U111	0-20	2	8	78	14	7.05	7.56	8	1	6.5	1	127.2	1.444414937	6	0.384774281	boreal	1	8	Summer	1660	16.81666668	7.983333429	33.40306794	602.447029	30.10000038	6.199999809	23.90000057	14.26666673	22.16666667	24.5	10.0666666	584	89	12	51.99107946	234	52	53	195	02.08.2018	3.863996983	0.676717162	LUCAS
Lucas0535	28801616	48.13302612	9.627990511	5.126400082	190.5882353	8	0.819555223	26.45715714	18.41773967	46.89295427	0.247067064	469.0592424	0.000526729	5.290215589	Lucas0535	CL_annual	Cropland	U111	U111	0-20	12	45	20	34	8.1	18.29	10.9	296	5.5	1.2	580.2	1.164094221	9	0.013783962	mediterranean	1	9.083333333	Summer	1274	17.77083333	8.65833346	39.53576819	470.7849543	29.70000076	7.800000191	21.90000057	13.4333334	23.50000032	23.98333391	12.38333321	694	116	0	73.04588272	331	17	22	304	01.08.2018	10.4619034	-0.0561357	LUCAS
Lucas0536	35922588	210.9829865	0.287453092	90	0	8	22.87134933	21.4824214	12.25166632	62.58834096	0.31795229	229.3784898	0.001386147	3.381561238	Lucas0536	WL_broadleaved	Woodland	U120	U120	0-20	10	16	44	40	5.81	3.97	17.3	0	9.8	1.9	65.2	1.213893881	7	0.419793187	continental	2	9.105263158	Summer	1309	11.59166664	8.98333323	38.55507891	545.7931417	24.89999962	1.600000024	23.29999959	5.933333377	18.48333327	18.48333327	5.266666691	854	90	51	18.03645283	260	161	161	246	01.08.2018	2.209467888	-0.729011536	LUCAS
Lucas0537	45763046	233.4202881	2.491243768	0	56.47058824	8	40.95634842	21.88761234	9.709415486	50.26270224	0.34646098	430.0735632	0.000805585	8.502158751	Lucas0537	CL_annual	Cropland	U111	U112	0-20	19	39	26	35	7.07	15.35	30.6	1	13.6	2.5	502.7	1.347603637	7	0.746185645	continental	1	12.24	Summer	2728	9.204166604	8.908333396	31.70225311	730.0699141	24.70000076	-3.400000095	28.10000086	18.18333324	4.683333327	18.18333324	0.216666599	659	89	37	31.17634211	242	123	242	123	01.08.2018	2.267329931	-1.022406459	LUCAS
Lucas0538	50644764	60.0812149	0.000243622	0	275.2941176	7	54.83654022	19.79434109	2.835903083	36.0571657	29.70765027	3699.774135	0.008029585	87.72429985	Lucas0538	WL_coniferous	Woodland	U120	U420	0-20	3	20.05210918	39.89454094	39.80887097	3.87	10.51	479.5	4	60.4	12.4	246.7	0.135545662	6	1.03868216	boreal	2	38.66935484	Summer	1651	1.558333332	8.216666629	23.21092293	961.2133257	20.39999962	-15	35.39999962	13.9333334	-5.366666635	13.9333334	-9.98333327	538	70	25	30.22977371	187	84	187	110	31.07.2018	12.93198013	-0.22375223	LUCAS
Lucas0539	48903376	84.86018372	2.130593909	0	271.0588235	7	99.24202728	20.21084023	8.952874811	40.78501772	0.108537269	235.0917243	0.000461681	11.30074565	Lucas0539	CL_annual	Cropland	U111	U111	0-20	3	7	58	35	7.23	17.41	6.3	1	76.3	0.9	197.7	1.323769426	6	1.865071607	boreal	1	7	Summer	2784	7.766666753	8.450000107	30.07117486	742.9435772	23.5	-4.599999905	28.0999999	16.91666683	-0.399999951	16.91666683	-1.266666626	548	81	24	37.83201813	212	82	212	93	30.07.2018	15.18907547	0.49612397	LUCAS
Lucas0540	30802294	907.4523926	0.381822925	90	0	7	40.83108521	20.98660517	10.45744831	46.87017481	0.591311903	222.5063423	0.002657506	4.623798475	Lucas0540	WL_coniferous	Woodland	U111	U111	0-20	48	16	53	30	6.57	6.04	24.8	2	4.5	1.7	89.5	1.141261301	9	0.756318814	mediterranean	2	14.58823529	Summer	2501	11.00416669	10.64166679	38.83819941	597.504127	26.60000038	-0.800000012	27.40000039	4.783333391	18.58333349	18.6500001	4.066666623	577	69	24	29.56819512	190	89	95	178	31.07.2018	9.067891121	1.374598384	LUCAS
Lucas0541	44402394	8.128937721	1.669644455	0	83.29411765	7	32.37209702	26.20050812	14.62861302	53.90215643	0.946532062	189.8650215	0.004985289	11.7908971	Lucas0541	CL_annual	Cropland	U111	U111	0-20	10	31	5	64	8.14	22.05	10.8	132	8.7	1.3	225.9	1.292030433	6	0.54682127	boreal	1	8.307692308	Summer	2995	13.54999993	9.533333428	30.36093376	807.5383386	30.70000076	-0.699999988	31.40000075	14.18333316	3.516666715	23.39999994	3.516666715	640	70	38	18.20865811	199	130	148	130	30.07.2018	7.268201828	0.463659018	LUCAS
Lucas0542	46723704	91.76849365	0.004529677	0	73.41176471	8	70.86980438	17.67878246	8.282172178	40.19656804	1.233612805	308.5086382	0.003998633	12.4311697	Lucas0542	WL_coniferous	Woodland	U120	U120	0-20	13	10	61	30	4.99	7.37	53.5	0	15.7	3.8	64.4	0.066687504	7	1.39841174	continental	2	14.07894737	Summer	496	6.862500086	7.125000248	29.32098787	644.1665764	20.70000076	-3.599999905	24.30000067	7.550000091	5.199999988	15.18333356	-0.48333329	661	73	36	20.26535162	203	123	166	169	01.08.2018	6.806054592	-0.324085921	LUCAS
Lucas0543	35342564	47.26948929	0.91639928	90	0	8	22.72853088	22.31394196	13.1931571	59.05989014	0.747174871	721.6967375	0.001035303	13.24360253	Lucas0543	CL_permanent	Cropland	U111	U111	0-20	38	47	11	42	7.96	21.89	27.9	328	52.3	2.9	1038.5	1.237709257	7	0.410900581	continental	1	9.620689655	Summer	1631	12.69166674	9.600000103	40.16736309	547.4603956	26.20000076	2.299999952	23.90000081	6.933333357	19.56666692	19.56666692	6.300000032	852	97	46	23.14983159	277	148	148	253	02.08.2018	3.908701897	-0.375554115	LUCAS
Lucas0544	30621992	505.585083	0.796774407	0	208.9411765	7	2.800300837	25.06239605	16.16753859	35.72844957	0	41.75856698	0	1.268742791	Lucas0544	Other bare soil	Bareland	U112	U111	0-20	7	25	33	42	5.14	5.52	4.2	1	18.6	0.6	135.5	1.240812323	4	0.048229164	atlantic	Bareland	7	Summer	900	14.94166669	11.55000017	38.24503271	657.2561256	32.20000076	2	30.20000076	11.06666656	23.35000022	23.46666686	7.466666659	357	44	8	38.48169083	124	39	44	111	30.07.2018	2.257777929	-0.226137787	LUCAS
Lucas0545	32361928	861.6626587	9.57359759	0	100.2352941	7	1.387655377	25.27684307	14.53956393	27.74716553	0.483348499	148.6598726	0.003251372	8.416666667	Lucas0545	CL_permanent	Cropland	U111	U111	0-20	11	39	20	41	8.28	18.6	7.6	566	11.9	1	266.6	1.090905029	9	0.023811437	mediterranean	1	7.6	Summer	1847	13.63333331	12.86666675	38.87210679	719.4484368	33.09999847	0	33.09999847	9.300000131	22.94999981	23.13333321	5.666666667	458	58	10	40.11670698	158	50	54	144	30.07.2018	2.368101358	0.020684533	LUCAS
Lucas0546	28302282	1023.487061	9.33721251	7.252246865	304.9411765	8	10.82038879	19.52968836	12.00847736	85.81218037	0.345713294	422.7593428	0.000817754	4.507789195	Lucas0546	Rocks and stones	Bareland	U420	U420	0-20	44	3	75	22	4.36	9.11	64.6	63.28125023	15.5	5	73	1.105598046	9	0.20598616	mediterranean	Bareland	12.92	Summer	1986	9.883333442	8.483333434	37.53687297	514.7167616	23.10000038	0.5	22.60000038	4.083333363	16.51666689	16.55000035	4.083333363	1508	193	30	46.85164679	563	133	143	563	03.08.2018	2.719187737	-0.233722955	LUCAS
Lucas0547	32281852	1016.625366	2.793716378	0	87.52941176	8	15.39442444	26.22921181	14.2843518	25.98503705	0.131167691	250.6954639	0.000523215	5.898876404	Lucas0547	CL_annual	Cropland	U111	U111	0-20	41	49	16	35	8.44	25	16	405	71.1	2	998.2	1.276726612	9	0.259912701	mediterranean	1	8	Summer	1576	13.07916656	14.30833311	39.96741096	764.9761057	34.5	-1.299999952	35.79999995	8.433333106	22.96666654	23.26666641	4.683333245	475	61	9	42.00699355	166	46	53	152	01.08.2018	2.738172531	-0.031813417	LUCAS
Lucas0548	33342038	1240.709229	2.40617311	90	0	7	21.37208748	21.54475164	10.31882055	32.09658813	0.939268201	380.3201308	0.002469678	12.34914862	Lucas0548	Other bare soil	Bareland	U420	U420	0-20	14	30	44	26	7.63	24.3	13.4	3	37.7	1.7	437.3	1.04008373	9	0.391826653	mediterranean	Bareland	7.882352941	Summer	1446	10.46250007	14.62500004	44.31818131	655.8759867	29.60000038	-3.400000095	33.00000048	12.23333369	18.88333337	19.05000035	3.166666627	523	72	26	29.87104946	175	98	109	119	24.07.2018	4.663939953	0.314898312	LUCAS
Lucas0549	28602222	683.9674072	2.491243768	7.252246865	98.82352941	7	16.71994019	19.3644886	13.03585088	70.84216389	0.460723297	132.455621	0.003478322	2.284681131	Lucas0549	GL_unmanaged	Grassland	U420	U410	0-20	34	10	73	17	6.89	21	21	6	17.4	1.3	128.3	1.566392908	9	0.319299217	mediterranean	3	16.15384615	Summer	855	12.1083333	9.116666734	39.81077036	498.0226042	25.20000076	2.299999952	22.90000081	7.150000016	18.4333334	18.5333333	6.416666706	1295	182	17	53.60379187	527	94	107	525	31.07.2018	7.267413139	1.361101627	LUCAS
Lucas0550	40022438	1050.908447	17.31766238	8.88512427	141.1764706	7	69.64109802	15.8982048	8.13500969	72.16694521	0.668885774	609.8396403	0.001096822	5.261410788	Lucas0550	CL_annual	Cropland	U111	U111	0-20	44	12	35	53	6.38	10.89	45.4	1	13.7	4.8	103.9	1.294256684	7	1.424205619	continental	1	9.458333333	Summer	2069	7.2625	9.958333269	34.94152141	669.4269061	23.29999924	-5.199999809	28.49999905	3.666666726	15.3499999	15.59999998	-0.733333309	1153	133	64	17.33333754	348	244	245	285	25.07.2018	8.847141266	-0.926322579	LUCAS
Lucas0551	38942726	260.0664063	1.522010962	90	0	8	43.65428543	20.8939085	10.85022941	61.74877508	2.150939664	216.9219914	0.009915729	15.43994647	Lucas0551	CL_annual	Cropland	U111	U111	0-20	25	14	32	53	6.68	8.9	11	1	22.7	1.4	111	1.32949464	7	0.810004074	continental	1	7.857142857	Summer	1594	10.0041666	8.691666534	34.35441316	610.7129057	24.5	-0.800000012	25.30000001	3.616666704	5.883333276	17.71666654	2.733333409	844	83	57	11.74917107	240	195	203	225	08.08.2018	4.570898056	-0.29298833	LUCAS
Lucas0552	46422690	1244.70813	0.23034309	34.91520625	266.8235294	8	185.5296936	15.61859512	4.702954041	82.68211646	13.37333736	1583.991939	0.008442806	44.94007989	Lucas0552	WL_coniferous	Woodland	U120	U120	0-20	16	9	46	45	3.85	19.48	285.6	63.28125023	18.8	12.7	282.8	0.26888307	6	3.816023337	boreal	2	22.48818898	Summer	1365	4.754166646	10.19166669	36.26927721	679.6538583	19.29999924	-8.800000191	28.09999943	13.06666676	-3.600000131	13.06666676	-3.600000131	1238	164	57	33.74017514	460	193	460	193	07.08.2018	12.98219395	-0.932643116	LUCAS
Lucas0553	33622846	87.27670288	5.237817976	90	0	8	42.35668182	19.12632895	12.04213529	64.32412077	0.720173536	446.9877079	0.001611171	8.197809492	Lucas0553	CL_annual	Cropland	U111	U111	0-20	43	23	13	63	6.42	25.46	31	1	120.5	3.4	605.4	1.175395543	4	0.812577495	atlantic	1	9.117647059	Summer	1122	11.62916667	6.674999893	37.29050051	418.7126336	21.70000076	3.799999952	17.90000081	7.73333327	16.79999987	16.9000001	6.799999913	924	112	46	29.40852995	323	147	169	295	20.08.2018	4.935626507	-0.346895099	LUCAS
Lucas0554	48724914	178.2899933	0.000208063	0	316.2352941	8	95.2816391	14.00856829	1.055396755	42.89638359	0.783303085	105.5149425	0.007423622	9.03087337	Lucas0554	WL_coniferous	Woodland	U120	U120	0-20	1	4	65	31	4.86	3.01	17.1	0	25.2	0.8	30.7	1.023936905	7	2.026899405	continental	2	21.375	Summer	2102	0.816666658	8.333333284	23.60717631	972.0698023	20	-15.30000019	35.30000019	11.59999998	-5.816666702	13.34999998	-10.6833334	547	73	28	31.727982	195	91	194	102	19.08.2018	13.58161354	-0.466205895	LUCAS
Lucas0555	48924934	223.3273621	0.038691842	0	285.1764706	8	96.50544739	13.21806526	0.6997388	42.35161791	0.986554949	199.3272279	0.004949424	14.58055925	Lucas0555	WL_coniferous	Woodland	U120	U120	0-20	13	5	54	41	5.11	3.17	16.9	1	25.9	0.8	35.3	1.070420525	6	2.088046024	boreal	2	21.125	Summer	1575	-0.1624999	8.941666633	24.10152706	1010.848269	19.60000038	-17.5	37.10000038	10.86666687	-6.799999873	12.76666705	-12.25	537	71	28	32.26105919	196	91	192	100	14.08.2018	17.04771042	-0.167629018	LUCAS
Lucas0556	47103916	32.61815262	0.127767779	5.126400082	265.4117647	8	76.73384094	17.76942396	7.841252879	42.42913838	2.05962963	462.0025926	0.004458048	10.61082602	Lucas0556	WL_coniferous	Woodland	U120	U120	0-20	20	21	48	31	4.3	10.54	79.9	0	17.5	3.3	139.4	0.555262712	7	1.511418388	continental	2	24.21212121	Summer	347	6.604166624	7.741666532	28.25425781	714.2747651	21.89999962	-5.5	27.39999962	14.83333325	5.083333277	15.91666651	-1.650000006	599	70	33	24.14787595	194	110	182	136	06.08.2018	10.6092701	0.233485371	LUCAS
Lucas0557	50584702	44.31293488	0.001323574	0	115.7647059	8	54.87255478	15.23811722	3.318986297	34.65778456	1.130835504	57.50631136	0.019664546	17.95166858	Lucas0557	CL_annual	Cropland	U111	U111	0-20	2	3	89	8	4.5	16.3	45.1	0	46.3	2.9	120.5	1.057698396	6	1.137535168	boreal	1	15.55172414	Summer	1651	2.075000076	8.283333289	23.94026936	930.7511615	20.60000038	-14	34.60000038	13.98333343	-4.516666556	13.98333343	-9.149999857	512	69	24	35.2124272	190	76	190	95	15.08.2018	9.113973618	-0.632083476	LUCAS
Lucas0558	47942784	204.4450073	0.648482126	0	254.1176471	8	60.31605911	23.39068985	11.75903812	50.46898711	0.330079537	389.7839238	0.000846827	8.289124668	Lucas0558	CL_annual	Cropland	U111	U111	0-20	17	41	14	45	8.28	17.83	37.7	241	7.8	2.1	465.1	1.05620682	9	1.069610237	mediterranean	1	17.95238095	Summer	2224	10.08750008	9.591666892	32.29517389	756.0276742	26.20000076	-3.5	29.70000076	19.41666683	0.800000072	19.41666683	0.800000072	571	72	28	33.47202511	207	88	207	88	20.08.2018	3.609369278	-0.796878517	LUCAS
Lucas0559	45242946	487.1355286	4.230490817	5.126400082	107.2941176	8	53.10373688	19.76310921	8.841565333	63.44182627	0.592300469	391.1157433	0.001514387	12.11421027	Lucas0559	CL_annual	Cropland	U111	U111	0-20	47	27	20	53	6.95	14.34	17.3	1	27.9	2	224.9	1.36031785	7	1.006455792	continental	1	8.65	Summer	1788	7.287499979	8.708333383	32.61548049	693.7288087	22.10000038	-4.599999905	26.70000029	15.9000001	2.75000006	15.9000001	-1.150000016	710	94	42	27.5832306	252	131	252	151	07.08.2018	2.920632362	-0.926544309	LUCAS
Lucas0560	35062104	338.2777405	2.580597705	90	0	8	27.36527061	27.4539175	15.22862615	28.04497809	0.785298399	152.6499272	0.00514444	9.262010896	Lucas0560	Other bare soil	Bareland	U111	U111	0-20	55	38	17	45	8.17	17.08	12	380	21.8	1.5	224.1	1.206646599	4	0.452663314	atlantic	Bareland	8	Summer	1831	14.825	12.45000006	38.90625206	707.1630177	33.09999847	1.100000024	31.99999845	17	7.933333337	23.78333298	6.51666679	418	55	15	32.51945754	135	76	81	83	08.08.2018	2.337555647	-0.272654682	LUCAS
Lucas0561	31141720	1336.512451	2.540564459	24.21678341	312	8	6.388876915	25.91604042	14.49520292	32.8540552	0.314054054	525.0983784	0.000598086	8.415841584	Lucas0561	WL_coniferous	Woodland	U111	U111	0-20	29	39	22	39	7.21	17.88	34.2	81	7.2	2.6	520.7	1.290214205	4	0.108440365	atlantic	2	13.15384615	Summer	870	12.65000005	13.23333335	39.85943596	701.1451802	32.40000153	-0.800000012	33.20000154	5.749999975	21.78333362	21.90000025	4.916666602	552	74	6	50.91047249	210	37	39	202	06.08.2018	2.20793581	-0.167545125	LUCAS
Lucas0562	31361940	710.9666748	2.432750848	0	169.4117647	8	7.819299221	26.68874836	14.97685322	29.22090284	0.157142857	133	0.001181525	3.231179214	Lucas0562	CL_annual	Cropland	U111	U111	0-20	22	25	33	43	8.26	15.53	12.3	619	10.9	1.1	116.3	0.946778927	9	0.131001226	mediterranean	1	11.18181818	Summer	1238	14.5333333	12.05000004	37.30650077	719.8337283	33.20000076	0.899999976	32.30000079	10.11666675	23.78333314	24.01666641	6.466666679	413	52	9	39.59276817	143	45	52	124	06.08.2018	2.187582016	-0.314842671	LUCAS
Lucas0563	40262620	1252.804688	0.050189927	5.126400082	309.1764706	8	89.45281982	16.81775999	7.9857636	97.05443131	4.883453562	1529.59994	0.003192635	25.60791548	Lucas0563	WL_coniferous	Woodland	U120	U120	NA	18	13	43	44	5.09	133.8	227.2	63.28125023	40.4	14	408.7	1.067405006	7	1.795601003	continental	2	16.22857143	Summer	1085	5.395833328	7.191666653	30.73361805	605.6043451	18.5	-4.900000095	23.4000001	-0.549999972	12.79999995	12.91666651	-1.649999976	1487	147	107	10.68295137	423	339	350	408	06.08.2018	10.22849178	-1.31319356	LUCAS
Lucas0564	37562340	621.987915	0.461494596	90	0	8	45.79976654	22.35529423	11.98512273	62.17260501	0.983186855	424.6310024	0.002315391	12.82478348	Lucas0564	WL_broadleaved	Woodland	U120	U120	0-20	5	30	34	36	6.31	7.98	34.5	1	4.7	3.3	113.7	0.671604903	4	0.827378251	atlantic	2	10.45454545	Summer	1607	10.98750003	8.891666569	35.14492609	595.0138513	25.20000076	-0.100000001	25.30000076	7.799999992	18.58333349	18.58333349	4.216666742	753	84	37	19.34078382	221	147	147	201	15.08.2018	7.409713268	1.169062376	LUCAS
Lucas0565	45683670	29.41575432	0.287158529	0	18.35294118	8	78.40879059	17.54548168	8.444013671	52.73915702	4.507674144	375.3520661	0.01200919	29.41666667	Lucas0565	WL_broadleaved	Woodland	U361	U361	0-20	44	6	46	48	3.87	21.2	274.8	1	32.7	13.9	151.6	0.326570555	6	1.551252218	boreal	2	19.76978417	Summer	1347	7.220833346	7.441666653	30.87828438	629.2869677	21.10000038	-3	24.10000038	7.799999972	2.266666691	15.26666673	-0.100000024	677	68	39	19.15760054	200	127	186	161	08.08.2018	6.081597328	-0.272170544	LUCAS
Lucas0566	30561996	368.7080078	0.906981266	0	299.2941176	7	2.480343819	24.94491959	15.95885683	36.46345741	0	342.122854	0	0.911350456	Lucas0566	CL_annual	Cropland	U112	U111	0-20	37	12	60	28	7.04	8.32	10.8	1	18.8	1.2	192.8	1.273373306	4	0.042805199	atlantic	1	9	Summer	3463	15.2958333	11.40833356	38.54166756	641.6259824	32	2.400000095	29.5999999	11.53333318	23.4666667	23.54999987	7.933333278	343	42	8	38.71481384	121	38	42	108	30.07.2018	2.389314651	-0.122734457	LUCAS
Lucas0567	46163088	448.4598694	0.029068831	11.47834095	72	8	35.77803421	20.51216459	9.281340172	55.7155304	0.81372549	60.87683824	0.01336675	19.24789708	Lucas0567	WL_coniferous	Woodland	U120	U120	0-20	6	5	84	11	3.34	14.17	109.1	1	22.9	4.5	48.7	0.699983276	6	0.668596281	boreal	2	24.24444444	Summer	1318	7.770833299	6.941666573	27.54629587	691.7285941	21.5	-3.700000048	25.20000005	16.26666673	3.199999968	16.26666673	-0.616666694	738	93	37	28.24927996	261	134	261	145	01.08.2018	3.686486006	-0.892325282	LUCAS
Lucas0568	35162564	7.781253815	0.185927858	90	0	8	23.61735725	22.2531786	13.59684904	58.22792555	0.27773864	362.9118234	0.000765306	6.0244952	Lucas0568	CL_annual	Cropland	U112	U111	0-20	25	24	44	32	7.58	17.07	23.4	186	43.8	2.2	404.9	1.098886889	7	0.427438889	continental	1	10.63636364	Summer	1482	12.85833328	9.399999758	40.17093897	538.8701686	26	2.599999905	23.4000001	7.183333437	19.5999999	19.5999999	6.533333341	849	99	43	24.38119204	277	144	144	250	02.08.2018	4.761259079	-0.208157629	LUCAS
Lucas0569	31142246	834.9298096	0.645744953	90	0	7	27.96035957	22.0690074	11.19073687	35.91370211	0.151610761	138.0944315	0.001097877	1.067849515	Lucas0569	CL_annual	Cropland	U111	U111	0-20	7	11	48	42	6.27	21	17.2	1	27.1	1.9	219.3	1.067405006	9	0.507733131	mediterranean	1	9.052631579	Summer	2334	11.52083334	11.32499995	39.18685102	623.2993556	28.5	-0.400000006	28.90000001	7.916666557	19.53333346	19.53333346	4.4000001	463	54	19	30.68593805	148	63	82	132	31.07.2018	5.897084236	1.466718435	LUCAS
Lucas0570	31081962	726.6594849	2.327037083	0	49.41176471	7	2.674749851	25.43449783	15.42281231	32.31735757	0	223.3091925	0	1.778363247	Lucas0570	Other bare soil	Bareland	U111	U112	0-20	18	12	35	53	6.36	5.73	5.7	1	9	0.9	71.2	1.261026474	4	0.045773472	atlantic	Bareland	6.333333333	Summer	1011	14.48333332	12.08333322	37.52588133	709.7865484	33.09999847	0.899999976	32.1999985	10.23333323	23.66666619	23.79999971	6.533333441	400	50	9	39.80690158	137	43	51	119	30.07.2018	2.021521807	-0.259034783	LUCAS
Lucas0571	48504726	50.14324188	0.00550915	0	29.64705882	8	61.85311508	15.12975693	3.005923557	39.21952047	0.330963939	31.89724919	0.01037594	4.138274888	Lucas0571	WL_coniferous	Woodland	U120	U120	0-20	2	3	94	4	4.06	4.43	21.1	0	25.7	0.9	33.5	0.736056593	6	1.285132505	boreal	2	23.44444444	Summer	1688	2.266666583	8.366666698	24.90079346	906.364704	20	-13.60000038	33.60000038	12.48333327	-4.366666778	14	-8.400000135	556	68	26	29.47210061	187	88	177	111	13.08.2018	20.78883362	0.954206347	LUCAS
Lucas0572	32541744	1073.246582	2.764090821	8.88512427	348.7058824	8	14.74734116	25.6135664	14.38371407	24.42334526	0.143922317	336.8933588	0.000427204	4.377383518	Lucas0572	D20	Shrubland	U111	U111	0-20	42	16	38	46	8.13	16.42	65.1	289	6.8	2.9	210	1.456247137	9	0.251602864	mediterranean	Shrubland	22.44827586	Summer	1702	12.8708333	14.62499988	41.31355985	733.8920392	33.79999924	-1.600000024	35.39999926	8.633333246	22.38333305	22.56666644	4.76666672	439	49	9	40.29580298	146	43	47	134	14.08.2018	7.086989403	0.81390506	LUCAS
Lucas0573	35742886	204.6738281	1.021313883	90	0	8	34.24949646	18.85804367	11.00898923	59.40614218	0.671038448	222.1286382	0.003020945	8.52917009	Lucas0573	CL_annual	Cropland	U111	U111	0-20	11	7	5	88	6.64	8.2	16	1	25.7	1.9	128.7	1.067405006	9	0.660447137	mediterranean	1	8.421052632	Summer	1184	10.29583326	7.758333306	37.1212133	496.3203544	22.29999924	1.399999976	20.89999926	5.366666615	16.53333314	16.53333314	4.49999996	776	84	45	18.12739131	238	149	149	231	07.08.2018	6.627178669	-0.273858041	LUCAS
Lucas0574	49164932	170.0288086	0.001584691	0	238.5882353	8	89.0643692	13.21016121	1.030970477	42.8444238	1.076147355	178.7201756	0.006021409	19.12450067	Lucas0574	WL_coniferous	Woodland	U120	U120	0-20	32	7	65	28	4.59	5.21	65	0	11.8	2.3	57	0.817142478	7	1.927376293	continental	2	28.26086957	Summer	1751	-0.170833369	9.291666766	24.38757779	1021.706368	19.79999924	-18.29999924	38.09999847	12.8499999	-6.633333504	12.8499999	-12.50000008	518	73	28	34.30813024	192	86	192	95	13.08.2018	20.83972549	0.401010931	LUCAS
Lucas0575	35042146	300.2054443	1.345410456	90	0	8	32.61852264	27.3441	14.68504595	34.99988215	0.97808875	654.4942	0.001494419	10.26107072	Lucas0575	CL_annual	Cropland	U112	U111	0-20	14	27	35	37	8.1	23.9	20	127	23.2	2.3	448.3	1.060809637	7	0.540542036	continental	1	8.695652174	Summer	1841	14.93750004	11.34166694	37.67995762	678.2434648	31.79999924	1.700000048	30.09999919	16.05000003	23.41666651	23.5666666	6.933333397	468	55	17	28.18365097	147	91	99	100	05.08.2018	5.320389748	-0.133642957	LUCAS
Lucas0577	27881848	165.8435974	2.027032203	0	224.4705882	7	1.516562462	23.68219471	17.39214255	38.18918389	0.142538211	307.1128284	0.000464123	2.265861027	Lucas0577	CL_annual	Cropland	U111	U111	0-20	16	27	38	35	8.14	16.57	9	147	8.9	0.7	174.6	1.238012748	9	0.026755535	mediterranean	1	12.85714286	Summer	1799	16.53333332	12.01666653	44.50617391	530.3829392	32.29999924	5.300000191	26.99999905	11.33333325	23.13333337	23.4333334	10.4333334	542	91	3	61.67380683	238	25	30	223	30.07.2018	2.072471619	-0.058523733	LUCAS
Lucas0578	51242902	294.7637939	1.9481341	8.88512427	199.0588235	7	83.34592438	19.13429356	8.351597259	55.55809182	4.079970653	584.931116	0.00697513	32.14404248	Lucas0578	WL_broadleaved	Woodland	U120	U120	0-20	50	22	16	62	6.2	9.64	47.4	1	8.1	3.7	214.7	0.57273173	6	1.598677544	boreal	2	12.81081081	Summer	2929	8.279166613	8.675000162	29.70890486	774.8385588	23.39999962	-5.800000191	29.19999981	17.49999968	0.083333363	17.49999968	-1.583333373	605	89	24	42.59806357	239	79	239	85	23.07.2018	10.63452053	0.411967158	LUCAS
Lucas0579	32281848	970.0140991	0.896752823	0	52.23529412	8	15.68353367	26.33289337	14.2843518	25.98503705	0.251727043	278.9974726	0.000902256	1.28077179	Lucas0579	CL_annual	Cropland	U111	U112	0-20	47	18	63	19	8.24	12.68	28.6	510	6.4	1.7	376.2	1.144182669	4	0.264331179	atlantic	1	16.82352941	Summer	1144	13.27083322	14.54166642	40.28162535	768.1100033	34.79999924	-1.299999952	36.09999919	8.600000011	23.18333292	23.48333311	4.816666611	469	61	9	42.5575885	165	45	51	152	01.08.2018	2.738172531	-0.031813417	LUCAS
Lucas0580	50822928	570.8893433	2.591329151	0	45.17647059	7	83.0011673	18.13281918	6.672941208	78.65000494	1.183910232	191.751363	0.006174195	12.93260474	Lucas0580	WL_coniferous	Woodland	U420	U420	0-20	4	18	35	48	4.27	9.55	22.4	1	12.9	1.9	64.4	0.02264233	6	1.623246452	boreal	2	11.78947368	Summer	1565	6.883333331	10.01666664	33.16777003	765.5281413	22.60000038	-7.599999905	30.20000029	14.64999994	-1.33333331	16.05000003	-2.816666679	630	96	25	42.90930947	253	88	246	93	30.07.2018	7.175341606	-0.092289723	LUCAS
Lucas0581	44784322	644.9642944	0.077908356	5.126400082	94.58823529	8	67.41910553	10.99219012	1.756669506	49.66583272	3.205115346	361.6924106	0.008861439	33.94069902	Lucas0581	WL_coniferous	Woodland	U120	U120	0-20	29	12	50	38	4.45	8.33	99.6	2	8	3.4	105.3	1.067405006	6	1.532524417	boreal	2	29.29411765	Summer	1055	0.166666579	10.41666665	30.28100804	866.9783838	18.29999924	-16.10000038	34.39999962	11.0999999	-9.000000191	11.0999999	-10.33333341	654	86	28	35.67799197	242	98	242	109	20.08.2018	23.31453133	0.563729942	LUCAS
Lucas0583	28921890	301.2995911	4.16263024	0	15.52941176	8	3.270120382	27.9309454	16.74915354	35.6656462	0.11238998	142.0047393	0.000791452	1.974448316	Lucas0583	CL_annual	Cropland	U111	U112	0-20	58	18	53	29	8.12	18.18	7.8	385	4	0.7	147.5	1.233164546	9	0.053669287	mediterranean	1	11.14285714	Summer	60	16.62083322	13.60833315	42.65935144	643.6559572	35	3.099999905	31.9000001	9.983333429	24.85000006	24.88333321	9.216666778	564	93	6	59.21279678	247	34	38	222	06.08.2018	2.239772797	-0.442255527	LUCAS
Lucas0584	32961790	505.1555481	1.978841603	5.126400082	128.4705882	8	17.85253525	27.26081944	16.06507718	24.19883357	0.220081315	145.703612	0.001510473	5.983048031	Lucas0584	CL_permanent	Cropland	U120	U111	0-20	14	24	40	35	8.33	56.9	7.5	331	30.5	0.9	357.2	1.499479923	9	0.296254439	mediterranean	1	8.333333333	Summer	2330	15.46666676	13.39999998	41.23076916	683.2121028	34	1.5	32.5	11.51666697	24.36666663	24.36666663	7.816666762	341	44	9	37.25185536	112	43	43	86	15.08.2018	2.708342314	0.128507376	LUCAS
Lucas0585	50783212	153.3948822	1.087444862	0	7.058823529	8	46.98079681	21.40536261	8.895894502	43.05607264	0.365188314	60.87445735	0.00599904	5.692946058	Lucas0585	CL_annual	Cropland	U111	U111	0-20	5	7	75	18	5.6	4.62	7.7	2	13	0.9	55.9	1.448875769	1	0.863532464	alpine	1	8.555555556	Summer	2722	8.300000003	8.783333502	29.08388595	798.1341871	24.39999962	-5.800000191	30.19999981	18	-0.499999996	18	-1.683333334	537	76	24	36.75447371	207	81	207	88	05.08.2018	8.514871597	0.204593077	LUCAS
Lucas0586	32902338	427.4162903	1.233802272	90	0	8	49.15979767	21.25277615	14.43428014	79.25073905	2.119148936	267.7544681	0.007914523	21.7188541	Lucas0586	WL_coniferous	Woodland	U112	U111	0-20	36	41	18	41	4.33	9.76	70.9	2	9.1	4.2	68.7	0.808697979	9	0.906125016	mediterranean	2	16.88095238	Summer	1297	12.06249998	8.374999881	42.94871839	421.4376109	22.89999962	3.400000095	19.49999952	8.183333317	17.18333324	17.58333333	7.416666587	1250	141	62	24.17749181	392	219	224	355	07.08.2018	6.17428875	-0.332041115	LUCAS
Lucas0587	50943268	90.03005219	0.559615359	0	33.88235294	8	42.36724854	20.84042263	8.993849453	42.45634481	0.665648272	248.7305709	0.002676182	12.81837856	Lucas0587	GL_managed	Grassland	U111	U111	0-20	7	17	53	30	5.85	8.81	17.2	1	40.7	1.8	335.7	1.32975092	6	0.786904086	boreal	3	9.555555556	Summer	2870	8.237500008	8.641666663	28.80555646	796.5326052	24.29999924	-5.699999809	29.99999905	17.94999981	-0.533333238	17.94999981	-1.683333274	505	71	23	38.02944224	196	73	196	80	06.08.2018	4.997458458	-0.096024089	LUCAS
Lucas0588	33322870	246.964859	2.008199573	90	0	8	50.14897919	17.91581059	11.58203732	69.30474813	1.772943038	704.4931435	0.002516622	16.45736946	Lucas0588	GL_managed	Grassland	U111	U111	0-20	10	20	34	45	6.03	16.88	44.3	1	112.5	4.4	634.6	1.345374792	9	0.984939228	mediterranean	3	10.06818182	Summer	909	10.56249998	6.808333357	37.61510311	419.9411402	20.79999924	2.700000048	18.09999919	6.666666786	15.79999987	15.86666648	5.75	1081	131	51	31.13584881	386	169	193	357	20.08.2018	7.326159954	-0.117771626	LUCAS
Lucas0589	48623122	154.7572327	1.103916304	0	319.0588235	8	48.44286728	21.01132011	9.781339896	42.14464328	0.433615565	249.2442203	0.001739722	8.444664358	Lucas0589	CL_annual	Cropland	U111	U111	0-20	6	6	59	35	6.51	17.63	14.1	0	39.7	1.6	206.8	1.268337211	7	0.896902116	continental	1	8.8125	Summer	2168	8.591666621	8.433333154	31.00490206	721.1506938	23.29999924	-3.900000095	27.19999933	17.41666651	0.783333341	17.41666651	-0.266666651	583	78	25	39.35671103	232	85	232	95	13.08.2018	3.406627655	-0.558623135	LUCAS
Lucas0590	47582914	494.6564636	0.052104413	5.126400082	336	8	42.26384735	20.87621212	9.002905821	45.18753835	0.81227758	66.78398577	0.01216276	7.291322996	Lucas0590	WL_broadleaved	Woodland	U120	U120	0-20	11	10	61	29	3.95	7.87	21	1	21.8	1.5	50.3	1.189505069	7	0.784462116	continental	2	14	Summer	1223	7.8208333	8.441666485	30.14880888	743.7816679	23.5	-4.5	28	16.96666654	0.100000034	16.96666654	-1.283333311	553	82	25	42.08466436	222	81	222	83	07.08.2018	3.540304184	-1.002494931	LUCAS
Lucas0591	29281750	62.16865921	1.241816911	0	310.5882353	7	0.787468195	26.50567818	18.74365967	41.52043011	0	380.8063546	0	3.100775194	Lucas0591	CL_annual	Cropland	U111	U111	0-20	3	8	83	9	8.16	14.45	9.4	33	19.9	0.9	226.8	1.320553677	9	0.013233497	mediterranean	1	10.44444444	Summer	1125	18.07083346	12.52500021	42.17171884	605.2514829	34.79999924	5.099999905	29.69999933	11.91666675	25.71666686	25.86666679	11.05000011	541	94	2	66.07494249	250	22	27	223	30.07.2018	2.28746438	-0.18920359	LUCAS
Lucas0592	47821962	229.7220917	51.37449776	13.59049397	12.70588235	7	27.05574989	23.87033176	15.20679338	49.2404216	0.747604446	441.4471701	0.001693531	13.63786826	Lucas0592	CL_permanent	Cropland	U111	U111	0-20	72	40	22	39	7.78	20.49	18.5	389	20.9	1.5	770	1.112565754	7	0.475744541	continental	1	12.33333333	Summer	1347	14.42500012	8.49999998	34.41295432	607.0214352	28.20000076	3.5	24.70000076	11.70000013	22.05000035	22.05000035	7.416666627	770	105	24	40.54612318	282	85	85	249	26.07.2018	4.273610115	0.253235757	LUCAS
Lucas0593	32321928	812.8146973	8.118224515	0	323.2941176	7	1.381581426	25.41790104	14.53956393	27.74716553	0.688225539	185.7801118	0.003704517	9.171548117	Lucas0593	CL_annual	Cropland	U111	U111	0-20	6	2	24	75	7.91	291	12.5	146	4.8	1.5	372.7	1.33633022	4	0.023649967	atlantic	1	8.333333333	Summer	1462	13.80416673	13.22500003	39.47761022	723.590974	33.40000153	-0.100000001	33.50000153	9.416666786	23.16666667	23.35000006	5.783333494	456	57	10	39.87308777	157	49	54	143	30.07.2018	2.368101358	0.020684533	LUCAS
Lucas0594	54101838	3.235495806	1.921046966	0	275.2941176	7	33.61079025	26.59596252	14.51362715	44.57816646	0.666921752	74.62113386	0.008937438	13.94468225	Lucas0594	Other bare soil	Bareland	U111	U111	0-20	8	13	52	35	8.05	225	7.1	50	5.2	1	96.6	1.067405006	7	0.563977639	continental	Bareland	7.1	Summer	3547	16.4916665	10.44999993	36.28472113	699.0572687	32.20000076	3.400000095	28.80000067	12.98333311	25.29999987	25.29999987	8.199999889	569	86	11	55.29071916	238	44	44	214	30.07.2018	5.322941303	-0.346176594	LUCAS
Lucas0595	50284620	80.11000061	0.000508159	0	0	7	54.6101799	19.27978039	3.451467897	33.59188705	17.83750728	2867.43972	0.006220709	75.57610242	Lucas0595	WL_coniferous	Woodland	U120	U120	0-20	11	20.05210918	39.89454094	39.80887097	5.05	27.4	306.7	0	27.2	14.3	165.7	0.162903538	1	1.044575541	alpine	2	21.44755245	Summer	1424	2.345833438	8.325000043	24.6301775	890.1594879	20.60000038	-13.19999981	33.80000019	12.1000003	-4.233333286	13.76666689	-8.333333254	537	73	25	36.38629618	201	79	199	98	28.07.2018	7.452508926	-0.64080584	LUCAS
Lucas0596	26942016	186.901413	0.181784908	5.126400082	259.7647059	8	1.00051868	22.68497658	16.59449778	48.13879746	0.910992969	89.60944378	0.010166261	3.699421965	Lucas0596	WL_broadleaved	Woodland	U120	U120	0-20	15	13	69	17	4.49	5.89	15	2	1.8	1.2	38.2	1.089375718	9	0.01796748	mediterranean	2	12.5	Summer	990	15.40000004	7.450000087	41.38888718	372.8697129	25.20000076	7.199999809	18.00000095	11.78333314	19.80000019	20.20000013	10.98333335	719	106	7	58.79980896	306	39	46	292	16.08.2018	2.075623989	-0.381740928	LUCAS
Lucas0597	31601976	701.385376	3.733562655	5.126400082	336	8	5.745608807	26.97721481	15.48177282	28.49790679	0.338545207	180.1060503	0.001879699	2.453580902	Lucas0597	CL_permanent	Cropland	U111	U111	0-20	2	20	16	64	8.33	14.71	10.1	268	9.2	0.8	168.7	1.122311336	9	0.095796526	mediterranean	1	12.625	Summer	984	14.36666677	12.16666671	37.32106439	722.1128421	33.29999924	0.699999988	32.59999925	9.983333508	23.69999981	23.86666663	6.300000062	407	51	9	40.82268329	146	45	47	125	06.08.2018	2.353915691	-0.359459996	LUCAS
Lucas0598	46463396	43.2148056	0.640384119	0	245.6470588	8	29.26916504	20.68680811	9.215209835	48.69459875	0.520861601	182.2358661	0.002858173	1.864181092	Lucas0598	WL_broadleaved	Woodland	U420	U420	0-20	6	4	77	19	6.39	6.87	12.3	1	24.3	1.2	30.1	1.227029559	7	0.545183558	continental	2	10.25	Summer	2837	8.408333354	7.783333356	29.70737998	700.0806257	22.79999924	-3.400000095	26.19999933	17.05000003	0.766666641	17.05000003	-0.133333325	585	67	31	21.73568173	190	110	190	120	13.08.2018	2.525779009	-0.787378013	LUCAS
Lucas0599	37962780	183.0557709	1.382275614	90	0	8	28.24750519	20.79461813	11.65747181	51.93519733	0.196482922	354.651674	0.000554017	2.553962762	Lucas0599	CL_annual	Cropland	U111	U111	0-20	5	12	9	78	7.36	19.45	11.6	3	43.1	1.5	198.7	1.415710008	4	0.525099093	atlantic	1	7.733333333	Summer	1854	10.33749999	8.958333469	36.12231181	591.7390583	24.60000038	-0.200000003	24.80000038	6.99999996	6.250000007	17.8166666	3.283333349	689	66	48	10.17876676	187	152	170	174	21.08.2018	3.209545851	-0.464952171	LUCAS
Lucas0600	42722438	88.29450226	3.665452997	0	312	8	52.99716949	25.08702183	13.9761345	66.10694022	1.225318324	305.5637572	0.004010025	22.72921717	Lucas0600	CL_annual	Cropland	U112	U111	0-20	17	23	6	70	7.51	103.37	22.9	5	70.7	3	2812.8	1.052349038	6	0.912375395	boreal	1	7.633333333	Summer	1930	12.48749994	9.941666618	31.76251393	784.7440896	29.29999924	-2	31.29999924	12.8500001	22.09999975	22.09999975	2.716666629	769	108	34	27.46574516	250	161	161	163	07.08.2018	6.340671539	0.017486826	LUCAS
Lucas0602	34902982	12.17509747	0.699967944	90	0	5	51.56514359	13.45559216	12.00434429	65.63578375	1.846496107	298.793845	0.006179833	10.54726368	Lucas0602	GL_managed	Grassland	U111	U111	0-20	28	12	43	46	5.26	5.43	23.2	0	4.3	2.2	61.4	1.006826719	9	1.109987866	mediterranean	3	10.54545455	Spring	1355	11.25833341	6.500000219	36.72316349	416.1721401	21.20000076	3.5	17.70000076	9.616666555	16.35000022	16.55000019	6.483333309	826	103	43	28.84607727	286	137	159	248	15.05.2018	13.57532501	-0.158515111	LUCAS
Lucas0603	46623028	206.4052429	1.336802026	0	163.7647059	8	40.59159851	22.19870281	9.856462278	49.03041759	0	93.67096522	0	0.549633578	Lucas0603	CL_annual	Cropland	U111	U111	0-20	4	5	73	22	6.1	7.05	3.2	1	53	0.4	76	1.548067879	7	0.735372327	continental	1	8	Summer	2779	9.287500009	8.175000022	30.16605264	715.55485	24.29999924	-2.799999952	27.09999919	18.06666644	0.516666651	18.06666644	0.516666651	517	78	21	47.31146767	215	71	215	71	01.08.2018	3.420332909	-1.349966764	LUCAS
Lucas0604	33762832	141.1348419	1.398544749	90	0	8	40.29958725	19.22553825	11.92061269	61.5183515	1.576662144	285.3007689	0.005526316	14.04531823	Lucas0604	CL_annual	Cropland	U111	U111	0-20	52	21	26	53	6.13	9.99	20.4	0	153.1	2.1	253.1	1.382781031	7	0.771645226	continental	1	9.714285714	Summer	925	11.51666673	6.133333365	35.45279558	415.1962002	21.29999924	4	17.29999924	7.716666619	16.63333337	16.80000003	6.799999952	922	110	47	28.47621759	319	148	170	293	20.08.2018	5.841971397	-0.163814038	LUCAS
Lucas0605	47942370	584.4487305	0.448341585	8.88512427	347.2941176	8	69.09580231	20.73020411	10.17161881	87.99315704	1.018001978	607.0904055	0.001676854	16.29408843	Lucas0605	WL_broadleaved	Woodland	U420	U420	0-20	21.68978102	20.05210918	39.89454094	39.80887097	6.42	11.51	74.6	3	6.2	6	299.8	0.051179187	6	1.285976919	boreal	2	12.43333333	Summer	2476	9.462500036	9.458333373	34.39393894	679.1944632	24.60000038	-2.900000095	27.50000048	5.833333373	17.85000006	17.85000006	1.116666635	1116	138	57	23.56634569	367	209	209	279	21.08.2018	7.429314613	-0.076514013	LUCAS
Lucas0606	49343216	148.265274	0.862585458	0	64.94117647	8	39.66531754	21.03161573	9.465070624	42.88128642	0.558584987	50.79781421	0.010996241	3.673537234	Lucas0606	WL_coniferous	Woodland	U111	U111	0-20	3	1	95	4	3.76	6.35	9.9	1	73.6	0.9	22.2	1.113533102	7	0.734113111	continental	2	11	Summer	2269	8.220833391	7.974999934	28.68705091	752.9863615	23.29999924	-4.5	27.79999924	17.28333346	0.049999992	17.28333346	-1.233333339	537	76	23	36.84889011	207	82	207	90	07.08.2018	7.452835083	-0.001717954	LUCAS
Lucas0607	29542352	1404.522949	0.765026179	0	314.8235294	8	18.12270164	17.85717154	10.21795333	68.48286699	4.788461538	798.7474535	0.005994963	37.46293245	Lucas0607	D20	Shrubland	U420	U420	0-20	12	9	47	45	4.17	31.3	222.1	63.28125023	39.5	10.5	240.9	0.454536843	9	0.356345056	mediterranean	Shrubland	21.15238095	Summer	1719	7.912500149	8.608333576	36.63120559	544.5854464	21.70000076	-1.799999952	23.50000072	2.733333369	14.91666706	15.03333362	1.833333433	1387	174	49	37.60890734	501	171	181	469	06.08.2018	6.878175735	0.188967347	LUCAS
Lucas0608	39082862	185.1153412	1.427787215	90	0	8	58.85401535	20.81617022	11.17852808	52.40776323	1.172189028	552.9826785	0.002119757	8.240571524	Lucas0608	CL_annual	Cropland	U111	U111	0-20	6	21	49	30	7.78	24.88	27.1	795	59.2	2.8	180.2	1.158886731	4	1.093612108	atlantic	1	9.678571429	Summer	2188	10.20833335	9.416666559	36.92810415	598.0796313	25	-0.5	25.5	17.78333346	6.100000024	17.78333346	3.133333383	687	68	46	11.71517313	189	144	189	167	21.08.2018	4.848302841	-0.534430385	LUCAS
Lucas0609	40382640	887.5752563	7.878139125	5.126400082	148.2352941	5	132.1828156	12.69765878	8.038755191	92.17758199	1.820750988	1071.902899	0.001698616	15.63854618	Lucas0609	GL_managed	Grassland	U111	U111	NA	6	13	56	31	7.08	101.4	41.1	12	52.6	5.3	142.9	1.067405006	7	2.892551152	continental	3	7.754716981	Spring	1196	7.112499958	8.008333393	32.29166728	633.4972277	20.89999962	-3.900000095	24.79999971	3.66666673	2.700000087	14.93333308	-0.533333341	1337	125	94	8.711281154	360	302	333	343	25.05.2018	22.52637291	0.123685792	LUCAS
Lucas0610	30721756	305.7799377	8.858923409	5.126400082	218.8235294	8	5.114263058	29.28420448	17.59070537	36.51929143	0.520982783	209.8518651	0.002482622	7.452282158	Lucas0610	CL_permanent	Cropland	U420	U410	0-20	7	46	17	37	8.28	15.23	9.2	209	3.8	1	458.8	1.399199728	4	0.082111718	atlantic	1	9.2	Summer	605	17.5	13.86666663	42.27642365	671.1591054	36.29999924	3.5	32.79999924	10.5333333	26.0999999	26.11666679	9.833333492	492	78	4	58.10872031	209	29	31	188	06.08.2018	2.150531054	-0.048281163	LUCAS
Lucas0611	46282880	725.0360107	1.670570877	5.126400082	176.4705882	8	77.38004303	19.8467536	9.044313757	58.8468656	0.485466147	200.8751034	0.002416756	5.998000666	Lucas0611	WL_coniferous	Woodland	U120	U120	0-20	33	16	43	41	4.37	6.04	22.9	1	45.1	1.6	75.4	1.113797666	6	1.464234561	boreal	2	14.3125	Summer	1216	7.062500079	8.608333329	32.12064595	699.3312654	21.70000076	-5.099999905	26.80000067	15.73333375	2.566666722	15.73333375	-1.416666607	903	111	57	22.31348412	300	181	300	206	07.08.2018	13.15450096	-0.948819757	LUCAS
Lucas0612	31141750	468.0203247	15.74422402	0	43.76470588	8	5.638298035	29.13086319	17.70765626	34.04403531	0.286503279	608.4088137	0.000470906	4.263053536	Lucas0612	CL_permanent	Cropland	U111	U111	0-20	11	30	18	52	7.89	123.4	13.9	391	17.4	1.3	513.6	1.249321384	9	0.090748748	mediterranean	1	10.69230769	Summer	151	16.87499989	13.79999977	41.4414426	689.8599725	36.09999847	2.799999952	33.29999852	9.7833335	25.8333327	25.8333327	9.083333373	420	61	4	52.74454031	167	29	29	152	06.08.2018	2.032000065	-0.223970786	LUCAS
Lucas0613	31761666	1050.753418	11.43236375	0	208.9411765	8	6.229886532	25.7123394	13.52014938	21.58437187	0.290984975	105.6598776	0.002753978	0.49833887	Lucas0613	D20	Shrubland	U120	U120	0-20	41	7	56	37	8.42	9.57	4.9	25	2	0.6	44.3	1.706087215	9	0.106108641	mediterranean	Shrubland	8.166666667	Summer	945	13.44166666	13.83333322	41.17063644	697.0484248	33.09999847	-0.5	33.59999847	6.566666772	22.44999981	22.61666663	5.683333432	431	56	5	48.92860845	161	31	32	154	06.08.2018	4.136975288	0.303199023	LUCAS
Lucas0614	51464814	166.5250702	0.084946044	5.126400082	231.5294118	8	74.26602936	14.49397945	1.350974823	40.3169631	2.910543893	442.4026718	0.006578947	30.23797637	Lucas0614	WL_broadleaved	Woodland	U120	U120	0-20	4	4	12	84	4.71	4.42	40.5	0	30.8	2.2	43.5	0.843591951	7	1.56369355	continental	2	18.40909091	Summer	2047	0.679166675	8.358333309	23.02571087	982.148519	20.20000076	-16.10000038	36.30000114	11.34999998	-5.98333319	13.33333325	-11.14999994	651	78	35	27.72057717	221	107	219	128	13.08.2018	22.86929893	0.594610989	LUCAS
Lucas0615	37923106	35.11751938	1.44888258	0	96	6	32.82443619	17.08766603	11.35865387	58.64207599	1.060412484	243.1172355	0.004361733	8.698550242	Lucas0615	CL_annual	Cropland	U111	U111	0-20	17	18	30	51	5.81	60.25	16.1	9	83.1	1.9	331.2	0.887954719	4	0.655339703	atlantic	1	8.473684211	Summer	1687	10.12916671	6.64166675	32.71757027	504.3288125	21.5	1.200000048	20.29999995	11.11666679	6.249999921	16.35000038	4.099999984	697	75	43	16.03167536	212	143	177	165	24.06.2018	7.788832664	-0.315619797	LUCAS
Lucas0616	48903214	124.7804108	0.645221631	0	5.647058824	8	37.26283646	21.13323259	9.56809714	41.33630221	0.997846761	116.2069502	0.008586808	7.548108825	Lucas0616	CL_annual	Cropland	U111	U111	0-20	5	6	20	74	5.3	10.08	10.2	0	76.2	1.1	141.3	1.211135409	6	0.688354171	boreal	1	9.272727273	Summer	2664	8.383333381	8.000000147	29.41176571	733.3929061	23.39999962	-3.799999952	27.19999957	17.33333349	0.450000003	17.33333349	-0.616666655	521	71	23	36.7627132	202	78	202	90	13.08.2018	9.174603462	0.298695534	LUCAS
Lucas0617	39122716	499.8654785	0.806554076	90	0	8	42.1367836	20.42715931	10.6419997	63.34297341	0.414309484	945.597461	0.000438146	9.94005994	Lucas0617	CL_annual	Cropland	U111	U111	0-20	28	26	9	66	7.63	22.33	40.1	225	49.4	4.5	311.4	1.054938326	7	0.788677222	continental	1	8.911111111	Summer	1576	8.929166652	7.908333346	32.27891162	614.3749858	23	-1.5	24.5	5.4833333	4.716666738	16.66666651	1.649999966	903	92	62	11.57081904	244	200	216	228	07.08.2018	7.401711464	0.142648071	LUCAS
Lucas0618	49443178	165.4021454	0.355263965	0	278.1176471	8	43.29249191	21.12927628	9.319554505	44.27998934	0.603088102	54.81065698	0.011003118	8.112168252	Lucas0618	CL_annual	Cropland	U111	U111	0-20	5	4	78	18	4.12	9.72	13	1	40.7	1.3	40.2	1.472117799	6	0.799798092	boreal	1	10	Summer	2736	8.266666636	8.23333324	29.40476257	751.5841756	23.29999924	-4.699999809	27.99999905	17.34999975	0.100000004	17.34999975	-1.133333306	552	78	24	36.97478127	212	84	212	91	13.08.2018	9.748277664	0.381949514	LUCAS
Lucas0619	48883246	114.553627	0.361905604	0	261.1764706	8	34.27494812	21.25855398	9.585767244	39.30817213	0.558970817	41.93714384	0.013328776	4.564930784	Lucas0619	CL_annual	Cropland	U111	U111	0-20	21.68978102	20.05210918	39.89454094	39.80887097	4.32	9.03	10.3	63.28125023	84	1	24.9	1.476133958	6	0.631696675	boreal	1	10.3	Summer	2664	8.537499983	8.158333125	29.34652284	754.7188663	23.79999924	-4	27.79999924	17.73333327	0.316666717	17.73333327	-0.883333345	514	73	22	37.82388334	201	76	201	87	06.08.2018	5.710926056	-0.528199315	LUCAS
Lucas0620	37202358	488.7305298	2.617216971	90	0	8	44.53385544	22.36270428	12.19960203	60.19074149	0.914936616	342.0744687	0.002674671	10.28514917	Lucas0620	WL_broadleaved	Woodland	U120	U120	0-20	53	24	13	63	5.29	7.15	36.7	1	10.2	3.5	246.2	0.815990841	7	0.804401736	continental	2	10.48571429	Summer	1645	11.48333338	9.83333343	37.53180589	599.0231954	26.20000076	0	26.20000076	8.183333377	19.10000006	19.10000006	4.483333394	730	75	39	15.99262867	202	153	153	190	15.08.2018	5.086017132	0.561644733	LUCAS
Lucas0621	53381850	630.0809937	15.19471455	8.88512427	120	8	31.86050034	22.389431	11.80216875	55.82938947	1.461267606	917.0374283	0.001593466	15.30815109	Lucas0621	WL_broadleaved	Woodland	U420	U420	0-20	26	30	33	37	7.36	22.1	45	84	94.9	5.1	334.7	4.550175029	7	0.57520902	continental	2	8.823529412	Summer	1568	13.36666668	10.48333319	35.77929323	693.139545	29.70000076	0.400000006	29.30000076	10.16666667	22.00000016	22.00000016	5.066666767	800	117	21	51.6043652	317	68	68	291	05.08.2018	11.57043266	1.467607617	LUCAS
Lucas0622	28642186	575.6193848	1.422776282	5.126400082	358.5882353	8	2.544038296	21.70457029	13.88918385	68.27338128	0.383207934	99.41643867	0.003854573	2.533333333	Lucas0622	CL_permanent	Cropland	U111	U111	0-20	38	12	19	69	5.64	5.26	16.7	0	13.5	1.5	127.7	1.16041703	9	0.046505041	mediterranean	1	11.13333333	Summer	954	12.85416665	9.208333373	40.74483725	483.9865582	25.60000038	3	22.60000038	7.349999984	18.98333343	19.09999975	7.349999984	1200	173	14	55.64449327	499	83	91	499	07.08.2018	1.971086144	-0.074180081	LUCAS
Lucas0623	46843766	107.7085495	0.003858296	0	49.41176471	8	76.09570313	17.2823596	7.500177509	43.34721415	4.837676547	515.3143691	0.009387816	17.40059152	Lucas0623	WL_coniferous	Woodland	U120	U120	0-20	53	5	68	27	4.03	16.79	192.9	0	46	6.6	175.9	0.288929122	1	1.513367784	alpine	2	29.22727273	Summer	451	6.433333297	8.583333294	31.79012443	671.8033044	21.79999924	-5.199999809	26.99999905	14.13333313	1.116666729	15.16666635	-1.283333302	571	62	34	20.23326442	175	105	171	127	15.08.2018	5.341921806	-0.282047331	LUCAS
Lucas0624	32201782	1343.606445	0.161748434	0	100.2352941	8	16.32167244	23.87340832	14.43119481	28.64016834	1.957699805	763.1901235	0.002565153	14.91126223	Lucas0624	WL_coniferous	Woodland	U420	U420	0-20	4	24	24	51	6.89	17.62	32.5	1	4.5	2.2	236.7	1.473496039	4	0.286982492	atlantic	2	14.77272727	Summer	1094	10.95833325	12.56666654	37.851406	733.1867839	30.79999924	-2.400000095	33.19999933	6.76666677	20.46666654	20.68333292	2.900000016	531	64	9	42.86407299	181	47	54	169	12.08.2018	4.942882538	0.673923731	LUCAS
Lucas0625	28542018	238.528656	0.793713851	0	273.8823529	8	1.196819305	26.83348179	16.96268935	51.22172958	0.828205555	132.1816065	0.006265664	0.248838752	Lucas0625	WL_broadleaved	Woodland	U120	U120	0-20	47	5	79	16	5.87	2.78	7.9	0	2.1	0.7	33.3	1.521370716	9	0.020002501	mediterranean	2	11.28571429	Summer	625	16.41250014	10.84166686	39.85906961	593.2925233	32	4.800000191	27.19999981	10.30000019	24.05000003	24.05000003	9.600000064	675	96	5	57.45696746	279	34	34	259	07.08.2018	2.121176958	-0.310676843	LUCAS
Lucas0626	32882938	48.50745392	1.91300059	90	0	8	49.98270798	18.25021172	12.22655733	76.27384648	1.095028681	246.2492033	0.004446831	14.00854982	Lucas0626	CL_annual	Cropland	U111	U111	0-20	5	13	11	76	7.18	17.63	19.6	1	79.2	2.3	355.6	1.174304443	4	0.975268322	atlantic	1	8.52173913	Summer	1451	11.35416677	6.258333325	37.47505028	384.3675964	21	4.300000191	16.69999981	7.983333508	16.14999994	16.33333365	7.116666794	1035	129	46	33.86647146	373	153	180	361	14.08.2018	5.328979492	-0.703706563	LUCAS
Lucas0627	31441666	1830.799438	1.051062465	7.252246865	104.4705882	8	9.121425629	21.62992573	10.6874359	26.85882041	0.593361702	236.7513191	0.002506266	2.618929223	Lucas0627	WL_coniferous	Woodland	U420	U420	0-20	48	11	46	43	6.25	62.1	28.3	1	12	1.8	70.2	1.467497898	9	0.166967564	mediterranean	2	15.72222222	Summer	1212	8.849999907	12.34999982	37.08708633	727.0206879	29	-4.300000191	33.30000019	1.866666625	18.24999984	18.44999981	0.733333309	672	86	9	49.16266326	249	48	53	242	06.08.2018	2.004170179	-0.574240863	LUCAS
Lucas0628	37802362	804.7455444	0.52098919	90	0	8	48.29656219	20.90828037	10.73883413	71.02440764	2.078597573	820.8541707	0.002532237	14.05629139	Lucas0628	WL_coniferous	Woodland	U120	NA	0-20	22	34	32	34	5.66	6.74	12.3	225	17.9	1.3	138.5	1.067405006	4	0.895902482	atlantic	2	9.461538462	Summer	2050	9.604166542	8.808333009	35.09296133	592.3046497	23.79999924	-1.299999952	25.09999919	6.516666571	17.18333308	17.18333308	2.916666677	840	107	36	25.23804185	264	147	147	231	15.08.2018	9.842830658	1.203624606	LUCAS
Lucas0629	50063158	228.5118713	1.870496803	0	132.7058824	8	52.62354279	21.01810265	8.953252416	45.53434332	0.859335951	88.01773176	0.009763214	6.943521595	Lucas0629	CL_annual	Cropland	U111	U111	0-20	4	5	62	33	5.55	10.79	11.6	0	50.2	1.1	87.9	1.320533599	6	0.974183472	boreal	1	10.54545455	Summer	2715	7.987500018	8.708333421	29.82305937	771.9930712	23.60000038	-5.599999905	29.20000029	17.26666689	-0.433333337	17.26666689	-1.733333329	574	81	24	40.28775953	231	83	231	90	13.08.2018	7.388119221	-0.138646558	LUCAS
Lucas0630	47362636	462.3536072	1.330597416	11.47834095	247.0588235	8	150.2893524	21.46940804	9.472590396	75.1690208	1.834166026	349.2996413	0.005250982	13.55481728	Lucas0630	WL_broadleaved	Woodland	U120	U120	0-20	4	22	31	48	4.45	6.36	65	14	3.4	3.3	88	0.702369777	7	2.759151565	continental	2	19.6969697	Summer	1992	8.654166766	9.808333461	33.24858801	744.911408	24	-5.5	29.5	17.65000025	-0.699999928	17.65000025	-0.699999928	1094	140	37	37.97562292	414	145	414	145	13.08.2018	21.95395088	0.122189477	LUCAS
Lucas0631	46302578	1386.633789	17.16642504	26.87434808	57.88235294	7	131.3785248	16.52229261	9.080261406	123.0526175	3.329257829	811.3893894	0.004103157	22.42928453	Lucas0631	WL_coniferous	Woodland	U120	U120	NA	21	10	66	23	6.55	13.05	30.7	5	5.5	2.6	43.1	1.067405006	7	2.652916855	continental	2	11.80769231	Summer	892	4.312499964	8.208333261	32.31627317	641.6956357	17.89999962	-7.5	25.39999962	5.466666619	-2.683333353	12.3166666	-3.233333336	1951	211	100	20.17481809	594	352	508	373	31.07.2018	21.50547981	0.458305806	LUCAS
Lucas0632	46264036	27.21999931	0.288508667	0	87.52941176	8	63.27453232	16.7217226	7.012788271	50.34328822	1.316186424	340.1432347	0.003869506	14.18851643	Lucas0632	CL_annual	Cropland	U111	U111	0-20	3	60	2	38	5.55	14.44	43.7	0	18	4.1	209.1	1.067405006	6	1.272573214	boreal	1	10.65853659	Summer	476	5.88750002	8.408333232	28.99425252	762.8598371	22	-7	29	14.23333359	-2.466666693	15.63333368	-3.13333337	645	79	31	27.83243702	216	109	209	125	06.08.2018	11.82417107	0.377124339	LUCAS
Lucas0633	44383872	118.8896637	0.007847206	5.126400082	31.05882353	8	95.99436188	16.80852127	8.119824911	62.54917265	23.41025641	2350.556299	0.009959454	64.15584416	Lucas0633	WL_coniferous	Woodland	U120	U120	0-20	3	12	57	31	4.23	30.2	275.4	0	41.6	11.5	325.8	1.067405006	6	1.927267854	boreal	2	23.94782609	Summer	302	6.708333368	6.73333328	27.93914235	647.1048625	20	-4.099999905	24.0999999	3.633333335	1.483333319	14.95000013	-0.833333333	885	94	50	20.71812428	275	165	225	221	14.08.2018	10.36845398	-0.792735577	LUCAS
Lucas0634	46383790	279.4824219	0.010164026	0	269.6470588	8	91.30395508	16.31431484	7.035422927	50.61314553	10.12527352	1248.026988	0.008113024	69.59920173	Lucas0634	WL_coniferous	Woodland	U120	U120	0-20	21.68978102	20.05210918	39.89454094	39.80887097	4.02	41.7	524.3	0	48.3	19	261.7	0.219627889	6	1.851469606	boreal	2	27.59473684	Summer	1109	5.424999931	8.199999945	30.37037124	689.9588208	20.79999924	-6.199999809	26.99999905	13.18333308	0.083333297	14.29999979	-2.566666669	707	73	42	18.28915847	209	133	201	163	14.08.2018	10.50137711	0.12399818	LUCAS
Lucas0635	47302554	493.8268738	1.979263943	11.47834095	62.11764706	8	128.924057	21.62139797	11.08049995	92.69962411	1.003112983	211.5757798	0.004741152	9.134775374	Lucas0635	WL_broadleaved	Woodland	U120	U120	NA	32	28	7	64	4.87	5.17	22	1	0	1.5	96.8	0.144092348	6	2.360321445	boreal	2	14.66666667	Summer	1524	9.037500022	9.841666464	34.17245278	715.8216095	24.60000038	-4.199999809	28.80000019	17.81666692	1.716666713	17.81666692	0.200000008	1152	136	50	27.03383652	369	184	369	185	07.08.2018	12.7104187	-0.012101396	LUCAS
Lucas0637	35142218	1137.405518	9.927993255	90	0	9	50.89850998	16.3852129	7.325641983	68.35434221	3.872727273	1355.793939	0.002856428	24.370444	Lucas0637	WL_broadleaved	Woodland	U420	U420	0-20	34	20	29	51	6.71	16.9	75.5	4	16	5.8	277.2	0.86730398	9	1.030642717	mediterranean	2	13.01724138	Autumn	1957	7.958333287	10.24999985	37.54578806	609.5073735	23.79999924	-3.5	27.29999924	5.083333462	15.96666646	15.96666646	1.199999928	1032	108	56	18.0546605	305	206	206	265	04.09.2018	6.713479042	-0.277473241	LUCAS
Lucas0638	39783064	173.503418	1.566897968	0	124.2352941	8	85.76806641	19.63896084	10.83475514	64.60053514	0.547940899	174.6713822	0.003136982	9.720448418	Lucas0638	CL_annual	Cropland	U111	U111	0-20	3	24	2	73	7.46	19.72	13.1	1	36.3	1.5	259.7	1.169784136	7	1.629364734	continental	1	8.733333333	Summer	1468	9.670833324	7.308333367	32.05409317	572.1906049	22.60000038	-0.200000003	22.80000038	16.7833333	5.56666665	16.7833333	2.833333313	819	78	56	11.47207094	233	177	233	193	27.08.2018	5.863222599	-0.658209324	LUCAS
Lucas0639	39162670	521.2107544	1.947445207	90	0	8	44.02414703	20.7174015	11.13363647	66.38991928	1.502853769	660.4715607	0.002275425	16.36213992	Lucas0639	Other bare soil	Bareland	U111	U111	0-20	42	25	11	64	7.61	19.97	27.8	95	17.7	3.2	408.9	0.654892958	7	0.819550943	continental	Bareland	8.6875	Summer	1875	9.087500003	7.758333231	31.92729825	621.1650507	22.79999924	-1.5	24.29999924	9.51666683	4.933333298	16.88333321	1.683333308	919	91	59	12.6702397	250	193	230	221	21.08.2018	9.952913284	0.148030654	LUCAS
Lucas0640	41062772	593.572876	1.494644289	13.59049397	115.7647059	8	65.14064026	19.15120125	10.62168417	71.85715003	0.358878783	230.4249292	0.001557465	4.689498366	Lucas0640	CL_permanent	Cropland	U113	U111	0-20	19	10	72	18	6.1	8.89	21	3	22.4	2.3	198.3	1.144558417	7	1.249072671	continental	1	9.130434783	Summer	790	7.841666768	7.566666941	31.79271735	618.5717972	21.20000076	-2.599999905	23.80000067	4.350000024	3.51666673	15.58333349	0.483333369	1085	109	75	11.82267516	300	236	275	282	13.08.2018	8.03672123	-0.979784191	LUCAS
Lucas0641	31261890	614.3264771	1.255323821	0	165.1764706	8	10.12170982	27.35582256	15.7385282	29.34160473	0.210304054	207.6028153	0.001013012	1.824212272	Lucas0641	CL_permanent	Cropland	U319	U120	0-20	12	17	54	30	8.35	14.62	9.7	258	10.4	0.9	274.4	1.082641329	9	0.167700636	mediterranean	1	10.77777778	Summer	2239	15.03750006	13.17499989	39.09495517	728.7695944	34.5	0.800000012	33.69999999	10.45000005	24.28333362	24.58333333	6.7666667	393	53	7	43.12520163	141	37	43	126	27.08.2018	2.404140711	-0.061044537	LUCAS
Lucas0642	36662908	152.3458862	0.366241465	90	0	7	31.45308113	20.62824154	11.29511276	53.17878723	1.473193047	232.9670021	0.006323612	9.189099369	Lucas0642	CL_annual	Cropland	U111	U111	0-20	69	25	10	65	6.72	8.48	11.4	10	29.4	1.2	167.9	1.513781152	4	0.58650219	atlantic	1	9.5	Summer	1960	10.1791666	7.958333562	36.01055906	521.7603862	23	0.899999976	22.10000002	7.433333238	9.133333325	16.73333327	4.049999932	659	75	44	16.34558422	201	141	154	181	10.07.2018	7.02188158	0.47233516	LUCAS
Lucas0643	37162926	119.1918793	1.680075182	90	0	8	44.20787811	19.86717415	11.26803684	53.92257329	0.938218671	228.0518417	0.004114059	15.42772375	Lucas0643	CL_annual	Cropland	U111	U111	0-20	37	21	4	75	6.62	34.11	11.8	1	39.7	1.6	193.6	0.963061243	1	0.836206565	alpine	1	7.375	Summer	1592	10.33750001	7.858333359	35.2391618	535.4867173	23.20000076	0.899999976	22.30000079	7.399999936	6.550000032	17.05000003	3.99999998	659	66	47	11.42471166	190	147	155	172	13.08.2018	5.7651577	-0.191220313	LUCAS
Lucas0644	54422324	438.0950012	6.492938624	7.252246865	296.4705882	8	17.28210258	23.52972412	11.90984008	55.5151056	0.904870758	141.0528105	0.00641512	5.531561462	Lucas0644	CL_annual	Cropland	U111	U111	0-20	53	24	50	27	5.41	5.52	13.4	1	13.6	1.2	110.4	1.303321388	7	0.305717087	continental	1	11.16666667	Summer	1522	10.2958332	10.22499969	32.87781312	789.8459393	26.79999924	-4.300000191	31.09999943	18.14999962	0.433333317	19.81666629	0.433333317	605	76	35	28.49312402	216	111	190	111	29.08.2018	13.12184715	1.196911216	LUCAS
Lucas0645	30342270	800.7657471	0.676605288	90	0	8	4.753977299	21.4915719	11.65857973	37.95197246	0.328805886	161.041816	0.002041742	10.81763122	Lucas0645	CL_annual	Cropland	U112	U111	0-20	22	24	44	32	6.46	17.12	12.2	1	42.7	1.5	257.3	1.608552249	9	0.087242433	mediterranean	1	8.133333333	Summer	2991	11.70833329	10.79999981	40.14869758	592.2638904	26.60000038	-0.300000012	26.90000039	5.400000006	19.28333346	19.28333346	4.716666629	602	77	22	34.57012383	212	85	85	200	22.08.2018	2.460235834	-0.31955567	LUCAS
Lucas0647	30902056	849.9996338	0.533792058	90	0	9	15.09983444	19.60379887	12.72461193	36.62849416	0.929851775	443.9446168	0.002094522	3.701244813	Lucas0647	GL_managed	Grassland	U111	U111	0-20	17	7	75	18	7.25	11.72	13	1	62	1.5	344.4	1.281403082	9	0.287048365	mediterranean	3	8.666666667	Autumn	1016	12.34583343	10.84166691	36.87641806	660.7036848	29.5	0.100000001	29.4	14.11666663	20.85000022	21.01666673	4.966666715	354	44	14	32.35180778	116	54	62	90	04.09.2018	2.782925367	-0.094661437	LUCAS
Lucas0648	33342884	224.7885284	4.177266253	90	0	8	51.37402344	17.84014082	11.30122014	70.2972639	0.784435954	295.9715799	0.002650376	17.624648	Lucas0648	Other bare soil	Bareland	U111	U111	0-20	5	19	13	68	6.62	12.15	21	1	97.2	2.5	283.2	1.274592425	9	1.010501203	mediterranean	Bareland	8.4	Summer	1175	10.59166663	6.816666583	37.87037141	416.5760499	20.79999924	2.799999952	17.99999928	6.749999921	15.76666657	15.88333337	5.849999944	1079	131	51	31.18234709	386	169	193	357	27.08.2018	7.892301083	-0.210087314	LUCAS
Lucas0649	37342800	154.5669098	0.002893467	90	0	8	24.68174362	20.80966043	11.69856056	50.38512059	0.784389219	88.86839342	0.008826414	5.004156276	Lucas0649	WL_coniferous	Woodland	U120	U120	0-20	2	11	68	21	4.29	6.38	26.5	6	6	1.6	44.5	1.204854981	7	0.458686106	continental	2	16.5625	Summer	2129	10.60416668	8.508333494	36.20567389	569.4792595	24.10000038	0.600000024	23.50000036	7.366666536	17.75000016	17.75000016	3.816666742	650	67	41	12.19259619	176	147	147	165	27.08.2018	5.554630756	-0.33739388	LUCAS
Lucas0650	35922210	1006.682312	18.40649232	90	0	8	88.04823303	19.20844889	7.804863503	53.22439435	1.981270657	708.0959726	0.002798026	10.16166282	Lucas0650	WL_broadleaved	Woodland	U111	U111	0-20	39	13	47	39	6.13	16.22	30	1	11	3	113.1	1.232596134	7	1.686474793	continental	2	10	Summer	1752	9.429166754	10.24166695	38.07311121	596.91045	24.5	-2.400000095	26.9000001	10.78333344	3.250000099	17.1500001	2.616666734	939	101	61	15.90765469	276	196	223	202	19.08.2018	17.24561691	0.241563469	LUCAS
Lucas0652	44564034	229.3770752	0.012183675	5.126400082	52.23529412	10	62.13370514	6.049059749	5.860530979	57.78610089	2.569838233	189.4557894	0.013564316	18.76501342	Lucas0652	WL_coniferous	Woodland	U120	U120	0-20	32	4	58	38	4.38	7.17	39.1	0	6.4	1.7	52.3	0.876900528	9	1.591170326	mediterranean	2	23	Autumn	562	4.899999877	8.383333186	29.10879607	743.1902904	20.89999962	-7.900000095	28.79999971	5.066666543	-0.5166668	14.36666648	-3.966666679	853	94	48	23.0735185	275	154	235	185	14.10.2018	24.37413979	0.43108961	LUCAS
Lucas0653	55722274	466.1820068	1.244288829	7.252246865	166.5882353	9	32.98714066	18.47305346	12.02914373	54.52171908	1.054289194	320.138043	0.003293233	4.913964262	Lucas0653	WL_broadleaved	Woodland	U120	U120	0-20	21.68978102	7	79	14	5.46	4.59	18.1	1	4.8	1.5	84.5	1.141083957	7	0.640862324	continental	2	12.06666667	Autumn	1868	10.87916663	10.80833342	34.20358739	777.9181204	27.39999962	-4.199999809	31.59999943	15.05000011	16.41666643	20.41666619	1.283333341	601	71	40	21.27233059	196	124	168	132	23.09.2018	3.850926161	0.018392369	LUCAS
Lucas0654	53561644	117.0193481	3.1506838	0	276.7058824	9	113.5643311	23.11233425	16.26054759	52.18113708	0.233843987	388.7656278	0.000601504	5.365772371	Lucas0654	CL_permanent	Cropland	U111	U111	0-20	16	22	40	38	6.87	11.75	20.6	0	49.7	2.2	385.6	1.110760638	6	2.023874654	boreal	1	9.363636364	Autumn	1214	16.51666651	8.883333325	36.25850407	587.1980052	29.89999962	5.400000095	24.49999952	11.18333348	23.88333289	23.88333289	9.816666683	761	143	4	79.51157792	390	18	18	352	24.09.2018	10.4619034	-0.0561357	LUCAS
Lucas0655	46302452	340.6427002	1.727378368	0	146.8235294	8	87.68812561	24.49213791	13.90267638	80.32926921	1.446623094	501.4083317	0.00288512	16.40728477	Lucas0655	GL_managed	Grassland	U111	U410	0-20	21.68978102	20.05210918	39.89454094	39.80887097	6.83	23.8	49.5	63.28125023	4.8	4.8	596.4	0.706762315	6	1.525219427	boreal	3	10.3125	Summer	2028	12.35416663	8.75833321	32.6803478	667.6534897	27	0.200000003	26.8	9.133333286	5.099999897	20.85000006	4.449999921	971	118	58	21.70343757	314	203	222	222	31.08.2018	14.00638962	-0.679735899	LUCAS
Lucas0656	39383058	142.0155487	3.610704131	0	57.88235294	8	73.59673309	19.6360774	10.81677236	64.23661021	0.872372372	261.0574324	0.003341688	12.06469714	Lucas0656	CL_annual	Cropland	U111	U111	0-20	9	21	2	77	7.22	13.02	12.9	1	59.6	1.4	204.2	1.289791276	7	1.398218422	continental	1	9.214285714	Summer	1383	9.879166621	7.80833336	33.80230892	562.50034	23	-0.100000001	23.1	15.26666681	5.833333238	16.91666667	3.183333271	796	78	53	10.84599124	216	177	210	191	27.08.2018	3.545936584	-0.827250361	LUCAS
Lucas0657	28402378	266.7872925	1.29555337	8.88512427	184.9411765	8	20.51743317	20.30314732	13.16100914	100.0538149	2.202122528	301.7575173	0.007297656	31.12956811	Lucas0657	WL_broadleaved	Woodland	U420	U420	0-20	16	16	41	43	5.64	11.48	101.1	1	6.9	7.5	53.1	0.650929585	9	0.384919732	mediterranean	2	13.48	Summer	1783	12.95833327	9.016666532	45.08333481	402.5759816	24.29999924	4.300000191	19.99999905	8.399999936	17.93333324	18.26666657	8.399999936	1694	246	36	47.31669687	666	159	197	666	26.08.2018	4.273455143	0.169740707	LUCAS
Lucas0658	36862270	118.6014786	0.929722637	90	0	8	49.63222885	24.31641197	13.73366542	52.69198006	1.038252357	248.1573604	0.004183847	8.158508159	Lucas0658	Other bare soil	Bareland	U111	U111	0-20	59	30	34	36	8.09	12.83	12.4	71	19.7	1.4	218.3	1.429222995	4	0.865933982	atlantic	Bareland	8.857142857	Summer	2130	13.45833352	9.233333528	36.6402113	585.4285039	27.70000076	2.5	25.20000076	10.24999984	20.88333368	20.88333368	6.700000087	724	79	27	24.67132284	216	117	117	210	22.08.2018	4.295293808	0.293661773	LUCAS
Lucas0659	46183812	264.3459167	0.002844755	0	348.7058824	8	94.1942215	16.2250762	6.726908659	53.5128748	2.117695473	245.3111111	0.008632693	19.56305859	Lucas0659	WL_coniferous	Woodland	U120	NA	0-20	16	9	55	37	5.11	40.6	484.6	1	68.1	19.2	1672.4	1.067405006	9	1.913541406	mediterranean	2	25.23958333	Summer	1266	5.58750011	7.92500027	29.79323314	690.3626438	20.70000076	-5.900000095	26.60000086	13.30000019	0.300000042	14.45000029	-2.449999978	695	75	39	21.38954685	214	124	209	155	24.08.2018	8.136701584	0.016820326	LUCAS
Lucas0660	48142494	279.4234619	0.58068394	8.88512427	307.7647059	8	87.21472931	22.79953384	11.9705025	79.6845922	2.341747985	1078.765238	0.002170767	21.62926018	Lucas0660	WL_broadleaved	Woodland	U120	U120	0-20	21.68978102	30	8	62	7.24	27	71.9	155	10.5	5.6	206.9	0.857258931	7	1.563001038	continental	2	12.83928571	Summer	1588	10.39999996	9.483333309	32.81430308	731.3778907	25.79999924	-3.099999905	28.89999914	10.78333326	2.750000079	19.21666654	1.116666714	1018	102	61	16.09618132	291	193	281	204	21.08.2018	8.134596825	-0.041305747	LUCAS
Lucas0661	33903630	71.66994476	2.491243768	0	131.2941176	8	101.9681854	14.16257477	9.285295336	86.21294263	9.973876698	1241.935563	0.008030913	72.73892608	Lucas0661	D20	Shrubland	U111	U420	0-20	21.68978102	20.05210918	39.89454094	39.80887097	4.52	38.59	536.9	1	59.1	23	401.3	0.192937195	4	2.162057223	atlantic	Shrubland	23.34347826	Summer	1141	8.300000032	6.783333381	38.5416661	408.5228402	18.10000038	0.5	17.60000038	6.316666663	9.74999996	13.5	3.549999952	1211	137	68	25.14286413	395	215	247	339	20.08.2018	21.84623146	-0.493541956	LUCAS
Lucas0662	48524982	244.8992004	0.000777312	0	214.5882353	8	102.8658371	12.99622917	0.762408213	42.08915961	1.427270888	215.8817183	0.006611356	18.70065789	Lucas0662	WL_coniferous	Woodland	U120	U120	0-20	10	7	64	30	4.67	4.04	36.1	0	22.9	1.4	33.7	0.948121743	6	2.236397178	boreal	2	25.78571429	Summer	1844	-0.495833382	8.925000081	24.25271686	1002.930848	19.10000038	-17.70000076	36.80000114	12.38333337	-7.183333397	12.38333337	-12.43333356	528	78	26	37.71236166	203	83	203	92	21.08.2018	15.57406807	-0.37566328	LUCAS
Lucas0663	37682906	82.84622955	0.660883543	90	0	8	39.69512558	20.59658861	12.00433987	51.64897999	0.703525332	241.0107237	0.002919062	13.52657005	Lucas0663	CL_annual	Cropland	U111	U111	0-20	17	16	8	75	7.47	21.5	16.7	3	45.5	1.5	200	0.863384787	7	0.740627839	continental	1	11.13333333	Summer	2385	10.80000006	8.250000109	35.71428504	551.9304889	24.20000076	1.100000024	23.10000074	16.0333333	6.933333377	17.74999984	4.283333401	639	61	44	10.00792189	174	143	157	158	13.08.2018	4.699549675	-0.40961802	LUCAS
Lucas0664	48004986	320.5171814	0.002861789	0	343.0588235	8	51.87919999	17.82700561	-0.172439782	40.05542354	2.826205394	527.2418051	0.005360359	47.68419553	Lucas0664	WL_coniferous	Woodland	U120	U120	0-20	23	20.05210918	39.89454094	39.80887097	5.28	9.6	73.9	4	5.5	4.2	39.2	0.484310711	7	1.046412543	continental	2	17.5952381	Summer	1992	-1.216666612	9.749999867	25.8620694	1002.134837	18.39999962	-19.29999924	37.69999886	11.59999998	-7.69999977	11.59999998	-13.13333329	517	86	23	43.52097844	211	75	211	87	21.08.2018	20.79728508	0.109360501	LUCAS
Lucas0665	30122298	974.5957642	0.235591272	90	0	8	9.481884956	21.32857752	10.62266666	47.70586737	0.350565974	159.1476038	0.002202773	2.165289256	Lucas0665	D10	Shrubland	U111	U111	0-20	34	10	52	39	5.39	3.75	18.2	1	4.5	1.5	35.8	1.573603667	9	0.174528497	mediterranean	Shrubland	12.13333333	Summer	1782	10.40416663	11.04166664	38.47270505	624.8107246	27.20000076	-1.5	28.70000076	4.183333365	18.56666644	18.56666644	3.399999904	907	113	36	34.10690639	322	126	126	300	22.08.2018	1.780976295	-0.243599206	LUCAS
Lucas0666	37082380	531.8684082	0.531436186	90	0	5	99.67118073	15.0861907	12.24127498	60.45633316	1.248931822	365.0273082	0.003421475	11.21556985	Lucas0666	GL_managed	Grassland	U111	U111	0-20	18	15	58	26	6.05	7.57	20.8	2	22.2	2	136.5	1.218227674	1	2.072761	alpine	3	10.4	Spring	1575	11.1125	10.20833323	38.37719204	600.3526445	26.10000038	-0.5	26.60000038	13.24999976	18.76666673	18.76666673	4.083333302	768	81	44	15.37062301	215	166	166	195	28.05.2018	23.05932999	0.97025305	LUCAS
Lucas0667	38462664	211.1047058	2.491243768	90	0	8	42.7710495	21.32940531	11.29805746	62.13419161	1.016387538	462.526082	0.002197471	7.66544729	Lucas0667	WL_broadleaved	Woodland	U370	U420	0-20	15	29	25	46	6.93	11.67	18.5	4	52.8	1.8	139.3	1.107969512	7	0.787254145	continental	2	10.27777778	Summer	1826	10.60416668	9.07500011	36.15537947	603.190226	24.89999962	-0.200000003	25.09999962	18.18333324	6.583333381	18.18333324	3.316666598	768	76	49	14.05437837	210	156	210	183	06.08.2018	6.572571278	-0.060723279	LUCAS
Lucas0668	43062380	977.5107422	0.255050198	5.126400082	127.0588235	8	75.54000092	21.87695456	12.29198762	67.30537796	0.96493818	647.7951652	0.001489573	10.22200133	Lucas0668	WL_broadleaved	Woodland	U120	U120	0-20	16	25	30	45	5.14	8	38.3	55	8.7	3	158.5	0.768506122	6	1.37653413	boreal	2	12.76666667	Summer	1380	9.512499916	9.358333215	34.78934392	641.9753664	24.79999924	-2.099999905	26.89999914	9.916666508	17.81666644	17.81666644	2.116666694	1509	195	55	31.39121149	522	252	252	370	05.08.2018	7.906226158	-0.248889878	LUCAS
Lucas0669	37022386	641.1307373	4.051050305	90	0	5	108.8536911	14.12232685	11.89437575	64.13666334	1.303007377	519.2039594	0.002509625	12.32172471	Lucas0669	GL_managed	Grassland	U111	U111	0-20	8	18	44	38	6.17	14	26.8	1	38.5	2.9	129.1	1.261790407	4	2.310023685	atlantic	3	9.24137931	Spring	1423	10.36250004	9.974999972	38.21838962	591.8696341	25.20000076	-0.899999976	26.10000074	12.38333321	17.63333352	17.91666683	3.483333413	841	88	49	14.62552889	233	181	182	215	28.05.2018	22.54982758	0.529941857	LUCAS
Lucas0670	40482646	1103.708862	0.225033635	8.88512427	293.6470588	8	89.07884979	17.50893784	8.038755191	92.17758199	4.892510402	1107.472492	0.004417726	28.59029383	Lucas0670	WL_coniferous	Woodland	U120	U120	0-20	20	20	22	59	5.16	11.01	91.4	1	10.9	5.5	207.2	0.636424098	7	1.763625481	continental	2	16.61818182	Summer	1185	6.137500014	7.825000104	32.06967181	624.6894707	19.70000076	-4.699999809	24.40000057	-0.199999978	1.60000002	13.86666671	-1.300000002	1396	134	101	8.556235781	380	321	347	369	06.08.2018	9.911254883	-1.204191804	LUCAS
Lucas0671	28282042	341.3931885	0.637679663	0	196.2352941	8	1.235154629	25.94675064	16.55012467	59.43322473	2.098448573	324.1997063	0.006472703	13.02681992	Lucas0671	GL_managed	Grassland	U111	U111	0-20	29	11	63	26	5.33	32.7	23.1	1	52.9	2.4	165.3	1.066695376	9	0.020953736	mediterranean	3	9.625	Summer	1244	15.62916656	10.72499983	39.72222017	581.2699916	31.20000076	4.199999809	27.00000095	9.516666651	23.11666648	23.11666648	8.916666587	875	130	6	59.87336857	361	41	41	346	13.08.2018	2.2187047	-0.194778666	LUCAS
Lucas0672	32522074	1063.117065	0.676343787	90	0	8	6.800891399	23.1529808	11.48955872	32.19936019	0.281546811	374.4572592	0.00075188	2.38410596	Lucas0672	WL_broadleaved	Woodland	U112	U111	0-20	30	27	31	42	7.94	11.32	23.7	187	3.7	2.1	444.2	1.095571462	1	0.121113631	alpine	2	11.28571429	Summer	1222	11.18749992	12.29166643	39.39636731	668.8155232	29.39999962	-1.799999952	31.19999957	7.34999978	19.8499999	19.9333334	3.716666693	476	58	16	35.06434367	162	63	68	133	14.08.2018	2.413134098	-0.107005179	LUCAS
Lucas0673	32782906	84.94242096	2.659858929	90	0	8	52.17550659	18.02087879	11.8684336	78.31864789	1.469322068	464.8623349	0.003160768	17.54851551	Lucas0673	CL_annual	Cropland	U111	U111	0-20	10	24	19	57	6.15	15.07	26.8	0	62.4	3.4	168.9	1.037070863	9	1.022630496	mediterranean	1	7.882352941	Summer	1126	11.16250004	6.37500004	37.9464273	388.2602601	20.70000076	3.900000095	16.80000067	7.666666587	15.96666686	16.1500001	6.799999952	1088	132	48	32.75480935	391	163	192	372	13.08.2018	7.552189827	-0.577517033	LUCAS
Lucas0674	29002406	511.83078	3.07238249	0	272.4705882	8	18.93453407	19.90615702	12.44031103	83.34073438	4.358251423	542.5271599	0.008033241	36.2256681	Lucas0674	WL_broadleaved	Woodland	U120	U120	0-20	4	14	33	52	4.1	44	155.9	0	22.8	10.9	252.7	0.378695704	9	0.357889046	mediterranean	2	14.30275229	Summer	1564	11.93333328	9.299999952	44.49760824	423.6922733	23.89999962	3	20.89999962	7.933333397	17.19999965	17.54999987	7.183333317	1396	187	39	42.1686477	521	144	179	507	06.08.2018	4.628951073	0.299198836	LUCAS
Lucas0675	36562934	141.9139099	0.570257929	90	0	7	30.29235077	20.32323122	11.16816064	57.75401407	0.694428599	244.8912975	0.002835661	12.37920693	Lucas0675	CL_annual	Cropland	U111	U111	0-20	6	16	10	74	7.17	12.57	13.4	1	33.4	1.6	127.7	1.203540811	7	0.568089181	continental	1	8.375	Summer	2052	10.29166674	7.616666814	35.59189965	504.2088085	22.70000076	1.299999952	21.40000081	7.733333429	16.56666676	16.56666692	4.366666675	709	76	48	16.23699645	219	154	155	198	30.07.2018	6.707691193	0.424198687	LUCAS
Lucas0676	48084764	240.2732544	0.002176718	0	9.882352941	8	88.63605499	14.21213436	1.047591252	44.0169215	4.221728395	530.5988477	0.007956535	32.63473054	Lucas0676	WL_coniferous	Woodland	U120	U120	0-20	18	7	60	33	4.45	15.17	177.8	0	19.4	5.7	185.8	0.231818974	7	1.877399872	continental	2	31.19298246	Summer	1484	1.320833338	9.791666572	27.27483754	937.4638398	20.39999962	-15.5	35.89999962	11.59999986	-4.916666617	13.38333337	-9.800000032	581	84	28	36.72479519	219	89	218	105	21.08.2018	15.39749336	-0.127232164	LUCAS
Lucas0677	56702146	334.2265625	0.018354747	5.126400082	52.23529412	9	33.56916809	19.8530674	13.40002517	47.23964531	0.575789109	149.3309053	0.003855793	4.788639366	Lucas0677	WL_coniferous	Woodland	U120	U120	0-20	22	10	59	31	5.37	5.44	53.7	1	1.5	1.8	104	0.996103086	7	0.635141341	continental	2	29.83333333	Autumn	1145	12.48749997	8.208333458	30.62810949	697.0982877	27.10000038	0.300000012	26.80000037	5.899999907	20.74999984	21.16666667	4.199999958	618	86	21	38.70081447	225	76	86	208	04.09.2018	4.275970936	0.153500825	LUCAS
Lucas0678	48422540	159.9319916	3.629309542	5.126400082	273.8823529	8	66.97612762	23.56883526	12.1767027	64.70368937	0.347406733	92.41019108	0.003759398	8.932714617	Lucas0678	WL_broadleaved	Woodland	U120	U120	0-20	21.68978102	20.05210918	39.89454094	39.80887097	4.75	4.44	15	63.28125023	6	1.5	48.1	1.175532491	6	1.183975723	boreal	2	10	Summer	1876	11.04583326	9.424999803	31.84121463	760.9278294	26.70000076	-2.900000095	29.60000086	20.24999984	3.133333405	20.24999984	1.383333365	836	90	48	19.53681421	247	150	247	160	21.08.2018	4.658498764	-0.265277505	LUCAS
Lucas0679	31361850	656.947998	1.839728389	0	183.5294118	8	8.411242485	27.58290768	15.90621401	29.33726537	0.468678313	194.7944239	0.002406015	5.848147533	Lucas0679	CL_permanent	Cropland	U111	U111	0-20	17	17	52	30	8.16	53	9.9	301	29.1	1	562.8	1.112631806	4	0.138838541	atlantic	1	9.9	Summer	1589	15.05833348	13.61666679	39.69873527	737.008206	34.90000153	0.600000024	34.3000015	10.44999987	24.4166673	24.71666718	6.699999928	410	57	6	45.64012584	150	35	40	138	27.08.2018	2.093882084	-0.285155147	LUCAS
Lucas0680	54581828	17.57108307	2.087167541	0	144	9	90.44498444	24.06973362	16.78145002	41.20532859	0.55694315	438.9537123	0.001268797	11.3369691	Lucas0680	CL_annual	Cropland	U111	U111	0-20	12	31	13	56	8.39	16.96	14.4	200	9.1	1.1	286	0.982784638	1	1.584815255	alpine	1	13.09090909	Autumn	884	16.79166669	9.650000215	34.96376781	684.6161204	32.20000076	4.599999905	27.60000086	10.33333341	25.53333314	25.53333314	8.883333286	534	89	8	59.68744638	225	37	37	218	05.09.2018	5.553176403	0.251434475	LUCAS
Lucas0681	51124738	109.3031693	0.000309729	0	177.8823529	8	65.69998932	14.98340416	2.396208264	39.61358442	13.53837953	1757.452736	0.00770341	68.84755895	Lucas0681	WL_coniferous	Woodland	U120	U120	0-20	2	20.05210918	39.89454094	39.80887097	4.51	15.58	526	0	32.5	25.3	116.1	0.142878248	6	1.369223182	boreal	2	20.79051383	Summer	1455	1.504166688	8.508333395	23.96713568	955.173619	20.70000076	-14.80000019	35.50000095	13.76666673	-5.149999956	13.76666673	-10.00000008	580	76	27	32.96174337	210	88	210	111	20.08.2018	14.28146076	-0.488728344	LUCAS
Lucas0682	34982150	324.1945496	1.80713883	90	0	8	33.70121002	27.27884007	14.68504595	34.99988215	0.227475163	108.4108713	0.002098269	2.861896839	Lucas0682	CL_annual	Cropland	U111	U111	0-20	34	10	64	26	7.9	24	14	132	12.2	1.6	170	1.235170267	4	0.559088562	atlantic	1	8.75	Summer	1874	14.94583327	11.2916667	37.76477249	676.839093	31.79999924	1.899999976	29.89999926	15.98333327	8.250000099	23.51666641	6.950000068	472	55	18	27.18721654	147	93	100	102	05.08.2018	5.320389748	-0.133642957	LUCAS
Lucas0683	39082708	497.4050903	1.766297864	90	0	8	40.20228958	20.50619936	10.85022941	61.74877508	0.543371522	598.2218585	0.000908311	9.15248637	Lucas0683	CL_annual	Cropland	U111	U111	0-20	77	35	5	59	6.35	9.53	31.8	40	10	3.2	155.3	1.162582361	9	0.751357601	mediterranean	1	9.9375	Summer	1688	8.999999922	7.849999901	32.17213077	614.2622979	23	-1.399999976	24.39999998	5.550000019	4.800000032	16.73333311	1.699999976	898	93	61	12.43194028	244	195	216	224	07.08.2018	7.401711464	0.142648071	LUCAS
Lucas0684	30881760	324.5735474	35.01168251	10.2630959	330.3529412	8	5.551719666	29.36243629	17.55560353	35.46476886	0.298817075	262.4277959	0.001138664	2.637289267	Lucas0684	CL_permanent	Cropland	U111	U111	0-20	9	48	6	46	8.17	20.1	55.5	202	7.7	0.8	338.7	1.129259654	9	0.089023457	mediterranean	1	69.375	Summer	0	17.25416659	13.64166643	41.59044831	679.108565	36.09999847	3.299999952	32.79999852	10.23333339	25.99999984	25.99999984	9.533333182	467	71	4	56.01288721	193	29	29	174	06.08.2018	2.065010309	-0.225367069	LUCAS
Lucas0685	46683878	114.0369415	0.001304557	0	288	8	86.5628891	17.10816574	6.615926717	45.69491999	4.444664816	578.0039667	0.007689679	16.64737973	Lucas0685	WL_coniferous	Woodland	U120	U120	0-20	28	16	32	52	4.18	8.94	79.8	0	17.6	3.2	114.7	0.663836094	7	1.727520611	continental	2	24.9375	Summer	647	6.312499973	8.341666559	30.11431992	708.5488464	22	-5.699999809	27.69999981	15.46666654	0.783333391	15.46666654	-1.933333312	583	76	30	28.35889133	198	97	198	116	13.08.2018	8.323575974	0.267659515	LUCAS
Lucas0686	51664756	237.4342194	0.001303786	0	19.76470588	8	73.55326843	15.02903795	1.794132502	43.49513757	1.283410647	245.4736765	0.005228303	25.14880952	Lucas0686	WL_coniferous	Woodland	U120	U120	0-20	28	9	55	36	4.6	3.37	69.6	0	2.1	2.3	32.7	0.863542563	6	1.531433307	boreal	2	30.26086957	Summer	1590	1.395833304	7.225000004	21.56716358	925.6164038	19.70000076	-13.80000019	33.50000095	11.64999998	-5.25000004	13.44999997	-9.483333429	686	86	33	29.17421762	232	106	225	135	20.08.2018	21.06163979	0.02892263	LUCAS
Lucas0687	51464746	175.9972839	0.010518359	0	76.23529412	8	72.95281982	15.05978584	2.036520354	41.59632713	0.667976792	158.3985277	0.004217064	11.20159548	Lucas0687	WL_coniferous	Woodland	U120	U120	0-20	23	4	77	19	4.28	2.62	22.2	0	2.4	0.7	25.9	0.830339686	6	1.517959736	boreal	2	31.71428571	Summer	1534	1.516666745	7.99999997	22.98850617	951.8124685	20.39999962	-14.39999962	34.79999924	13.76666689	-5.133333226	13.76666689	-9.849999905	611	79	30	32.64118684	218	93	218	115	20.08.2018	16.10231972	-0.708678305	LUCAS
Lucas0688	31722110	1120.61853	1.753407319	90	0	8	3.423465014	21.86352301	11.93728076	44.03835196	0.500088605	864.6531987	0.000578369	6.262458472	Lucas0688	WL_broadleaved	Woodland	U111	U410	0-20	14	17	26	57	6.03	9.66	48.9	63.28125023	15.5	4.3	238.2	0.824750993	9	0.062399657	mediterranean	2	11.37209302	Summer	1315	10.325	10.36666657	35.99536904	662.7679638	27.20000076	-1.600000024	28.80000079	6.54999996	18.88333352	18.9333334	2.816666571	494	61	19	31.55670881	158	72	80	135	21.08.2018	1.570168138	-0.299586445	LUCAS
Lucas0689	53782364	201.4859314	0.642452094	0	165.1764706	8	15.16642666	24.62084675	12.13848726	49.40264652	0.833656388	217.8622026	0.003826531	18.92857143	Lucas0689	CL_annual	Cropland	U111	U112	0-20	45	25	30	6.48	7.55	12.02	2.7	43	9.4	0.5	47.2	1.310307285	7	0.263210756	continental	1	5.4	Summer	2866	11.01666671	11.00000016	33.63914394	823.6844464	28.60000038	-4.099999905	32.70000029	19.33333349	0.716666698	20.96666686	0.716666698	585	72	35	24.27429337	198	114	169	114	29.08.2018	11.83334827	1.207420826	LUCAS
Lucas0690	36062644	129.0206604	0.872677068	90	0	8	21.43482208	21.54787397	12.33724208	56.8321483	0.662704045	391.7317246	0.001691729	6.595956248	Lucas0690	Other bare soil	Bareland	U111	U111	0-20	7	17	68	15	6.47	10.43	12.8	1	32.5	1.2	184	1.06191589	7	0.392954308	continental	Bareland	10.66666667	Summer	1378	11.56249992	9.108333121	38.43178602	554.2731656	25.39999962	1.700000048	23.69999957	8.383333127	18.58333333	18.58333333	5.149999996	721	73	45	15.81788923	211	144	144	198	21.08.2018	2.645100355	-0.515949726	LUCAS
Lucas0691	55282384	41.74778366	0.721218672	0	21.17647059	9	22.24505043	20.65375376	12.9245607	49.83270655	0.551756885	255.7944919	0.002157032	12.67208492	Lucas0691	CL_annual	Cropland	U111	U111	0-20	21.68978102	13	2	85	8.22	22.2	17.2	64	11.5	2.1	299.7	1.285048684	7	0.414603804	continental	1	8.19047619	Autumn	2434	12.23749987	11.65833318	32.748127	913.116837	31	-4.599999905	35.5999999	21.33333317	0.650000016	23.13333305	0.650000016	550	65	34	24.71429453	191	105	174	105	02.09.2018	6.858348846	0.782966554	LUCAS
Lucas0692	54022304	648.2983398	9.238692161	12.57811866	234.3529412	8	25.91605568	20.57833672	9.422168481	55.15732886	0.411036434	335.8167669	0.00122399	6.622625929	Lucas0692	GL_unmanaged	Grassland	U420	NA	0-20	22	13	59	28	5.58	3.41	6.7	1	2.2	0.6	70.8	1.495121886	7	0.483703998	continental	3	11.16666667	Summer	2042	8.779166708	10.60833329	35.12693164	749.5558077	25	-5.199999809	30.19999981	16.15000025	-0.583333333	17.78333346	-0.583333333	651	85	34	30.3072242	236	113	207	113	31.08.2018	15.37739563	0.760101855	LUCAS
Lucas0693	31701854	712.644165	1.836524579	0	8.470588235	8	10.50797081	27.43549347	15.70721897	27.44200305	0	124.3588199	0	1.613168724	Lucas0693	CL_permanent	Cropland	U111	U111	0-20	23	20	52	29	8.21	20.6	5.4	260	23.7	1.1	356.9	1.185352478	9	0.173870853	mediterranean	1	4.909090909	Summer	1644	14.82083335	13.59166673	39.28227378	749.4890888	35	0.400000006	34.59999999	10.15000012	24.38333321	24.69999997	6.416666612	419	57	7	44.64961418	153	37	43	139	27.08.2018	2.442641497	-0.146416783	LUCAS
Lucas0694	49523284	124.1587143	0.371277723	0	12.70588235	9	47.2175293	16.1998086	9.341163685	40.0254879	0.500731261	143.9577087	0.003478322	8.787727197	Lucas0694	CL_annual	Cropland	U111	U111	0-20	9	6	75	19	5.85	15.42	9.4	0	76.1	1.2	151.5	1.299077084	7	0.959709614	continental	1	7.833333333	Autumn	2264	8.091666628	8.466666572	28.60360338	789.4757503	24	-5.599999905	29.5999999	17.49999984	-0.500000035	17.49999984	-2.049999982	530	76	22	37.09375692	205	82	205	89	06.09.2018	7.706253052	-0.563749254	LUCAS
Lucas0695	54902398	28.07044983	0.693630788	0	0	9	20.92199516	20.72758341	12.87107016	46.55683718	0.648684712	354.9201932	0.001827692	13.98589933	Lucas0695	CL_annual	Cropland	U111	U111	0-20	21.68978102	21	9	70	8.16	15.26	19.9	44	8.2	1.6	158.4	1.349127862	7	0.389408826	continental	1	12.4375	Autumn	2831	12.08749996	10.77500005	31.41399369	903.7576209	30.20000076	-4.099999905	34.30000067	21.13333337	2.600000004	22.86666648	0.700000008	540	65	35	25.02791018	189	107	171	107	02.09.2018	4.674263477	0.479180932	LUCAS
Lucas0696	53323834	113.6756058	0.027514112	0	110.1176471	8	78.61881256	18.42207241	6.642177883	45.77664556	15.3847352	2819.931464	0.005455712	90.86120996	Lucas0696	WL_coniferous	Woodland	U120	U120	0-20	6	20.05210918	39.89454094	39.80887097	3.54	8.52	454.6	1	34.4	10.6	200.3	0.164037098	6	1.528892339	boreal	2	42.88679245	Summer	1931	5.729166612	7.908333252	25.76004333	844.5694366	22.39999962	-8.300000191	30.69999981	16.19999997	-0.233333329	16.19999997	-4.633333405	700	79	34	25.70465418	226	118	226	138	27.08.2018	6.674921036	-0.769847393	LUCAS
Lucas0697	49483302	118.942955	1.179885354	0	35.29411765	9	47.09214401	16.07840776	9.279508164	39.69828274	0.309020139	124.5444802	0.002481203	2.748518762	Lucas0697	CL_annual	Cropland	U111	U111	0-20	4	7	66	27	6.07	5.97	8.1	1	62.6	0.9	116.4	1.460903957	6	0.959528765	boreal	1	9	Autumn	2638	8.124999947	8.316666656	28.38452811	786.4780432	23.89999962	-5.400000095	29.29999971	17.54999987	-0.433333315	17.54999987	-1.899999989	528	76	21	37.75994826	204	79	204	88	06.09.2018	6.595347881	-0.541255832	LUCAS
Lucas0698	31681918	659.4089355	0.965551861	0	38.11764706	8	9.111838341	27.32667637	15.45721275	27.13974903	0	368.0901869	0	1.275890638	Lucas0698	CL_annual	Cropland	U111	U112	0-20	9	18	40	43	8.1	18.67	9.9	546	29.5	1.1	273	1.062199223	9	0.15104161	mediterranean	1	9	Summer	3720	14.75000006	13.23333347	38.92156902	737.0426301	34.5	0.5	34	10.14999982	24.18333371	24.45000029	6.466666698	395	53	7	43.32261686	143	39	43	127	27.08.2018	2.892132759	-0.235717297	LUCAS
Lucas0699	34282836	123.3197708	0.878260069	90	0	9	20.76093864	17.12096405	12.21260136	57.20597117	0.571756602	350.6456181	0.001630582	13.16051844	Lucas0699	CL_annual	Cropland	U111	U111	0-20	4	19	7	74	6.31	17.31	28.5	0	31.7	2.7	138.9	1.258929739	4	0.414216666	atlantic	1	10.55555556	Autumn	1100	11.2958333	7.274999877	36.92893195	467.0334718	22.70000076	3	19.70000076	6.766666611	17.13333321	17.16666667	5.916666627	820	96	47	23.51796636	268	145	162	242	04.09.2018	3.643003464	-0.761687458	LUCAS
Lucas0700	57022486	92.12965393	1.75903418	0	36.70588235	9	26.01011848	19.0933795	12.57345887	41.76620283	0.309811589	156.9712051	0.001973684	6.792577866	Lucas0700	CL_annual	Cropland	U111	U111	0-20	21.68978102	41	2	57	6.96	5.62	15	1	21.9	1.5	223.4	1.214187653	7	0.499297967	continental	1	10	Autumn	2946	11.25833344	10.28333327	31.93581755	848.7473048	28.5	-3.700000048	32.20000005	19.78333346	2.083333264	21.51666689	0.616666675	488	62	27	23.27636335	156	89	151	89	01.09.2018	4.354928493	0.103229083	LUCAS
Lucas0701	49144846	119.4820404	0.060173817	5.126400082	52.23529412	9	57.77148056	9.012179375	1.5422253	42.2570856	12.87546967	2188.443729	0.005883391	73.42368046	Lucas0701	WL_coniferous	Woodland	U120	U120	0-20	1	20.05210918	39.89454094	39.80887097	4.6	30.7	197.4	0	14.2	7.7	133.9	0.216738041	7	1.37511268	continental	2	25.63636364	Autumn	1725	0.754166628	8.34166649	23.10711037	990.5266014	19.79999924	-16.29999924	36.09999847	11.69999973	-6.099999905	13.44999965	-11.14999978	583	72	33	25.07895615	189	103	180	127	04.09.2018	21.29171371	0.263509005	LUCAS
Lucas0702	53902268	893.6702881	0.460483529	10.2630959	90.35294118	8	31.17658234	21.1682353	10.56841805	56.50651791	1.096372093	424.4452713	0.002583071	23.7804878	Lucas0702	GL_unmanaged	Grassland	U420	U111	0-20	41	26	33	6.42	6.45	6.01	14.8	1	9.4	1.3	129	1.088459593	7	0.575551006	continental	3	11.38461538	Summer	2164	8.404166698	11.6583333	37.12844989	750.4436742	25.5	-5.900000095	31.4000001	15.69999989	0.316666762	17.44999981	-0.966666619	632	78	34	25.70094335	217	117	196	117	31.08.2018	8.863287926	0.936532319	LUCAS
Lucas0703	36382808	145.0266571	3.448194901	90	0	9	16.44861412	16.80427361	11.75961585	52.38835827	0.517671518	382.5017325	0.001353383	4.642326119	Lucas0703	CL_annual	Cropland	U111	U111	0-20	63	26	27	48	6.41	15.69	15.6	1	47.8	1.7	315.3	1.4001923	7	0.330265114	continental	1	9.176470588	Autumn	1310	10.79583328	8.541666647	36.81752933	545.9789237	24.39999962	1.200000048	23.19999957	5.200000048	17.68333324	17.68333324	4.383333325	661	70	46	12.54974452	194	146	146	179	11.09.2018	4.381973743	-0.602535546	LUCAS
Lucas0704	35843492	18.05999947	0.215920034	0	103.0588235	9	46.63407898	13.07007408	9.704595817	59.06180111	0.777711324	422.5454545	0.001840539	16.73306773	Lucas0704	CL_annual	Cropland	U111	U111	0-20	16	40	28	33	6.79	16.21	31.2	0	81.3	3.3	469.1	1.28486255	7	1.012242327	continental	1	9.454545455	Autumn	1427	9.154166726	7.52500012	38.0050504	456.9685671	20.60000038	0.800000012	19.80000037	4.766666661	5.666666687	15.03333346	3.916666577	613	60	39	12.6952074	173	130	158	157	03.09.2018	10.67573738	-0.683656454	LUCAS
Lucas0705	50424986	248.6573334	0.00322577	0	286.5882353	9	62.07431412	7.361312389	0.413268662	40.33266268	1.133834884	151.5285422	0.007482649	15.71833806	Lucas0705	WL_coniferous	Woodland	U120	U120	0-20	9	2	72	27	4.71	2.49	17.2	0	26.3	0.8	25.1	0.903794322	7	1.537965701	continental	2	21.5	Autumn	2068	-0.929166744	9.074999988	24.13563802	1002.98975	19.10000038	-18.5	37.60000038	12.04999987	-7.583333453	12.04999987	-12.83333325	528	68	28	31.7679578	190	86	190	98	02.09.2018	22.91871452	0.123266742	LUCAS
Lucas0706	31222070	1300.132324	1.551655658	90	0	8	4.974109173	21.35056114	12.73594826	41.63241778	0.542203885	421.2924188	0.001287001	3.628230616	Lucas0706	WL_broadleaved	Woodland	U120	U120	0-20	22	11	45	44	5.57	6.02	65.2	1	20.4	5.6	245.2	0.894000679	9	0.091519003	mediterranean	2	11.64285714	Summer	1054	9.833333313	9.233333389	33.82173453	657.2405443	25.89999962	-1.399999976	27.29999959	6.133333435	18.41666651	18.44999965	2.533333381	553	65	21	33.47724034	183	77	86	150	27.08.2018	1.898689866	-0.260182619	LUCAS
Lucas0707	31202150	874.8736572	3.062173406	90	0	8	2.18470192	22.86723566	12.27044266	33.85479887	0.482668729	573.0110003	0.000842338	3.178565485	Lucas0707	CL_annual	Cropland	U111	U111	0-20	6	30	47	24	7.85	15.24	20.5	139	27	1.9	416.5	1.131299696	9	0.039105245	mediterranean	1	10.78947368	Summer	2439	11.54166683	11.85000014	39.63210753	649.6426886	29	-0.899999976	29.89999998	7.700000073	19.81666692	19.90000041	4.083333418	421	50	16	32.71570475	137	61	70	120	27.08.2018	2.190339327	-0.266466439	LUCAS
Lucas0708	56382434	241.3851776	1.845272107	5.126400082	18.35294118	9	24.33052826	18.90641212	12.65849279	48.09070838	0.716054014	198.7516879	0.003602757	11.45798738	Lucas0708	CL_annual	Cropland	U111	U111	0-20	3	5	2	93	6.63	7.38	15.6	1	51	1.5	257.9	1.359704545	7	0.468738394	continental	1	10.4	Autumn	2967	11.07500014	10.16666677	31.37860058	851.5827602	28.10000038	-4.300000191	32.40000057	19.53333346	1.916666706	21.38333368	0.333333294	582	74	34	25.92135403	201	106	185	111	01.09.2018	4.237802029	-0.121725924	LUCAS
Lucas0709	48584940	246.6631622	0.020821755	0	179.2941176	9	64.39279175	7.955512047	0.813988581	42.99073802	1.045669291	246.2769029	0.004245909	16.24072547	Lucas0709	WL_coniferous	Woodland	U120	U120	0-20	9	6	58	37	4.7	3.95	26.7	0	38.4	1.2	36.9	0.7304762	7	1.572261914	continental	2	22.25	Autumn	1666	0.004166777	8.108333399	22.90489685	973.3434909	19.10000038	-16.29999924	35.39999962	10.76666681	-6.583333294	12.60000022	-11.49999992	550	75	27	32.45696331	198	92	196	98	04.09.2018	19.33846664	-0.341684788	LUCAS
Lucas0710	36142792	141.0995483	0.838511868	90	0	9	15.45590305	17.00875425	12.21490408	52.88355596	0.527077086	286.8958664	0.001837172	5.500916819	Lucas0710	CL_annual	Cropland	U111	U111	0-20	7	13	10	77	7.17	15.57	11.2	3	48.3	1.3	209	1.067405006	7	0.309063949	continental	1	8.615384615	Autumn	1726	10.81666658	8.549999992	37.33624319	539.7361851	24.20000076	1.299999952	22.90000081	5.299999873	17.63333337	17.63333337	4.533333302	694	70	44	14.69021111	206	141	141	197	11.09.2018	3.76560998	-0.889329195	LUCAS
Lucas0711	50664618	112.1761093	0.000379984	0	38.11764706	9	53.56255341	10.09579849	3.148591431	38.06556059	0.525871172	435.18761	0.001208378	37.67686739	Lucas0711	WL_broadleaved	Woodland	U120	U120	0-20	18	18	45	37	5.23	3.71	65.1	2	45.2	3.7	43.9	0.793029712	6	1.242871818	boreal	2	17.59459459	Autumn	1458	2.283333268	8.366666593	24.53567957	909.8384712	20.89999962	-13.19999981	34.09999943	13.93333308	-4.216666659	13.93333308	-8.649999936	557	76	27	34.71742889	204	84	204	103	17.09.2018	16.27330589	-0.138724372	LUCAS
Lucas0712	50844708	60.19415283	0.009585655	0	232.9411765	8	57.59801865	15.19247723	3.139971432	36.03075128	0.267741935	90.50793011	0.002958215	18.31357049	Lucas0712	WL_coniferous	Woodland	U120	U120	0-20	7	2	92	6	4.1	2.3	20.1	1	1.1	0.8	21.6	0.87213079	6	1.195166175	boreal	2	25.125	Summer	1572	1.908333269	8.799999908	24.64985982	948.4504861	21	-14.69999981	35.69999981	14.03333322	-4.800000081	14.03333322	-9.533333302	539	72	25	34.40312447	199	79	199	102	28.08.2018	12.25001144	-0.452544063	LUCAS
Lucas0713	37903026	147.1445923	1.454919901	0	175.0588235	9	40.99440765	15.28816462	10.94788712	57.99300605	0.308823529	232.0980392	0.001330574	6.849315068	Lucas0713	CL_annual	Cropland	U111	U111	0-20	13	19	2	79	7.44	14.25	12	3	81.5	1.5	239.2	1.257870666	7	0.848953527	continental	1	8	Autumn	1760	9.60000001	7.333333281	33.794162	526.8517176	22.10000038	0.400000006	21.70000038	6.883333246	5.700000112	16.10000006	3.349999929	710	69	48	12.1275468	203	150	176	174	18.09.2018	9.431301117	0.002283456	LUCAS
Lucas0714	28102114	376.1114807	0.442410414	0	272.4705882	9	25.89441681	21.51508713	14.96980341	81.13381898	0.369015048	88.09051528	0.004189044	2.98606503	Lucas0714	WL_coniferous	Woodland	U120	U120	0-20	29	6	72	22	5.21	3.97	16.5	1	1	0.8	105.5	1.204594033	9	0.474995422	mediterranean	2	20.625	Autumn	1266	14.38749995	10.10833331	42.83192184	479.820629	27.89999962	4.300000191	23.59999943	8.816666762	20.36666648	20.48333327	8.816666762	1493	229	20	58.13837855	651	99	107	651	17.09.2018	2.066483974	-0.385043591	LUCAS
Lucas0715	35182124	221.6431427	2.394879672	90	0	9	38.18460846	23.69184303	14.84397733	30.78532912	0.347214299	310.6621031	0.001117659	12.68470862	Lucas0715	CL_annual	Cropland	U111	U111	0-20	69	28	31	41	8.02	23.8	14.8	161	17.1	2.1	111.7	1.28695057	4	0.673546782	atlantic	1	7.047619048	Autumn	2798	14.75416665	11.52499985	38.28903601	677.6411598	31.5	1.399999976	30.10000002	15.71666686	8.099999925	23.26666673	6.699999909	402	51	14	31.54690589	127	76	84	82	12.09.2018	5.432961941	-0.216933057	LUCAS
Lucas0716	48544698	25.16375732	0.001047855	0	24	9	43.2237587	10.17222762	3.257740645	38.84599515	0.98425051	154.0864678	0.006387651	9.552538964	Lucas0716	WL_coniferous	Woodland	U120	U120	0-20	13	5	67	29	4.12	5.74	68	0	37.4	2.6	47.3	0.609016714	7	1.001193616	continental	2	26.15384615	Autumn	1481	2.25416663	7.974999959	24.16666724	891.1113006	19.79999924	-13.19999981	32.99999905	8.099999905	-4.38333331	13.83333333	-8.133333286	506	56	23	26.01942661	159	84	145	105	09.09.2018	10.4619034	-0.0561357	LUCAS
Lucas0718	36303484	76.40149689	1.964954909	0	224.4705882	9	46.44049454	13.28157377	10.0453166	51.66529184	0.928022362	419.137433	0.002214124	18.43830151	Lucas0718	CL_annual	Cropland	U120	U120	0-20	16	24	16	60	7.65	42.5	22.8	256	48	3.2	204.2	1.067405006	4	1.00343378	atlantic	1	7.125	Autumn	1749	8.916666761	6.950000177	35.82474245	458.031034	20.10000038	0.699999988	19.40000039	4.566666772	5.333333304	14.73333343	3.683333377	645	66	41	12.34182848	185	140	159	167	03.09.2018	11.79122448	-1.37679708	LUCAS
Lucas0719	49523276	107.7893219	0.556999418	0	179.2941176	9	46.69493484	16.30402851	9.341163685	40.0254879	0.490271022	218.6320361	0.002242448	5.110451698	Lucas0719	CL_annual	Cropland	U111	U111	0-20	9	5	83	12	7.93	14.87	11.9	7	38	1.4	29.5	1.335013488	9	0.947081532	mediterranean	1	8.5	Autumn	3080	8.212500041	8.458333568	28.57545088	789.1339494	24.10000038	-5.5	29.60000038	17.61666663	-0.366666677	17.61666663	-1.916666699	523	75	22	37.46482164	203	79	203	87	06.09.2018	7.474475384	-0.371151775	LUCAS
Lucas0720	56102380	347.546875	0.056061976	7.252246865	18.35294118	9	22.9016037	18.61783886	12.50775623	49.2140781	1.037690752	351.7975118	0.002949682	10.24752475	Lucas0720	WL_broadleaved	Woodland	U120	U120	0-20	21.68978102	38	2	60	4.47	6.65	20.9	1E-05	17	1.6	110	1.086191013	7	0.443676144	continental	2	13.0625	Autumn	2498	11.0375001	10.69166678	32.79652395	817.3019044	28	-4.599999905	32.5999999	19.15000041	2.216666629	21.00000032	0.716666619	607	73	38	23.38722088	205	118	186	121	01.09.2018	7.498189926	0.495365947	LUCAS
Lucas0721	51183646	44.3889122	1.367718982	0	86.11764706	9	59.70356369	14.95948553	7.621529604	48.38942879	0.536808065	331.7789614	0.001617969	12.57275902	Lucas0721	CL_annual	Cropland	U111	U112	0-20	4	21	31	48	7.72	15.03	15.3	4	6.3	1.5	119.2	1.242299392	6	1.244874982	boreal	1	10.2	Autumn	1567	6.562499998	7.591666693	26.45180006	801.3855207	22.10000038	-6.599999905	28.70000029	16.31666676	0.916666617	16.31666676	-3.333333343	720	85	32	28.73638758	239	114	239	141	17.09.2018	5.115987301	-0.743492126	LUCAS
Lucas0722	50904750	86.62784576	0.00156839	0	227.2941176	8	59.29986191	14.9711237	2.506739215	38.03159362	1.369692091	219.1952774	0.00624873	18.04387267	Lucas0722	WL_coniferous	Woodland	U120	U120	0-20	7	4	70	26	4.26	2.81	19.8	0	5.2	0.8	27.2	0.939249832	7	1.236157449	continental	2	24.75	Summer	1674	1.558333392	8.649999946	24.2296925	959.1185133	20.79999924	-14.89999962	35.69999886	13.88333337	-5.199999988	13.88333337	-9.983333111	568	74	25	31.73912689	200	85	200	114	27.08.2018	19.87558174	0.193131924	LUCAS
Lucas0723	54202132	106.7072678	0.801238994	0	138.3529412	8	24.50280571	26.43165398	12.37322516	48.58243159	0.373402915	104.6225181	0.003569049	6.9958159	Lucas0723	CL_annual	Cropland	U111	U111	0-20	21.68978102	3	69	28	7.29	11.55	9	1	9.6	1.1	133.2	1.235548397	7	0.412285442	continental	1	8.181818182	Summer	2075	13.89583332	11.40833333	34.25925967	815.5267559	31.89999962	-1.399999976	33.29999959	8.916666627	23.16666651	23.96666654	3.800000131	468	53	27	20	141	91	106	113	31.08.2018	8.861069679	1.023974776	LUCAS
Lucas0724	48004842	198.9056396	0.025600392	0	221.6470588	9	60.85802841	8.759835362	0.526929609	45.55866302	1.776104617	193.9352751	0.009158234	16.06519208	Lucas0724	WL_coniferous	Woodland	U120	U120	0-20	13	3	69	28	3.96	5.77	55.5	1	43.4	1.4	36.8	0.569071167	6	1.457334012	boreal	2	39.64285714	Autumn	1661	0.737499934	9.891666654	26.44830683	990.7850977	20.29999924	-17.10000038	37.39999962	13.34999975	-5.600000096	13.34999975	-11.16666683	548	80	26	36.87088237	208	83	208	100	17.09.2018	14.6271553	-0.787871063	LUCAS
Lucas0725	57422426	312.941925	1.29593324	0	12.70588235	9	26.41165733	18.4194169	12.24245312	41.70225354	0.44739777	239.3835192	0.001868958	11.42574909	Lucas0725	CL_annual	Cropland	U111	NA	0-20	21.68978102	45	1	54	7.99	14.62	22.1	33	3.7	2.4	260.8	1.067405006	7	0.513651436	continental	1	9.208333333	Autumn	3120	10.4125	9.258333453	31.17283911	779.4611379	26.20000076	-3.5	29.70000076	14.16666659	1.766666635	19.93333356	0.866666714	528	60	36	15.71348403	156	110	145	117	01.09.2018	5.680502892	0.172529116	LUCAS
Lucas0726	53542386	210.0355225	2.467961892	0	148.2352941	8	15.33160877	24.50907421	12.27519296	49.33185638	0.593973635	756.7224105	0.000784929	11.3966294	Lucas0726	GL_unmanaged	Grassland	U420	NA	0-20	71	28	13	59	5.94	4.19	14.1	8	4.2	1.5	89.8	1.230134165	6	0.266594602	boreal	3	9.4	Summer	2530	10.83750002	10.39166665	32.98941867	808.649617	27.79999924	-3.700000048	31.49999928	15.56666676	2.366666665	20.64999994	0.783333302	597	71	37	21.20776644	194	120	166	122	29.08.2018	7.901953697	0.688273549	LUCAS
Lucas0727	46263934	84.57629395	0.215658995	0	0	9	44.01643753	13.00058794	7.112390242	47.36676146	0.613184315	225.8405001	0.002715121	12.1922821	Lucas0727	Other bare soil	Bareland	U111	U111	0-20	5	24	44	32	6.59	17.13	18.1	1	23.2	2	167.2	1.23798988	6	0.956866847	boreal	Bareland	9.05	Autumn	1229	6.387500004	8.12500001	29.3321302	717.6290701	21.89999962	-5.800000191	27.69999981	14.4333334	-1.600000021	15.55000003	-2.033333339	521	70	24	30.13643149	180	88	177	101	17.09.2018	13.11496544	0.089730285	LUCAS
Lucas0728	46284248	288.1463318	0.003674429	0	142.5882353	9	61.97363663	10.81595993	3.828891547	45.37521844	5.070664414	779.0285285	0.006508959	40.38267875	Lucas0728	WL_coniferous	Woodland	U120	U120	0-20	14	6	69	25	4.08	15.31	174.6	0	27.1	5.5	245	0.736518909	9	1.414407826	mediterranean	2	31.74545455	Autumn	935	3.741666652	8.666666592	27.77777856	815.8092154	20.79999924	-10.39999962	31.19999886	14.14999978	-4.98333323	14.14999978	-6.066666543	616	82	28	32.39027296	221	100	221	111	13.09.2018	18.0984211	0.068312839	LUCAS
Lucas0729	44083936	84.05723572	0.018468734	13.59049397	15.52941176	8	85.35288239	16.32324505	7.957679096	61.29660215	14.14703731	1943.466959	0.007279279	77.01362031	Lucas0729	WL_coniferous	Woodland	U120	U120	0-20	1	20.05210918	39.89454094	39.80887097	4.15	20.2	142.4	1	25.9	7.3	111.4	1.067405006	6	1.730479864	boreal	2	19.50684932	Summer	440	6.537500008	6.958333271	27.28758197	680.2310007	20.39999962	-5.099999905	25.49999952	7.166666587	5.383333276	15.13333352	-1.533333356	934	109	50	24.39906514	308	169	226	231	29.08.2018	12.56004333	-0.352166831	LUCAS
Lucas0730	46503360	22.31999969	0.704988764	0	357.1764706	9	30.47243118	16.16504955	9.51135141	44.78562355	0.595515695	176.888012	0.003366626	7.299634187	Lucas0730	CL_annual	Cropland	U111	U111	0-20	44	22	22	56	6.7	19.16	17	1	49.7	2.1	233.2	1.037438419	7	0.619798647	continental	1	8.095238095	Autumn	2850	8.55833325	7.966666675	30.0628923	699.6259728	23.20000076	-3.299999952	26.50000072	17.19999981	0.916666674	17.19999981	0.100000024	539	65	29	23.91966699	181	100	181	110	11.09.2018	4.788610458	-1.026972413	LUCAS
Lucas0731	54902386	91.52827454	8.370590183	5.126400082	180.7058824	9	21.66742134	20.37956429	12.87107016	46.55683718	0.653298351	743.3809345	0.00087882	10.81397292	Lucas0731	CL_annual	Cropland	U111	U111	0-20	56	29	12	60	7.97	15.66	20.5	43	5.3	2	182.4	1.197354533	7	0.405912293	continental	1	10.25	Autumn	2209	11.58750001	10.90833323	32.08333302	891.6560865	29.5	-4.5	34	20.41666683	0.316666683	22.1833334	0.316666683	561	68	36	25.43250701	197	109	179	109	02.09.2018	5.456847668	0.562340617	LUCAS
Lucas0732	48204714	198.0242004	0.002306801	0	83.29411765	9	58.95766449	8.615729332	2.341333692	40.56289382	1.839431319	175.4053941	0.010486743	32.18488586	Lucas0732	WL_broadleaved	Woodland	U120	U120	0-20	76	13	33	54	4.45	6.16	53.5	0	16.2	2.2	48	0.734656791	9	1.416715877	mediterranean	2	24.31818182	Autumn	2111	1.408333304	9.066666628	26.51072128	900.1258323	19.89999962	-14.30000019	34.19999981	11.23333319	-4.73333324	13.04999995	-9.250000079	626	91	30	35.60444104	232	97	227	114	09.09.2018	21.11744881	0.246134147	LUCAS
Lucas0733	55622354	242.5793915	5.449990988	7.252246865	328.9411765	9	24.8628006	19.12965298	12.37121095	52.50771292	0.391435578	291.5412186	0.001342642	11.67944019	Lucas0733	CL_annual	Cropland	U111	U111	0-20	68	44	6	50	7.72	13.92	16.1	8	18.1	1.8	273.5	1.323455914	7	0.47694161	continental	1	8.944444444	Autumn	1929	11.39166673	11.53333361	34.02163251	841.726665	29.10000038	-4.800000191	33.90000057	19.83333333	2.516666691	21.64999994	0.833333373	583	69	37	23.54272242	199	116	179	116	02.09.2018	9.297546387	0.986322999	LUCAS
Lucas0734	50265008	197.8757629	0.014806611	90	55.05882353	9	63.90786362	7.37454927	0.389179645	40.19893295	13.11202891	1987.057993	0.006598715	72.37986596	Lucas0734	WL_broadleaved	Woodland	U120	NA	0-20	10	20.05210918	39.89454094	39.80887097	4.69	15.85	192.6	0	46.1	9.8	197.5	0.363058792	6	1.582874974	boreal	2	19.65306122	Autumn	2085	-0.883333371	8.949999861	23.7400522	1009.811718	19.10000038	-18.60000038	37.70000076	12.11666663	-7.466666659	12.11666663	-12.98333351	511	67	27	32.82183992	185	82	185	94	02.09.2018	23.02602386	0.135056019	LUCAS
Lucas0735	34762834	64.92893982	0.41328679	90	0	9	17.57954979	17.37606573	12.10781901	56.93655536	0.526077508	334.5151515	0.001572657	7.31789191	Lucas0735	CL_annual	Cropland	U111	U111	0-20	7	26	11	63	5.07	5.6	21.3	1	30.1	2.7	70	1.477077132	4	0.34896631	atlantic	1	7.888888889	Autumn	1326	11.31666665	8.366666615	38.55606727	500.8462551	24	2.299999952	21.70000005	8.666666746	17.61666663	17.61666663	5.549999952	759	95	40	22.00234987	238	148	148	205	04.09.2018	3.760082245	-0.823538542	LUCAS
Lucas0736	46323328	60.70077515	0.705630393	0	145.4117647	9	28.31969833	16.08341169	9.636669887	43.15696867	0.325896841	161.5559522	0.002017238	6.616666667	Lucas0736	CL_annual	Cropland	U111	U111	0-20	4	9	65	25	7.32	14.98	10.3	3	21.9	1.3	112.1	1.042292237	6	0.576970862	boreal	1	7.923076923	Autumn	2751	8.574999984	8.116666683	30.39950063	697.3863537	23.5	-3.200000048	26.70000005	17.2166667	1.016666674	17.2166667	0.133333325	519	65	29	25.82292318	180	97	180	104	11.09.2018	5.043120861	-0.5981673	LUCAS
Lucas0737	51103642	41.02479935	1.432608474	0	144	9	62.35817337	15.01151991	7.565897967	50.54835952	1.888954287	206.4713884	0.009148746	14.6088122	Lucas0737	WL_coniferous	Woodland	U120	U120	0-20	7	4	81	15	3.91	11.56	117.7	0	23.4	5.3	97.1	0.448311413	6	1.298816898	boreal	2	22.20754717	Autumn	1625	6.704166732	7.558333465	26.52046741	794.8369252	22.20000076	-6.300000191	28.50000095	16.40000025	1.116666694	16.40000025	-3.100000071	741	85	33	28.74254813	243	116	243	147	17.09.2018	5.115987301	-0.743492126	LUCAS
Lucas0738	52601984	1412.521484	0.302001118	21.25124398	321.8823529	9	49.69207001	15.80679512	10.68446747	67.09518935	1.203781898	301.2908635	0.003995415	9.140950792	Lucas0738	WL_coniferous	Woodland	U120	U120	0-20	76	23	14	63	5.46	10.49	27.8	1	17.9	1.6	108.1	1.099679108	6	1.018138353	boreal	2	17.375	Autumn	1284	8.075000033	8.933333188	33.83838286	640.977599	22.60000038	-3.799999952	26.40000033	5.316666683	16.06666692	16.06666692	0.599999964	868	104	43	28.8705497	295	133	133	231	23.09.2018	7.262394905	-0.589377642	LUCAS
Lucas0739	55402180	1575.429443	0.073841433	23.07391807	1.411764706	9	38.36401749	13.9478364	7.840015587	58.47559086	1.293338527	422.8678094	0.003058494	13.61265354	Lucas0739	WL_coniferous	Woodland	U120	U120	0-20	39	14	39	46	4.88	6.39	36.1	1	8.9	3	88	1.037982224	1	0.81716263	alpine	2	12.03333333	Autumn	959	6.620833308	9.041666677	32.9987828	684.6148818	21.60000038	-5.800000191	27.40000057	9.833333234	11.91666675	14.88333321	-1.733333359	717	80	40	20.70442607	228	136	187	178	19.09.2018	13.49388885	0.398339987	LUCAS
Lucas0740	51823018	282.1809082	1.090257439	0	207.5294118	9	49.49911499	15.20394802	8.720069459	58.74710685	0.7304	223.7237333	0.003264741	16.51360828	Lucas0740	CL_annual	Cropland	U111	U111	0-20	7	31	35	34	5.65	16.89	18.9	2	26.9	2.1	276.2	1.058492435	6	1.026868483	boreal	1	9	Autumn	2321	7.93749998	9.291666499	31.49717508	765.0048221	23.39999962	-6.099999905	29.49999952	15.7166667	-0.383333276	17.08333317	-1.816666653	702	99	30	40.94586272	273	97	273	105	10.09.2018	14.16952515	0.157165557	LUCAS
Lucas0741	35402092	252.3802795	2.422987461	90	0	9	52.12159348	23.46757126	15.25700564	29.227004	0.461031071	479.0400972	0.000962406	4.413472706	Lucas0741	CL_permanent	Cropland	U111	U112	0-10	7	29	14	56	8.35	27.3	22.9	275	91.4	2	745.6	1.474370306	4	0.923035865	atlantic	1	11.45	Autumn	1652	14.75833344	12.21666671	38.53838174	705.2589316	32.79999924	1.100000024	31.69999921	15.33333349	7.949999988	23.71666686	6.466666758	400	51	13	34.84833272	132	72	75	77	02.09.2018	2.513264656	-0.257576346	LUCAS
Lucas0742	53702216	587.5881958	5.355022218	7.252246865	93.17647059	8	32.28461838	22.93965101	10.40278359	53.45417806	0.847579425	240.7648764	0.003520362	11.27516779	Lucas0742	WL_broadleaved	Woodland	U420	U420	0-20	21.68978102	5	21	74	7.59	27.5	16.8	16	3.5	1.6	175	1.052049722	7	0.577132996	continental	2	10.5	Summer	2248	9.979166593	11.60833338	36.61934842	762.3333074	26.89999962	-4.800000191	31.69999981	17.51666673	1.949999943	19.19999981	0.416666627	558	61	30	18.8834648	171	110	153	118	31.08.2018	4.80150795	0.275557548	LUCAS
Lucas0743	56162386	360.1925964	7.909559419	5.126400082	254.1176471	9	22.85374069	18.27799988	12.60347376	48.75554968	1.908618276	802.0069319	0.002379803	15.89303734	Lucas0743	WL_broadleaved	Woodland	U420	U420	0-20	70	40	3	57	5.49	5.98	25.9	3	14.2	2.1	284.2	1.227872739	7	0.445683154	continental	2	12.33333333	Autumn	2133	10.83333329	10.26666661	32.08333317	813.1681374	27.5	-4.5	32	18.88333337	1.983333302	20.73333327	0.566666683	606	74	37	24.20290297	207	116	187	121	01.09.2018	9.883897781	0.486264855	LUCAS
Lucas0744	35882060	182.0264435	3.176084545	90	0	9	80.69608307	22.9043951	15.80498801	31.58173792	0.160682858	181.3281708	0.000886144	4.935586415	Lucas0744	CL_permanent	Cropland	U111	U111	NA	6	31	14	55	7.86	17.26	18.5	496	13.9	0.9	291.9	1.530649739	9	1.443465812	mediterranean	1	20.55555556	Autumn	1252	14.99999994	10.26666653	39.94811984	567.6746695	28.79999924	3.099999905	25.69999933	15.98333343	22.21666638	22.36666648	8.600000064	546	70	18	32.71105851	189	104	131	106	02.09.2018	11.87767029	0.308655888	LUCAS
Lucas0745	53303934	188.6379547	0.578722528	0	48	8	85.97553253	17.72069883	6.32067467	50.77868933	7.743575419	838.7173184	0.00923264	69.85517009	Lucas0745	CL_annual	Cropland	U112	U112	0-20	34	20.05210918	39.89454094	39.80887097	5.99	45.7	442.1	1	57.5	32.2	154.7	0.335426041	7	1.695077838	continental	1	13.72981366	Summer	2366	4.945833368	7.391666725	24.72129292	841.6122474	21.10000038	-8.800000191	29.90000057	15.4000001	-0.883333315	15.4000001	-5.283333302	700	82	36	27.8642624	235	114	235	137	27.08.2018	12.1367712	-0.329376429	LUCAS
Lucas0746	53403912	123.9649048	0.215847364	0	80.47058824	8	81.81968689	18.1099081	6.347475479	49.67869608	1.675536796	248.5074937	0.006742399	8.064788257	Lucas0746	WL_coniferous	Woodland	U120	U120	0-20	4	8	53	39	4.07	7.26	33	0	15.5	1.7	39.5	0.817620025	9	1.60085764	mediterranean	2	19.41176471	Summer	1803	5.487499997	7.408333371	24.94388356	835.3962677	21.5	-8.199999809	29.69999981	15.86666663	-0.333333254	15.86666663	-4.666666627	678	78	33	28.7638428	224	105	224	133	27.08.2018	9.301758766	-0.358225167	LUCAS
Lucas0747	45183658	115.3956375	0.007291811	0	208.9411765	9	46.87210083	13.76041555	9.018256865	49.67020366	2.391982665	519.8575659	0.004601227	24.02041488	Lucas0747	WL_broadleaved	Woodland	U120	U120	0-20	6	16	53	31	4.18	24.9	79.8	1	40.3	5.6	123.8	0.63454223	9	1.002388458	mediterranean	2	14.25	Autumn	796	7.31250006	6.725000123	29.11255356	629.8092345	20.20000076	-2.900000095	23.10000086	4.350000004	2.249999921	15.26666689	-0.050000012	814	85	46	21.24186957	250	154	213	199	19.09.2018	14.72394371	0.159582376	LUCAS
Lucas0748	45904216	237.1059418	0.009623579	0	259.7647059	9	67.0045166	10.8960278	4.718068273	49.26296897	3.033282576	443.449061	0.006840205	22.50505732	Lucas0748	WL_coniferous	Woodland	U120	U120	0-20	14	9	54	36	4.6	7.82	94.5	0	14.5	3.8	87.6	0.583170378	6	1.5264369	boreal	2	24.86842105	Autumn	787	3.945833432	8.808333283	27.9629628	818.0060523	21.10000038	-10.39999962	31.5	14.31666692	-4.833333174	14.31666692	-5.96666644	655	85	29	31.53173079	231	103	231	111	23.09.2018	23.01865578	0.838646948	LUCAS
Lucas0749	46663262	148.4491272	0.006414178	0	74.82352941	9	33.18170929	16.2747283	9.890036483	43.6791956	0.210731212	23.66745656	0.008903839	1.729873586	Lucas0749	WL_coniferous	Woodland	U120	U120	0-20	6	4	84	12	4.31	6.8	22.4	0	21.8	1.2	25.1	0.953849118	6	0.673402177	boreal	2	18.66666667	Autumn	2075	8.524999975	7.583333137	28.94402034	710.9101076	22.79999924	-3.400000095	26.19999933	17.26666673	3.883333381	17.26666673	-0.166666706	572	83	33	29.15588583	201	108	201	116	06.09.2018	7.090890884	-0.568820238	LUCAS
Lucas0750	54122350	246.1248474	5.706963036	0	237.1764706	8	15.3904047	24.6941843	12.44916299	51.66352142	0.155198205	324.7574171	0.00047789	11.00016642	Lucas0750	CL_annual	Cropland	U111	U111	0-20	72	32	23	45	7.04	6.59	14.3	1E-05	11.3	1.2	187.9	1.363473452	9	0.266758338	mediterranean	1	11.91666667	Summer	2313	11.05833349	10.38333349	32.24637653	827.2787777	28.20000076	-4	32.20000076	19.30000019	0.650000016	21.00000032	0.650000016	582	71	34	24.91417031	200	110	173	110	29.08.2018	13.46818256	1.219975591	LUCAS
Lucas0751	54462696	425.4204712	10.70157788	8.88512427	87.52941176	10	24.49728012	11.60998058	9.785420317	48.88643998	0.761619789	214.3352617	0.003553404	16.22660428	Lucas0751	GL_managed	Grassland	U111	NA	0-20	57	52	26	22	5.31	6.55	44.4	1	4.1	3.6	130.7	1.067405006	7	0.549143483	continental	3	12.33333333	Autumn	2676	7.962500002	11.04166668	33.66361773	836.4321546	24.5	-8.300000191	32.80000019	16.41666667	-1.033333397	17.76666657	-2.833333349	608	93	24	46.35130911	253	79	245	87	08.10.2018	5.430166721	-0.974415362	LUCAS
Lucas0754	52882778	254.1883698	3.682038095	7.252246865	320.4705882	10	27.82188225	13.22181726	10.78909407	55.19811811	0.819333209	202.8648414	0.004038813	23.24517513	Lucas0754	GL_managed	Grassland	U111	U111	0-20	21.68978102	36	35	29	5.82	5.73	27.9	1E-05	17.4	2.6	182.1	1.270056399	7	0.601920995	continental	3	10.73076923	Autumn	1531	9.658333284	9.499999836	31.04575168	800.8655321	25.79999924	-4.800000191	30.59999943	17.7166667	1.233333295	19.18333308	-0.583333373	677	92	37	30.03311793	242	121	237	139	04.10.2018	7.521080017	-1.004986644	LUCAS
Lucas0756	54902758	728.6838989	3.965563522	0	49.41176471	6	182.8349152	17.0251689	5.312536892	54.32552217	1.15023097	285.2683939	0.004032101	18.05464121	Lucas0756	GL_managed	Grassland	U111	U111	0-20	33	58	15	27	5.61	6.21	21.9	2	4.7	1.9	141.3	1.088287245	7	3.654858528	continental	3	11.52631579	Summer	3859	5.724999992	11.69999984	34.01162782	868.089599	23.79999924	-10.60000038	34.39999962	14.68333332	-3.466666773	16.13333352	-5.333333368	626	100	25	50.97543573	271	80	267	85	26.06.2018	12.03090286	-0.844181955	LUCAS
Lucas0757	45024040	119.6713409	0.00497189	0	66.35294118	9	77.45328522	12.12237668	6.62135852	54.17942589	2.271667511	296.5367461	0.007660661	34.02441063	Lucas0757	WL_broadleaved	Woodland	U120	NA	0-20	5	8	69	23	4.17	7.32	82.2	1	22	4.1	87.5	1.067405006	7	1.716516082	continental	2	20.04878049	Autumn	559	5.283333332	8.31666672	28.19209058	788.4718672	21.39999962	-8.100000381	29.5	5.416666627	-0.033333367	15.16666667	-4.400000075	715	80	36	25.22467043	230	125	209	141	19.09.2018	23.81332397	0.675345719	LUCAS
Lucas0758	46444288	299.8707581	0.070408835	0	275.2941176	9	71.78588104	10.18633485	3.870495006	43.78795905	3.885328307	760.6725312	0.005107754	47.50989446	Lucas0758	WL_coniferous	Woodland	U120	U120	0-20	3	14	23	63	4.35	16.86	242.1	6	39.8	11.2	203.9	0.340082046	6	1.662236013	boreal	2	21.61607143	Autumn	897	3.091666681	8.933333442	28.72454448	803.9217342	20	-11.10000038	31.10000038	11.93333324	-5.416666667	13.38333337	-6.51666673	669	89	29	31.84351996	238	106	234	117	18.09.2018	17.7193718	0.12504898	LUCAS
Lucas0759	55462186	1685.215942	0.911291262	10.2630959	204.7058824	9	38.20510101	14.11309195	7.840015587	58.47559086	1.357775212	417.8220426	0.00324965	12.68694337	Lucas0759	WL_coniferous	Woodland	U120	U120	0-20	63	14	36	49	4.8	6.75	72.6	2	15.2	5.8	145.5	0.827586418	7	0.810923237	continental	2	12.51724138	Autumn	1321	6.216666576	9.333333271	33.93939489	675.8944548	21.29999924	-6.199999809	27.49999905	9.266666667	11.51666633	14.36666632	-1.9833333	747	83	42	20.61545665	237	141	193	187	19.09.2018	17.4030056	1.122698903	LUCAS
Lucas0761	46604310	176.0856476	0.016752453	5.126400082	122.8235294	9	71.30005646	10.70929337	4.365471702	40.79734983	5.482039397	1162.598429	0.004715334	56.89310689	Lucas0761	WL_coniferous	Woodland	U120	U120	0-20	21.68978102	20.05210918	39.89454094	39.80887097	4.66	45.6	406.9	0	34.4	19.6	332.5	0.117329429	7	1.631233337	continental	2	20.76020408	Autumn	1219	3.658333416	9.233333399	29.127234	816.9395143	20.70000076	-11	31.70000076	12.65000033	-4.98333329	14.08333365	-6.216666679	645	86	29	30.30507735	223	107	220	117	18.09.2018	20.16281128	0.332759827	LUCAS
Lucas0762	51663648	83.76106262	0.843336397	0	163.7647059	9	46.48262024	14.69790316	7.682141856	45.56054708	0.7567889	237.774298	0.003182804	15.80440587	Lucas0762	CL_annual	Cropland	U111	U111	0-20	14	15	48	37	6.04	17.31	23.9	0	7.8	2.4	87.6	1.260995735	7	0.974521251	continental	1	9.958333333	Autumn	1859	6.204166653	7.608333313	26.50987191	807.2525146	21.60000038	-7.099999905	28.70000029	16.01666657	-3.050000032	16.01666657	-3.716666651	634	80	28	28.84110198	220	104	220	118	17.09.2018	11.76341629	-0.441615373	LUCAS
Lucas0764	36282804	162.3739471	1.843505204	90	0	9	16.51182365	16.68194437	11.75961585	52.38835827	0.184791916	305.0109037	0.000605853	3.231687106	Lucas0764	CL_annual	Cropland	U111	U111	0-20	19	13	41	46	6.87	10.79	12.4	1	24	1.3	158.4	1.067405006	4	0.332350593	atlantic	1	9.538461538	Autumn	1701	10.57916667	8.425000002	36.79039306	540.9606674	24	1.100000024	22.89999998	5.033333401	17.39999994	17.39999994	4.233333329	694	72	47	13.53643148	206	147	147	194	11.09.2018	3.924930334	-0.810443938	LUCAS
Lucas0765	46524060	58.37657928	0.783208176	7.252246865	62.11764706	9	55.27025223	12.46235657	6.817536731	46.57411234	2.516324627	437.6469216	0.005749668	38.81278539	Lucas0765	WL_coniferous	Woodland	U120	U120	0-20	10	16	55	29	4.06	27.1	202.4	0	14.2	8	156.5	1.067405006	6	1.215736631	boreal	2	25.3	Autumn	518	5.433333217	8.433332967	28.5875703	783.2169356	21.79999924	-7.699999809	29.49999905	13.91666643	-3.116666694	15.43333308	-3.899999972	653	81	30	28.54695502	219	109	215	124	18.09.2018	22.99400902	0.728482664	LUCAS
Lucas0766	52362556	212.4997559	2.491243768	5.126400082	31.05882353	6	150.2351837	20.16083956	11.37955415	59.20588272	0.609586394	247.4920758	0.002463054	14.01030414	Lucas0766	GL_managed	Grassland	U111	U111	0-20	7	50	8	42	7.27	15.92	21.4	3	115.3	2.2	475.1	1.318315258	6	2.82604987	boreal	3	9.727272727	Summer	1644	10.05000005	9.916666859	32.62061405	771.9073201	26.10000038	-4.300000191	30.40000057	17.73333359	1.733333342	19.2833333	0.24999996	681	93	37	29.92056383	242	115	232	128	11.06.2018	14.80545616	0.126051828	LUCAS
Lucas0767	54642202	1386.245483	2.728622998	10.2630959	351.5294118	9	28.07707024	14.57886839	7.354208218	59.11769114	0.757664485	204.0738317	0.003712698	3.554817276	Lucas0767	WL_coniferous	Woodland	U120	U120	0-20	16	9	70	21	4.74	3.51	13.3	63.28125023	2.4	0.6	45.8	1.120674237	9	0.590116394	mediterranean	2	22.16666667	Autumn	1515	6.508333358	10.16666671	35.17877859	705.1203441	22.29999924	-6.599999905	28.89999914	9.983333488	11.93333308	14.95000013	-2.200000018	645	74	39	21.50045426	211	129	182	143	20.09.2018	11.417449	0.824532092	LUCAS
Lucas0769	52502542	252.2180023	7.199114297	8.88512427	183.5294118	6	164.368454	19.63075542	11.37955415	59.20588272	2.165712978	592.9240864	0.003652597	27.56962865	Lucas0769	CL_permanent	Cropland	U415	U111	0-20	2	27	65	8	6.24	8.22	24.5	1E-05	4.6	2.4	82.6	1.27660383	6	3.123049492	boreal	1	10.20833333	Summer	1694	9.958333269	10.16666664	33.11617715	773.9445364	26.20000076	-4.5	30.70000076	17.68333324	1.633333325	19.23333327	0.150000016	710	98	38	30.72715682	255	120	241	132	12.06.2018	19.1741066	0.578939855	LUCAS
Lucas0771	47584660	270.5933838	0.005570967	0	43.76470588	9	53.85328674	9.056025982	2.023986638	43.49469606	5.72541166	933.4267913	0.006133755	67.9549344	Lucas0771	WL_coniferous	Woodland	U120	U120	0-20	15	20.05210918	39.89454094	39.80887097	4	5.22	332.8	0	30.2	7.4	245	0.167034668	7	1.28051297	continental	2	44.97297297	Autumn	1602	1.266666601	8.583333413	25.09746556	919.6351448	19.60000038	-14.60000038	34.20000076	13.01666665	-4.866666734	13.01666665	-9.78333346	553	82	27	36.12843005	204	84	204	105	10.09.2018	13.86633778	-0.461310655	LUCAS
Lucas0772	50604656	133.9461823	0.000335475	0	242.8235294	9	52.50680161	9.656954288	3.12287537	35.09510472	6.987347932	1550.652717	0.004506069	65.38655887	Lucas0772	WL_broadleaved	Woodland	U120	U120	0-20	22	20.05210918	39.89454094	39.80887097	4.53	10.54	251.1	1	58.4	12.9	92.8	0.297946046	6	1.230908359	boreal	2	19.46511628	Autumn	1527	1.787499949	8.558333447	24.87887588	912.9102489	20.60000038	-13.80000019	34.40000057	11.71666666	-4.733333429	13.55000003	-9.133333445	552	74	26	34.80764992	203	83	202	102	16.09.2018	16.51647758	-0.331643075	LUCAS
Lucas0773	45323868	263.0093689	0.23370391	0	234.3529412	9	72.19221497	11.52181292	6.513693107	59.66897242	2.534227927	364.9611046	0.00694383	13.39060131	Lucas0773	WL_coniferous	Woodland	U120	NA	0-20	7	5	76	19	3.59	16.52	505.6	1	193.6	11.9	846.1	0.573258504	6	1.621502141	boreal	2	42.48739496	Autumn	1223	5.425000071	7.866666742	30.14048461	671.6414869	20.20000076	-5.900000095	26.10000086	12.91666698	0.233333276	14.03333362	-2.433333331	764	84	42	20.51873682	231	139	215	174	18.09.2018	23.98620987	0.802752376	LUCAS
Lucas0774	47144152	89.90768433	0.002331999	0	43.76470588	9	53.36215591	12.82537627	5.966322824	42.37889159	4.702708804	875.4782543	0.005371588	26.32629303	Lucas0774	WL_coniferous	Woodland	U120	U120	0-20	6	11	60	29	4.88	10.14	92.2	0	19.1	5.7	161.2	0.788860855	1	1.164467382	alpine	2	16.1754386	Autumn	581	5.487500029	8.75833339	29.29208436	761.8760523	22.20000076	-7.699999809	29.90000057	14.2166667	-0.066666586	15.30000019	-3.48333329	623	76	31	28.18517708	215	108	207	124	10.09.2018	20.18655586	0.748037159	LUCAS
Lucas0775	48204840	214.6921234	0.061069283	12.57811866	221.6470588	9	63.63670731	8.788590908	0.562201683	44.44543066	4.545978668	377.6192947	0.012038523	41.43170691	Lucas0775	WL_coniferous	Woodland	U120	U120	0-20	9	5	56	39	4.11	7.23	71.6	0	25.1	2.2	102.3	0.404899497	1	1.522824913	alpine	2	32.54545455	Autumn	1629	0.662500004	9.424999694	26.03591158	965.5947719	19.89999962	-16.29999924	36.19999886	13.03333314	-5.666666607	13.03333314	-10.84999975	551	78	24	35.99382489	206	83	206	101	17.09.2018	18.39110756	-0.16619283	LUCAS
Lucas0777	45143854	273.2434998	0.010075419	0	35.29411765	9	82.58087921	11.89284563	7.006043911	69.89447584	1.198117155	160.1193863	0.007482649	19.21581883	Lucas0777	WL_coniferous	Woodland	U120	NA	0-20	20	6	65	29	4.06	5.77	57.5	1	7.8	2.6	63.7	0.892650555	7	1.839510908	continental	2	22.11538462	Autumn	366	5.549999909	7.549999995	29.26356566	665.9067575	20	-5.800000191	25.80000019	5.883333266	4.399999946	14.09999983	-2.183333401	921	98	52	22.07458356	286	166	241	228	20.09.2018	24.18069267	0.766014636	LUCAS
Lucas0778	52383854	114.0337601	0.00666684	0	245.6470588	9	73.73500824	14.04894066	6.776337247	50.2660922	1.191318047	175.1915514	0.006800088	5.27275742	Lucas0778	WL_broadleaved	Woodland	U120	U120	0-20	9	6	71	24	5.02	6	24	1	6.9	1.6	40.1	0.88186041	9	1.567198054	mediterranean	2	15	Autumn	1274	5.466666641	7.033333316	23.92290197	848.882509	21.60000038	-7.800000191	29.40000057	14.53333322	-3.99999998	15.89999994	-4.966666698	685	79	28	30.5561422	237	104	224	120	11.09.2018	10.71481323	-0.717864335	LUCAS
Lucas0779	46064206	322.1979675	0.003331325	0	225.8823529	9	63.69483185	10.69264674	4.409195015	48.02271672	1.904752234	372.1515028	0.005118217	17.96067977	Lucas0779	WL_coniferous	Woodland	U120	U120	0-20	54	12	44	44	5.63	8.56	64.4	0	4	3.2	57.1	0.847878154	7	1.457792938	continental	2	20.125	Autumn	627	3.795833322	8.47499988	27.51623321	801.9477906	20.60000038	-10.19999981	30.80000019	14.0333333	-4.883333246	14.0333333	-5.816666603	678	87	31	29.69513423	233	110	233	121	23.09.2018	23.94325447	0.776680946	LUCAS
Lucas0780	51583590	48.9654007	0.802744382	0	48	9	48.61936951	15.09689331	7.951847528	45.34246003	0.619634192	325.5248227	0.001903493	11.05577689	Lucas0780	CL_annual	Cropland	U111	U111	0-20	7	18	33	48	7.54	23.4	16.2	6	66.8	1.7	362.4	1.214678976	7	1.010862993	continental	1	9.529411765	Autumn	2206	6.820833402	7.87500017	27.82685507	791.4240973	22.20000076	-6.099999905	28.30000067	16.41666698	-2.066666692	16.41666698	-2.933333351	617	82	26	32.13478098	223	96	223	109	10.09.2018	11.74848843	-0.385021538	LUCAS
Lucas0781	46903344	79.68549347	1.268742167	0	252.7058824	9	34.23181915	16.18947315	9.360649711	45.09434861	0.280452779	63.41037337	0.004422822	1.922120961	Lucas0781	CL_annual	Cropland	U111	U111	0-20	8	4	86	9	4.06	8.75	5.9	0	126	0.8	22.1	1.468207017	9	0.695917581	mediterranean	1	7.375	Autumn	2704	8.604166654	7.808333224	29.24469446	726.4185447	23.29999924	-3.400000095	26.69999933	17.5666666	0.783333269	17.5666666	-0.283333361	578	70	30	24.60372517	195	107	195	118	11.09.2018	4.169645309	-1.025160909	LUCAS
Lucas0782	34882068	297.0638428	3.316323545	90	0	9	55.80059052	23.96916389	15.18837457	26.73912219	0.226004084	127.7488087	0.001769129	2.634631317	Lucas0782	CL_permanent	Cropland	U111	U111	0-20	7	22	44	34	8.33	14.76	23.8	476	7.5	0.8	91	1.179143666	9	0.979487616	mediterranean	1	29.75	Autumn	1001	15.33750008	11.85833363	39.26600347	665.0978186	32.40000153	2.200000048	30.20000148	15.98333343	8.850000024	23.81666676	7.600000143	399	53	13	34.4594147	129	72	72	81	18.09.2018	3.794798613	-0.056955565	LUCAS
Lucas0783	54922222	567.8981323	0.116866875	13.59049397	288	9	28.17143822	16.88401079	11.50093048	59.19915771	0.541336154	481.281979	0.00112478	6.184885067	Lucas0783	WL_coniferous	Woodland	U120	U120	0-20	11	6	40	54	6.7	10.52	28.9	4	4.9	2.1	140	1.075006904	9	0.564738837	mediterranean	2	13.76190476	Autumn	1559	10.48333327	9.883333204	32.72626858	764.4140096	26.60000038	-3.599999905	30.20000029	14.54999987	15.99999968	19.79999987	1.050000012	565	66	34	21.58504679	182	111	155	126	20.09.2018	12.64741993	1.004693747	LUCAS
Lucas0784	56202746	223.2212372	9.913998339	5.126400082	177.8823529	8	8.110795975	22.9805727	10.29406799	45.89237896	0.816108787	212.4661088	0.003841125	19.35211743	Lucas0784	GL_managed	Grassland	U111	U111	0-20	95	29	25	47	6.32	7.35	19.9	1E-05	21.9	2	379	1.250450581	7	0.144885906	continental	3	9.95	Summer	2415	9.258333394	9.549999975	29.75077883	855.0487417	26	-6.099999905	32.0999999	17.9666667	-0.066666702	19.53333362	-1.433333317	529	84	22	45.98080934	219	73	212	75	08.08.2018	6.646279335	0.464386821	LUCAS
Lucas0785	52782560	248.3696442	1.444614953	8.88512427	67.76470588	6	171.0328827	20.36527824	10.67314299	60.98336491	0.815324165	141.6924689	0.005754181	15.60271928	Lucas0785	GL_managed	Grassland	U111	U111	0-20	26	37	32	31	5.33	6.53	29.2	1E-05	3	2.7	81	1.099025871	6	3.204946893	boreal	3	10.81481481	Summer	1679	10.29166669	10.14999998	33.49835007	766.8970336	26.39999962	-3.900000095	30.29999971	17.91666683	2.066666683	19.44999997	0.566666643	726	102	37	32.56833116	264	121	251	131	22.06.2018	20.99522018	0.60685277	LUCAS
Lucas0786	37103014	96.97212982	2.766924716	5.126400082	48	9	44.49371338	15.68347311	10.96735563	61.27950066	0.921683226	332.6252354	0.002770936	14.63495759	Lucas0786	CL_annual	Cropland	U111	U111	0-20	19	24	15	61	7.91	18.88	19.6	250	21.7	2.5	261.8	1.177862637	7	0.913938767	continental	1	7.84	Autumn	1573	10.26249996	6.741666486	34.04882133	487.6526461	21.39999962	1.600000024	19.79999959	7.883333445	6.600000004	16.28333298	4.449999948	745	81	50	17.69679223	233	156	174	196	17.09.2018	10.03125858	-0.357721955	LUCAS
Lucas0787	55202844	476.2219849	8.393849545	7.252246865	262.5882353	6	178.8843384	19.02813911	8.038056876	53.88497343	1.1122	407.7070667	0.002727939	17.7360974	Lucas0787	GL_managed	Grassland	U111	U111	0-20	58	51	31	18	5.97	16.22	36	2	5.7	3.3	265.3	0.934729564	7	3.438222881	continental	3	10.90909091	Summer	2634	7.945833286	10.27500002	32.72292939	817.7031525	24.70000076	-6.699999809	31.40000057	16.46666662	-2.033333302	17.98333343	-2.033333302	592	99	22	56.53345976	269	71	263	71	19.06.2018	14.0884552	-0.114535652	LUCAS
Lucas0788	55162612	870.8505859	11.19093566	0	220.2352941	10	19.77872276	9.044915199	7.409514327	61.2491173	1.653666808	516.3076162	0.003202871	21.88741722	Lucas0788	WL_broadleaved	Woodland	U120	U120	0-20	43	28	55	17	5.49	7.84	18.8	1	2.8	2	85.2	0.172205584	1	0.4704189	alpine	2	9.4	Autumn	1970	5.41250006	9.924999965	33.53040485	759.372122	20.60000038	-9	29.60000038	13.0333333	-4.166666582	14.5	-4.166666582	653	100	29	48.67900198	276	90	274	90	26.10.2018	8.070394516	-0.951640427	LUCAS
Lucas0789	54382628	470.3992004	8.760673669	7.252246865	300.7058824	9	32.48214722	16.24472761	8.015586853	62.95129575	1.514006515	437.8843286	0.003457549	23.47956132	Lucas0789	GL_managed	Grassland	U111	U111	0-20	57	46	23	31	5.66	7.5	28.8	1	4.1	2.6	161.6	1.287376325	7	0.659606597	continental	3	11.07692308	Autumn	1575	8.233333332	10.89999994	34.06250032	807.0212639	24.39999962	-7.599999905	31.99999952	16.38333329	-0.399999887	17.7833333	-2.083333284	629	94	27	45.67150052	260	84	250	87	14.09.2018	13.16572189	0.310434788	LUCAS
Lucas0790	51903592	78.85556793	0.064702337	0	227.2941176	9	47.08560944	14.84877348	7.692779867	45.90366022	0.748422002	116.7937481	0.006408066	7.614128624	Lucas0790	WL_coniferous	Woodland	U120	U120	0-20	1	3	83	14	4.2	4.95	23.9	0	42.4	1.4	28.3	1.039519304	7	0.984050499	continental	2	17.07142857	Autumn	1751	6.637500113	7.65833358	27.06124922	789.4478187	22	-6.300000191	28.30000019	16.30000019	-2.233333354	16.30000019	-3.03333333	610	83	27	30.91015852	220	99	220	111	10.09.2018	10.14338017	-0.246693194	LUCAS
Lucas0791	56562836	34.36961746	0.451417284	0	0	6	136.4785767	21.64901209	11.04035463	39.25817982	0.641298049	352.5429142	0.001819064	14.14593698	Lucas0791	CL_annual	Cropland	U111	U111	0-20	80	40	7	53	6.88	11.22	20.4	1E-05	10.3	2.4	381	1.024742438	9	2.497365852	mediterranean	1	8.5	Summer	2429	9.82499991	9.699999995	29.57317097	882.4462339	26.89999962	-5.900000095	32.79999971	18.94999965	0.083333323	20.41666667	-1.216666708	571	88	28	40.89847332	227	89	218	93	15.06.2018	7.592406273	-0.046971954	LUCAS
Lucas0793	51743714	103.1422806	0.670248926	0	238.5882353	9	43.54767609	14.88313103	7.51323075	45.60161691	0.64507772	340.4576857	0.001894737	9.993337775	Lucas0793	CL_annual	Cropland	U111	U111	0-20	44	16	43	42	7.62	13.51	20.3	7	14.6	2.1	119.9	1.238690108	6	0.909457572	boreal	1	9.666666667	Autumn	2780	6.350000024	7.5	26.88171988	790.0345227	21.70000076	-6.199999809	27.90000057	16.13333337	-2.549999992	16.13333337	-3.149999976	597	76	26	29.20374478	208	95	208	107	17.09.2018	11.90494537	-0.337379009	LUCAS
Lucas0794	47404678	280.4400024	2.491243768	0	0	9	59.03725433	8.790091038	1.870177231	43.52532748	16.38987342	1769.966245	0.009259992	88.85440181	Lucas0794	WL_coniferous	Woodland	U120	U120	0-20	8	20.05210918	39.89454094	39.80887097	3.78	11.36	450.8	0	30	9.8	257.7	0.090229086	6	1.412709398	boreal	2	46	Autumn	1651	0.904166592	8.624999846	24.64285737	944.3599406	19.29999924	-15.69999981	34.99999905	12.91666635	-5.333333304	12.91666635	-10.51666665	574	87	27	37.92879587	217	84	217	106	10.09.2018	17.4659481	-0.416541517	LUCAS
Lucas0795	47544580	399.3169556	0.004888111	0	35.29411765	9	68.77789307	9.069161177	2.408827298	43.99287545	15.4319222	2054.550725	0.007511093	65.43405181	Lucas0795	WL_coniferous	Woodland	U120	U120	0-20	28	3	70	28	4.19	17.2	266.7	0	42.3	8.2	165.1	1.067405006	9	1.63487674	mediterranean	2	32.52439024	Autumn	1110	1.508333355	8.366666814	26.39327086	851.9758736	19	-12.69999981	31.69999981	10.9666667	-4.53333348	12.53333346	-8.466666698	638	93	28	35.85734691	236	97	229	112	17.09.2018	17.97154045	0.038706563	LUCAS
Lucas0796	52342544	194.0365295	2.103478063	0	300.7058824	6	155.7439423	19.94955873	11.37955415	59.20588272	0.645794739	124.0643448	0.005205321	10.9534807	Lucas0796	GL_unmanaged	Grassland	U420	U112	0-20	7	60	17	23	5.36	7.53	18.7	1	16.7	1.6	110.7	1.297257995	7	2.941364309	continental	3	11.6875	Summer	2620	10.32499997	10.04999994	32.84313665	775.7445133	26.60000038	-4	30.60000038	18.06666692	1.983333334	19.63333337	0.516666651	681	93	37	29.68275045	243	116	231	128	11.06.2018	18.0358429	0.389225304	LUCAS
Lucas0797	54762692	443.5067139	7.886100372	5.126400082	354.3529412	8	14.55064106	20.59791851	9.28240372	49.74524187	1.230135858	366.6032661	0.003355496	18.46257133	Lucas0797	GL_managed	Grassland	U111	U112	0-20	35	11	10	79	7.46	21.65	38.1	108	5.6	3.8	771.3	1.303117095	9	0.271477726	mediterranean	3	10.02631579	Summer	2250	7.487500084	11.25833369	34.32418688	834.9989945	24.20000076	-8.600000381	32.80000114	15.96666686	-1.500000089	17.33333365	-3.26666678	589	91	23	48.64419202	251	77	243	82	11.08.2018	11.68975925	0.901116729	LUCAS
Lucas0799	52042676	89.70639038	0.659310732	0	307.7647059	6	118.5277863	21.09189939	11.83334842	47.78707032	1.410320957	385.9520313	0.003654135	20.32425205	Lucas0799	GL_managed	Grassland	U111	U111	0-20	1	40	26	34	6.41	13.5	43.9	1E-05	51.3	4.3	523.7	1.124435553	6	2.191229881	boreal	3	10.20930233	Summer	2639	10.41250002	10.87500004	33.56481435	822.4993136	27.70000076	-4.699999809	32.40000057	18.69999997	1.699999953	20.23333343	0.016666691	568	77	31	27.81876892	198	101	191	114	19.06.2018	13.30217934	0.278974533	LUCAS
Lucas0800	54262530	297.1638794	2.402201825	0	183.5294118	11	48.99522018	6.616193414	11.24021365	57.34755697	0.911895204	160.1545179	0.005693846	21.53514589	Lucas0800	CL_annual	Cropland	U111	U111	0-20	35	62	19	19	5.96	9.82	11.3	1E-05	18.2	1.4	290.7	1.280601977	9	1.236747299	mediterranean	1	8.071428571	Autumn	1835	10.27083331	10.3083334	32.11318824	817.3417408	27	-5.099999905	32.0999999	18.44999997	1.600000074	20.04999987	-0.066666603	654	84	33	33.29014179	244	103	225	112	30.11.2018	9.392985344	-1.211421847	LUCAS
Lucas0801	55142474	129.6764069	1.079547803	0	266.8235294	10	15.03059959	14.12650919	12.02740263	46.07164022	0.58222915	228.0074045	0.002553554	14.83571192	Lucas0801	CL_annual	Cropland	U111	U111	0-20	76	36	7	56	5.94	5.15	18.8	1E-05	12.8	1.4	276.8	1.067405006	1	0.318941501	alpine	1	13.42857143	Autumn	2772	10.84583341	11.00833359	32.09426685	897.1405574	29	-5.300000191	34.30000019	19.81666676	1.25000005	21.53333346	-0.49999996	535	70	30	31.93456103	200	94	186	94	22.10.2018	4.7311759	-0.839199007	LUCAS
Lucas0803	54982632	572.5609741	3.362763279	5.126400082	313.4117647	8	15.34304237	20.16807318	8.287517497	56.55772651	1.796392786	520.6101536	0.003450553	17.21964167	Lucas0803	WL_broadleaved	Woodland	U120	U420	0-20	1	35	30	35	5.22	5.66	28.5	1	6.4	2.7	79	0.089298025	7	0.288576235	continental	2	10.55555556	Summer	1821	7.095833246	10.49166648	33.62713637	800.3620057	23	-8.199999809	31.19999981	15.14999978	-1.599999908	16.58333317	-3.133333309	604	90	25	48.13722928	255	82	251	82	14.08.2018	14.85790634	-0.186488226	LUCAS
Lucas0804	55742656	1057.065674	3.86472204	7.252246865	15.52941176	10	16.66576195	8.00161922	7.773655339	49.9787439	1.8892261	587.0875063	0.003217963	24.21554132	Lucas0804	WL_coniferous	Woodland	U120	U120	0-20	64	16	27	57	5.41	5.86	30.5	1	3.6	3	130.6	1.067405006	7	0.406465946	continental	2	10.16666667	Autumn	1517	4.716666622	9.400000116	31.86440717	767.0763051	19.89999962	-9.600000381	29.5	12.5666666	-4.833333385	13.98333327	-4.833333385	611	94	26	47.78819104	255	85	255	85	31.10.2018	8.975676537	-0.810297847	LUCAS
Lucas0806	55962538	87.91999817	0.999676019	0	175.0588235	10	12.68723965	13.22132444	11.7941244	49.15995096	0.804263566	185.4095607	0.004337767	14.3852663	Lucas0806	CL_annual	Cropland	U111	U111	0-20	18	31	37	32	5.66	12.95	18.5	1E-05	67.3	1.6	224	1.067405006	7	0.274488881	continental	1	11.5625	Autumn	2403	10.22083327	10.8749999	32.65765716	867.1962561	27.5	-5.800000191	33.30000019	19.01666641	0.933333412	20.5333333	-0.766666651	552	75	26	35.47517447	208	85	198	87	23.10.2018	4.202981472	-0.758757174	LUCAS
Lucas0807	36722782	122.9090729	0.543902066	90	0	10	27.91632652	12.9937737	11.75359194	50.03819757	0.652026424	282.4953877	0.002308096	7.482656095	Lucas0807	CL_annual	Cropland	U111	U111	0-20	26	22	6	72	6.75	22.44	13.7	1	24.7	1.5	259.1	1.0506179	7	0.606958818	continental	1	9.133333333	Autumn	2797	10.98750001	9.508333251	37.73148117	578.4977597	26	0.800000012	25.19999999	4.99999998	7.033333391	18.2833333	4.166666736	659	68	45	10.76969673	185	148	155	168	24.10.2018	5.726471424	-1.027569294	LUCAS
Lucas0808	45564332	360.2099915	2.491243768	0	0	10	29.93702126	3.782965519	2.956343789	47.54120676	0.968203198	199.3873942	0.00485589	11.94499669	Lucas0808	WL_coniferous	Woodland	U120	U120	0-20	5	3	69	28	4.56	3.24	15.1	0	6	0.7	19.7	0.91113096	7	0.813882753	continental	2	21.57142857	Autumn	2134	2.504166647	9.358333324	28.27291083	860.7250026	20.29999924	-12.80000019	33.09999943	13.33333317	-6.583333413	13.33333317	-8	556	82	21	40.52147857	219	76	219	83	15.10.2018	15.77935219	-0.540829778	LUCAS
Lucas0809	37622758	152.1795502	0.266947149	90	0	8	24.34008026	20.90091801	11.75739936	52.76285453	0.595515695	252.13142	0.002361926	8.260654928	Lucas0809	CL_annual	Cropland	U111	U111	0-20	26	8	64	28	6.46	12.01	18.2	1	68.8	1.9	140.8	1.408035154	7	0.451570793	continental	1	9.578947368	Summer	2209	10.64583333	9.191666612	37.67076422	583.7241689	24.60000038	0.200000003	24.40000038	7.283333401	6.68333331	17.98333359	3.650000038	688	67	46	10.19003114	188	159	159	176	21.08.2018	3.401579857	-0.406861365	LUCAS
Lucas0810	54662566	531.4192505	4.61244954	8.88512427	31.05882353	10	23.46273232	11.91677904	9.285335064	62.83677573	1.340291453	1014.480767	0.00132116	15.96888962	Lucas0810	WL_broadleaved	Woodland	U120	U120	0-20	53	46	36	18	5.87	8.52	28.3	1E-05	8.1	2.6	362.7	1.067405006	1	0.52236008	alpine	2	10.88461538	Autumn	1980	8.679166724	10.70833335	34.32158199	788.6682116	24.79999924	-6.400000095	31.19999933	16.5999999	0.166666587	18.16666667	-1.200000008	652	91	30	41.09813055	260	93	248	98	25.10.2018	8.528284073	-1.087602139	LUCAS
Lucas0811	56842684	102.4806366	3.405493187	5.126400082	252.7058824	6	100.4586029	22.34773254	11.37313913	37.83639456	0.279362267	168.176085	0.00166113	6.369215459	Lucas0811	GL_managed	Grassland	U111	U111	NA	59	9	28	63	8.07	13.1	15	35	4.9	1.6	175.7	1.264052135	9	1.815044597	mediterranean	3	9.375	Summer	3490	10.41666673	9.850000136	29.57958024	906.0888353	27.89999962	-5.400000095	33.29999971	19.66666667	0.649999926	21.3166666	-0.966666698	505	73	24	36.23564679	192	81	181	85	16.06.2018	9.160896301	0.207953304	LUCAS
Lucas0813	33343208	12.96747875	0.367040765	0	155.2941176	10	87.4220047	11.3386941	10.70186961	82.07150269	0.887403943	140.1543602	0.006331619	15.33239038	Lucas0813	CL_annual	Cropland	U111	U111	0-20	13	6	84	10	7.23	20.43	17.6	58	24.8	2.1	186	1.353949172	4	1.971686503	atlantic	1	8.380952381	Autumn	1251	10.60416659	6.558333238	38.12984377	397.048531	20.10000038	2.900000095	17.20000029	7.183333317	11.48333319	15.64999994	6.183333397	980	117	52	28.30529235	339	169	221	297	15.10.2018	23.72712708	-0.052941296	LUCAS
Lucas0814	55622854	365.2791443	3.199691057	0	179.2941176	6	163.8957977	20.17948055	10.28341625	45.40700601	0.727934316	288.3858929	0.002524168	11.4214876	Lucas0814	GL_managed	Grassland	U111	U111	0-20	84	30	15	55	6.08	11.55	21.4	3	5	2.4	147.9	1.210961619	7	3.081936793	continental	3	8.916666667	Summer	2399	8.52500015	9.800000101	31.11111049	837.4895066	25.20000076	-6.300000191	31.50000095	17.26666705	-1.833333393	18.63333384	-1.833333393	573	92	22	51.59902042	250	72	242	72	20.06.2018	11.25964451	-0.318767488	LUCAS
Lucas0815	45284100	320.897522	0.034004837	5.126400082	334.5882353	10	45.86035538	5.486302078	4.841116102	56.77719558	0.907765221	143.5378539	0.006324222	8.581903016	Lucas0815	WL_coniferous	Woodland	U120	U120	0-20	14	4	51	45	4.25	2.72	10.6	1	3	0.7	13.8	1.077274453	6	1.191602022	boreal	2	15.14285714	Autumn	733	3.729166739	9.608333265	30.40611848	818.6115154	20.89999962	-10.69999981	31.59999943	12.50000016	-1.933333278	14.00000008	-6.266666591	774	87	38	25.73281918	249	130	246	151	15.10.2018	24.10394669	0.520508468	LUCAS
Lucas0817	54902668	514.1767578	4.207545466	7.252246865	208.9411765	8	14.30239964	20.62997532	8.963012545	51.9074956	1.774425574	769.0172494	0.002307394	17.30006609	Lucas0817	GL_managed	Grassland	U111	U112	0-20	76	19	26	55	7.47	19.73	26.9	101	3.9	2.5	465.9	1.0929697	1	0.266686672	alpine	3	10.76	Summer	1919	7.233333356	11.76666668	35.3353362	834.452281	24.29999924	-9	33.29999924	15.66666675	-1.766666643	17.10000006	-3.499999953	592	90	24	49.4286787	253	77	247	80	13.08.2018	11.15816975	0.736922979	LUCAS
Lucas0818	55942572	224.1708984	12.02034087	5.126400082	159.5294118	8	6.686585426	23.93563557	11.54876107	50.61238961	0.372068966	427.6026437	0.000870128	4.274632778	Lucas0818	GL_managed	Grassland	U111	U111	0-20	29	25	55	20	7.37	29.71	24.4	18	12	2.3	115.5	1.310865311	7	0.117441131	continental	3	10.60869565	Summer	1854	9.887499943	10.65833323	32.69427381	846.8662079	26.5	-6.099999905	32.5999999	18.41666667	0.783333321	19.99999984	-0.74999996	557	80	25	40.65093399	220	81	211	81	27.08.2018	7.90682888	0.797586381	LUCAS
Lucas0819	38362906	213.3669586	0.643053374	90	0	10	27.75680161	12.52369308	11.09213207	51.06091871	0.468158661	316.01213	0.001481458	9.126984127	Lucas0819	CL_annual	Cropland	U111	U111	0-20	15	23	3	74	7.32	12.12	10.4	1	30.5	1.4	168.8	1.170540261	1	0.609722097	alpine	1	7.428571429	Autumn	1871	9.708333326	8.333333427	35.61253485	564.5425906	23.20000076	-0.200000003	23.40000077	15.11666648	5.733333237	16.8166666	3.033333352	675	62	47	8.785080652	183	146	176	165	16.10.2018	8.741865158	-1.166897058	LUCAS
Lucas0820	55382538	241.3972931	0.821397566	0	176.4705882	9	25.79232597	17.91069841	11.34627182	55.05493295	0.411764706	212.5392157	0.001937359	6.494367131	Lucas0820	GL_managed	Grassland	U111	U111	NA	21.68978102	43	36	21	5.11	7.5	12	1E-05	0	1.3	66.4	1.40912961	7	0.506618977	continental	3	9.230769231	Autumn	2464	9.716666691	10.96666679	33.13192299	851.7984621	26.70000076	-6.400000095	33.10000086	18.25000016	0.48333329	19.83333349	-1.050000032	569	78	28	38.35265392	223	88	212	88	07.09.2018	5.026357174	-0.007732912	LUCAS
Lucas0821	55162738	993.3773193	9.034629875	14.5337469	280.9411765	6	174.8862152	15.53535604	5.318109374	51.35793385	1.609130707	423.4263081	0.003800262	20.12987013	Lucas0821	GL_managed	Grassland	U111	U111	0-20	3	17	40	43	5.35	11.96	44.3	1E-05	21.6	4.3	116.8	1.083857773	7	3.603274591	continental	3	10.30232558	Summer	2788	4.40000009	10.61666668	33.38574409	807.7719148	21.10000038	-10.69999981	31.80000019	14.16666698	-4.416666567	14.16666698	-5.766666611	590	98	24	53.77583516	262	77	262	79	27.06.2018	13.26344013	-0.75553751	LUCAS
Lucas0822	56922692	149.7149658	7.647070646	5.126400082	50.82352941	11	39.55050659	4.76822865	11.37313913	37.83639456	0.295268588	181.954346	0.001622762	7.151114781	Lucas0822	CL_annual	Cropland	U111	U111	NA	14	55	22	23	6.28	4.71	21.3	1E-05	24.6	2.1	206.1	1.291648599	9	1.047189874	mediterranean	1	10.14285714	Autumn	3014	10.11666676	9.750000184	29.36746976	898.089732	27.70000076	-5.5	33.20000076	19.18333371	0.333333313	20.96666686	-1.116666714	514	74	25	36.05630194	196	84	185	88	15.11.2018	6.384318352	-1.447575569	LUCAS
Lucas0823	54702820	1211.218506	0.128118725	13.59049397	331.7647059	11	35.73778915	1.230985284	4.544636877	60.70761751	8.015683038	765.3949649	0.01047261	59.63684824	Lucas0823	WL_coniferous	Woodland	U120	U120	0-20	19	8	43	49	6.08	7.15	13.8	1	12.5	1.6	92.7	0.229261866	7	1.044018712	continental	2	8.625	Autumn	1148	3.78749999	8.775000103	30.89788706	753.1060726	18.70000076	-9.699999809	28.40000057	13.00000016	-5.450000068	13.00000016	-5.450000068	757	123	32	51.189143	331	104	331	104	20.11.2018	19.77116394	0.177308336	LUCAS
Lucas0824	55942860	165.2706604	13.75222333	7.252246865	40.94117647	11	29.19642258	3.972176611	10.61778957	42.69828234	0.628910045	305.9835503	0.002055372	14.55843293	Lucas0824	CL_annual	Cropland	U111	NA	0-20	87	22	31	47	6.41	9.26	24.3	1E-05	8.5	2.4	292	1.277842214	7	0.789686333	continental	1	10.125	Autumn	2602	9.274999949	10.18333309	31.33333306	861.0551128	26.39999962	-6.099999905	32.49999952	18.26666657	-0.133333325	19.61666663	-1.416666706	554	89	23	48.4550098	236	74	229	78	19.11.2018	8.6798172	-1.220654607	LUCAS
Lucas0826	55722894	98.29647064	9.446837346	5.126400082	14.11764706	11	28.08280182	4.188225627	10.46487392	43.9000976	0.637385278	153.0035587	0.00416582	11.32702209	Lucas0826	CL_annual	Cropland	U111	U111	NA	21.68978102	22	44	34	5.56	6.28	30.6	79	5.5	2.7	177.4	1.067405006	1	0.755153045	alpine	1	11.33333333	Autumn	2543	9.287500078	9.775000097	30.45171333	857.136164	26.10000038	-6	32.10000038	18.25000032	-0.183333308	19.53333362	-1.399999986	557	87	24	47.96091093	238	76	229	79	19.11.2018	9.972867012	-0.94944036	LUCAS
Lucas0827	55882872	165.6981812	8.572760612	7.252246865	204.7058824	11	29.13418579	4.019329995	10.61778957	42.69828234	0.652040621	329.964361	0.001976094	13.0601366	Lucas0827	GL_unmanaged	Grassland	U415	U111	NA	33	13	12	75	7.99	14.8	20.1	20	4.6	2	243.3	1.159237138	7	0.786999273	continental	3	10.05	Autumn	2251	9.245833412	9.891666899	30.71946215	855.0902715	26.10000038	-6.099999905	32.20000029	18.16666667	-0.133333385	19.51666689	-1.383333365	558	89	23	47.94439825	237	75	230	78	19.11.2018	10.45667839	-0.987777591	LUCAS
Lucas0828	45884278	371.9022827	0.121093499	5.126400082	352.9411765	10	37.82920456	4.497562468	3.48457908	47.70064525	1.927327456	237.3468071	0.008120301	22.89456233	Lucas0828	WL_coniferous	Woodland	U120	U120	0-20	26	6	59	36	4.35	9.22	106.9	0	13	3	162.7	0.374291719	6	1.008844364	boreal	2	35.63333333	Autumn	795	3.545833384	7.774999946	26.35593202	795.4171517	20.10000038	-9.399999619	29.5	13.73333343	-4.899999877	13.73333343	-5.849999905	730	95	32	31.21399178	253	116	253	122	15.10.2018	23.79742432	0.450912118	LUCAS
Lucas0829	55382862	319.5075378	5.246152361	0	240	11	24.74452019	3.706349522	9.699695085	48.29179192	0.482932506	224.0914145	0.002155069	14.33792989	Lucas0829	GL_managed	Grassland	U111	NA	0-20	2	49	30	21	5.89	6.72	11.2	1	8.3	1.2	75	1.067405006	1	0.674120977	alpine	3	9.333333333	Autumn	2435	8.599999994	10.09999983	31.86119838	836.9180446	25.39999962	-6.300000191	31.69999981	17.33333333	-0.433333337	18.73333327	-1.716666679	577	95	22	54.23446333	259	71	249	72	20.11.2018	10.34834099	-1.016429543	LUCAS
Lucas0831	55602682	567.8604126	3.56560719	0	107.2941176	10	16.48227119	10.4030931	6.239360182	48.66314667	0.525805851	178.2584933	0.002949682	10.77306733	Lucas0831	CL_annual	Cropland	U111	U111	0-20	74	31	27	42	6.07	9.06	15.2	1	41.8	1.6	244.8	1.067405006	7	0.379748769	continental	1	9.5	Autumn	3327	7.150000079	10.70000004	32.62195209	855.7957531	24.39999962	-8.399999619	32.79999924	15.88333344	-1.999999906	17.35000006	-3.683333283	553	88	23	50.4434094	238	72	234	75	30.10.2018	6.038281918	-0.723401427	LUCAS
Lucas0832	31783686	210.6819916	1.667790771	7.252246865	193.4117647	10	206.8156586	8.640706778	9.494743197	83.46822056	0.826022853	168.182332	0.004911472	10.12092099	Lucas0832	GL_unmanaged	Grassland	U420	U410	0-20	28	20.05210918	39.89454094	39.80887097	4.93	23.4	40.1	2	6.3	2.6	90.4	1.084908384	4	4.966670227	atlantic	3	15.42307692	Autumn	2171	8.275000075	5.383333564	36.62131486	357.589793	16.20000076	1.5	14.70000076	4.966666698	9.233333309	12.76666689	4.216666659	2193	242	120	25.4437973	710	374	505	652	03.10.2018	25.1650753	0.323225826	LUCAS
Lucas0833	46784220	146.1903534	0.005669343	5.126400082	139.7647059	10	39.99110413	5.594204664	5.00302518	43.30703133	4.723080697	1191.35639	0.003964457	31.44442576	Lucas0833	WL_broadleaved	Woodland	U120	U120	0-20	20	3	87	10	4.75	34.5	66.1	0	14.6	3.2	100	1.067405006	6	1.036194539	boreal	2	20.65625	Autumn	1456	4.499999983	9.09999989	29.73856229	774.3912568	21.39999962	-9.199999809	30.59999943	13.13333337	-3.766666681	14.48333327	-4.666666716	633	77	28	30.41706586	221	102	214	117	01.10.2018	14.91144943	-0.828936279	LUCAS
Lucas0834	37962654	245.1783295	0.951740291	90	0	10	33.59073257	13.20467067	11.61221685	58.31137226	0.591003821	327.1950909	0.001806273	4.415670651	Lucas0834	GL_managed	Grassland	U111	U111	0-20	3	11	64	25	5.84	7.76	19.9	1	8.2	2.1	44.5	1.067405006	4	0.726998636	atlantic	3	9.476190476	Autumn	1596	10.69999996	10.18333333	39.31788928	593.2307511	25.5	-0.400000006	25.90000001	16.51666657	6.666666662	18.23333327	3.633333288	765	79	48	14.5195401	213	154	207	182	02.10.2018	5.530778408	-1.43687284	LUCAS
Lucas0835	63681618	410.5953979	7.390482691	8.88512427	1.411764706	10	33.87502289	20.50176144	17.8571436	26.83570556	0.182217344	253.1201366	0.000719885	9.413324495	Lucas0835	CL_permanent	Cropland	U111	U111	0-20	47	46	12	42	8.16	13.47	2.3	507	4.1	0.8	458.3	0.884959007	9	0.633157152	mediterranean	1	2.875	Autumn	1664	16.60416661	11.17499983	40.93406575	615.5576131	31.39999962	4.099999905	27.29999971	9.349999984	24.16666667	24.16666667	9.349999984	519	110	2	90.63719609	297	10	10	297	04.10.2018	10.4619034	-0.0561357	LUCAS
Lucas0836	64601638	19.53497124	0.575645487	0	355.7647059	10	26.22511292	24.12681675	20.09776477	26.44249444	0.201003287	749.8092602	0.000268073	4.398875475	Lucas0836	Other bare soil	Bareland	U111	U111	0-20	9	35	25	40	8.18	23.6	22	234	122.9	2.2	1952.6	1.031822919	9	0.45906834	mediterranean	Bareland	10	Autumn	2574	19.62916674	11.25833356	41.39093106	621.239464	34.20000076	7	27.20000076	12.43333332	26.91666698	27.25000064	12.28333322	374	91	1	94.19071939	215	6	6	168	03.10.2018	10.4619034	-0.0561357	LUCAS
Lucas0837	37242640	233.5240479	1.89352762	90	0	10	37.19454193	13.65999603	11.86252243	58.42051697	0.348421245	944.2619699	0.000368988	9.348113832	Lucas0837	CL_annual	Cropland	U111	U111	0-20	12	40	10	51	7.53	24.38	36.7	184	63.7	4.2	822.3	0.96484849	7	0.797139843	continental	1	8.738095238	Autumn	1822	11.17083329	9.224999939	37.65306217	577.9212597	25.29999924	0.800000012	24.49999923	15.69999965	5.350000133	18.48333327	4.383333375	722	73	47	12.50602674	198	153	186	166	09.10.2018	4.034455776	-1.495795846	LUCAS
Lucas0838	45184078	232.7544403	0.073869797	0	259.7647059	10	44.75685883	6.482736111	5.442074449	56.57510537	2.928761651	416.4735908	0.007032287	25.42204568	Lucas0838	WL_coniferous	Woodland	U120	U120	0-20	12	5	67	29	4.3	2.5	9.4	0	1.1	0.5	18.1	1.155839314	6	1.133580477	boreal	2	18.8	Autumn	688	4.233333359	9.316666543	30.05376304	818.8110307	21.10000038	-9.899999619	31	12.9333334	-1.333333294	14.44999989	-5.833333174	754	82	37	25.7747329	242	129	235	148	07.10.2018	24.77436829	0.727223575	LUCAS
Lucas0839	37362642	248.1217957	0.354246619	90	0	10	35.92185974	13.53856087	11.86252243	58.42051697	0.252749112	186.7535104	0.001353383	2.054681027	Lucas0839	CL_annual	Cropland	U111	U111	0-20	46	9	69	22	7.06	26.49	14.6	3	54.8	1.6	124.9	1.252787065	4	0.771873025	atlantic	1	9.125	Autumn	1532	11.02916658	9.24166656	37.56774966	580.0292279	25.10000038	0.5	24.60000038	15.5333333	7.099999855	18.36666663	4.199999958	708	72	45	13.65150674	197	147	187	161	09.10.2018	5.328686714	-1.400550842	LUCAS
Lucas0840	64141632	991.3432617	2.491243768	8.88512427	162.3529412	10	46.19091034	17.9815731	18.33094306	25.87830699	0.457015986	356.8557726	0.001280674	6.38510143	Lucas0840	CL_permanent	Cropland	U415	U111	0-20	17	21	40	39	7.65	16.61	20.9	6	50.1	2	390	0.968770158	9	0.906031484	mediterranean	1	10.45	Autumn	1475	13.90833335	11.28333353	38.50967174	679.701906	29.79999924	0.5	29.29999924	5.783333411	22.16666651	22.16666651	5.783333411	784	165	6	88.19085716	445	23	23	445	04.10.2018	7.819030285	0.053358234	LUCAS
Lucas0841	47864818	303.1357727	0.100431812	7.252246865	98.82352941	9	67.13742828	8.121641159	0.346197473	46.54485442	0.661982529	96.42878845	0.006864989	12.85785206	Lucas0841	WL_coniferous	Woodland	U120	U120	0-20	40	5	69	26	4.16	2.63	17.9	0	6.1	0.6	24.9	0.785936635	6	1.632654398	boreal	2	29.83333333	Autumn	1347	0.183333367	9.866666754	26.73893319	980.9534761	19.70000076	-17.20000076	36.90000153	12.76666681	-6.23333325	12.76666681	-11.46666686	653	93	31	35.2978637	242	104	242	118	25.09.2018	16.51733589	-0.311338782	LUCAS
Lucas0842	48804824	141.3059235	0.004977628	0	100.2352941	10	31.1185379	1.371266246	1.735253072	42.87114957	1.228969957	240.0469242	0.005119707	22.39800167	Lucas0842	WL_coniferous	Woodland	U120	U120	0-20	17	3	63	34	4.62	4.01	18.7	1	4.9	0.9	28.2	0.826153391	6	0.905364896	boreal	2	20.77777778	Autumn	1789	0.41666659	9.050000007	24.45945948	999.737085	20	-17	37	11.44999977	-6.383333345	13.19999989	-11.65000002	629	75	35	26.56473999	210	109	194	131	01.10.2018	19.87326813	0.044422746	LUCAS
Lucas0843	51903342	166.662323	0.628217752	0	310.5882353	10	41.83760834	9.268813133	8.345536107	42.20960376	0.558131304	74.23146346	0.007518797	5.957730072	Lucas0843	CL_annual	Cropland	U111	U111	0-20	5	3	88	9	4.99	12.4	6.8	2	97.8	0.8	124.1	1.139559268	7	0.989798512	continental	1	8.5	Autumn	2680	7.183333272	8.400000044	28.8659801	790.8118136	22.89999962	-6.199999809	29.09999943	16.74999984	-1.616666639	16.74999984	-2.633333349	565	79	28	36.15758974	217	87	217	97	05.10.2018	15.21808624	-0.58532238	LUCAS
Lucas0844	54961762	32.41173553	0.873635302	0	132.7058824	10	17.2511673	19.40032339	17.13658664	37.12004069	1.187599364	195.0008832	0.006090226	19.89528796	Lucas0844	CL_permanent	Cropland	U111	U111	0-20	8	25	32	43	8.46	18.95	17.1	448	38.1	1.8	435.6	1.340821193	7	0.329218718	continental	1	9.5	Autumn	1240	17.47916657	9.624999881	34.49820675	694.4273498	33.20000076	5.300000191	27.90000057	11.14999994	26.36666648	26.36666648	9.616666873	472	79	8	62.86821605	204	31	31	193	01.10.2018	18.7433567	1.914989233	LUCAS
Lucas0845	46064580	272.376709	0.013030187	0	35.29411765	10	53.49187469	1.979003966	2.189053327	46.21727753	2.834500876	448.9494065	0.006313631	52.16419994	Lucas0845	WL_coniferous	Woodland	U120	U120	0-20	1	20.05210918	39.89454094	39.80887097	4.02	10.08	477.9	9	54.1	14	555.3	0.113399724	6	1.529256658	boreal	2	34.13571429	Autumn	1239	1.274999976	9.24999993	27.20588291	871.8332313	19.29999924	-14.69999981	33.99999905	12.41666667	-4.449999998	12.41666667	-9.233333429	607	86	30	33.78524526	221	93	221	124	01.10.2018	24.23014069	0.090602681	LUCAS
Lucas0846	46664162	149.2924957	0.005613918	0	242.8235294	10	41.31651688	5.770194292	5.501811768	46.19489228	3.668993232	636.6259165	0.005763185	21.40957447	Lucas0846	WL_coniferous	Woodland	U120	U120	0-20	5	26	8	65	4.63	10.82	39.5	0	11.4	2.7	101.3	0.816167723	7	1.065677323	continental	2	14.62962963	Autumn	842	4.762500117	8.591666718	28.16939908	785.3810021	21.60000038	-8.899999619	30.5	13.43333364	-3.766666611	14.86666711	-4.549999952	645	79	30	29.39060912	224	109	218	121	01.10.2018	19.71837044	-0.109437287	LUCAS
Lucas0847	64841666	37.87204361	0.558180978	0	105.8823529	10	37.1905098	23.27484798	20.27365534	27.56369957	0.157142857	349.6	0.000449493	3.966942149	Lucas0847	CL_annual	Cropland	U111	U111	0-20	63	37	41	23	7.61	15.57	8.2	2	83.8	1.1	614	0.967642279	9	0.660872683	mediterranean	1	7.454545455	Autumn	1481	19.24583332	11.95833349	42.10681005	632.442796	34.09999847	5.699999809	28.39999866	11.80000019	26.79999987	26.96666654	11.80000019	397	106	0	99.0821646	236	4	5	236	02.10.2018	3.072896481	-0.003881505	LUCAS
Lucas0848	37242618	477.111084	0.300059772	90	0	10	41.77466202	12.92740393	11.57361753	60.31812306	0.669234904	308.5619065	0.002168884	6.874687135	Lucas0848	CL_annual	Cropland	U111	U111	0-20	10	25	43	32	5.58	7.54	24.9	0	20.1	2.2	377.2	1.161746186	7	0.909580304	continental	1	11.31818182	Autumn	1166	10.34583331	8.675000006	36.29707058	572.2859151	24.10000038	0.200000003	23.90000038	14.88333337	6.383333296	17.59999975	3.633333338	772	77	48	15.02997648	219	156	209	172	01.10.2018	7.657783508	-1.3139714	LUCAS
Lucas0849	45964616	461.1719666	0.02160891	0	63.52941176	10	63.41103745	0.976445794	1.633691446	46.45049286	2.251735016	270.8482299	0.008313641	20.61769616	Lucas0849	WL_coniferous	Woodland	U120	U120	0-20	19	7	41	52	4.14	6.24	34.7	2	17.5	1.8	122.8	0.678027967	7	1.866323447	continental	2	19.27777778	Autumn	986	0.537500007	8.791666581	26.48092359	861.2414995	18.5	-14.69999981	33.19999981	11.73333327	-5.283333381	11.73333327	-9.549999873	701	102	36	33.82434983	258	111	258	142	01.10.2018	24.04330063	0.258692801	LUCAS
Lucas0850	45643866	173.2274323	0.482977543	0	64.94117647	10	54.01680374	7.459764242	6.604619252	55.43275492	1.210962145	261.1750789	0.004636591	16.40019779	Lucas0850	WL_broadleaved	Woodland	U120	U120	0-20	8	13	49	38	4.41	14.63	28.3	0	7.9	2.2	130.9	0.961854582	6	1.335074604	boreal	2	12.86363636	Autumn	1209	5.595833329	8.125000055	30.31716363	685.8354475	20.70000076	-6.099999905	26.80000067	13.33333333	0.216666748	14.3499999	-2.433333327	655	76	33	23.33740175	207	114	192	141	02.10.2018	23.30078697	0.641435504	LUCAS
Lucas0851	45884526	358.1355896	0.001548366	0	245.6470588	10	45.21637344	2.292180479	2.861662705	45.77921386	3.068132399	572.5308851	0.005358894	31.18869493	Lucas0851	WL_broadleaved	Woodland	U120	U120	0-20	81	19	34	47	4.27	10.73	62.3	0	39.5	3.3	122.5	0.58790062	7	1.281200901	continental	2	18.87878788	Autumn	831	1.641666731	8.45000009	26.99680523	816.0905566	18.60000038	-12.69999981	31.30000019	12.15000017	-3.733333285	12.15000017	-8.066666603	571	90	27	38.65196463	220	86	220	99	01.10.2018	24.53546333	0.345317066	LUCAS
Lucas0852	55022506	218.2217407	0.758964787	0	186.3529412	9	25.51119614	18.8913002	11.86019295	49.78312251	0.684692942	420.9187901	0.001626663	9.879398645	Lucas0852	GL_managed	Grassland	U111	U111	0-20	10	58	14	28	5.56	6.28	30.6	1E-05	5.5	2.7	177.4	1.274927818	7	0.491627615	continental	3	11.33333333	Autumn	2533	10.43749999	10.92500012	32.61194021	867.3421286	28.10000038	-5.400000095	33.50000048	19.13333337	1.150000039	20.79999987	-0.433333278	570	74	30	34.49584305	217	93	203	95	07.09.2018	3.162785292	-0.272740513	LUCAS
Lucas0853	51863338	161.9043121	0.687530428	0	323.2941176	10	42.24077225	9.337968349	8.345536107	42.20960376	0.601981249	76.80889203	0.00783739	5.198725474	Lucas0853	CL_annual	Cropland	U111	U120	0-20	5	8	74	17	4.91	13.77	10.9	1	71.3	1	110	1.022395891	6	0.99770428	boreal	1	10.9	Autumn	2793	7.270833331	8.47500002	29.02397239	793.6866132	23.10000038	-6.099999905	29.20000029	16.86666663	-1.54999994	16.86666663	-2.583333301	558	78	27	36.25923063	215	85	215	95	05.10.2018	12.32161522	-0.785267949	LUCAS
Lucas0854	44844134	369.8045654	0.117681117	7.252246865	57.88235294	9	88.07861328	10.38136792	4.403534626	56.26893174	2.141503729	350.091245	0.006116987	18.08124174	Lucas0854	WL_coniferous	Woodland	U120	U120	0-20	6	2	72	26	4.69	4.99	27.3	0	20.3	1.4	36.9	0.943240722	6	2.030332779	boreal	2	19.5	Autumn	705	3.500000066	9.183333424	29.62365621	804.0861635	20.60000038	-10.39999962	31	13.70000029	-2.016666651	13.70000029	-6.216666619	841	90	40	25.82511617	265	141	265	160	30.09.2018	19.59129715	0.1836472	LUCAS
Lucas0855	46924698	317.2600098	2.491243768	0	135.5294118	9	64.33862305	8.331809402	1.129759841	43.19449174	0.880723128	160.519945	0.00548669	15.81472291	Lucas0855	D10	Shrubland	U319	NA	0-20	6	3	39	58	4.27	4.18	36.6	0	27	1.2	55.4	0.813978197	6	1.556636982	boreal	Shrubland	30.5	Autumn	1524	0.358333352	9.15000008	25.27624278	964.6356693	19.10000038	-17.10000038	36.20000076	12.58333341	-5.916666557	12.58333341	-11.33333333	617	97	29	38.4276341	238	96	238	108	23.09.2018	14.19041538	-0.651369154	LUCAS
Lucas0856	64081650	335.0197449	3.936139252	21.87483272	232.9411765	10	34.66626358	22.71291351	17.85844672	25.74007832	0.365896667	280.3061189	0.001305347	6.465446149	Lucas0856	D20	Shrubland	U420	U420	0-20	16	25	30	44	8.13	15.66	14.5	69	6.5	1.3	397.4	0.933465366	9	0.622230312	mediterranean	Shrubland	11.15384615	Autumn	1037	18.22499998	12.13333321	40.99099267	672.5105616	34.59999847	5	29.59999847	10.41666651	26.26666673	26.53333314	10.41666651	473	107	2	90.96678137	273	11	11	273	02.10.2018	2.011037588	-0.497036874	LUCAS
Lucas0857	52561940	1303.60144	0.061467511	10.2630959	228.7058824	9	67.12075043	16.58983707	11.55090136	80.06038786	0.562511147	215.2542655	0.00261324	6.658897952	Lucas0857	WL_coniferous	Woodland	U120	U120	0-20	26	25	24	51	6.12	8.09	45.1	2	3.7	2.1	153.3	1.117469969	6	1.353518269	boreal	2	21.47619048	Autumn	1442	8.658333365	8.749999952	33.39694693	644.867272	23.39999962	-2.799999952	26.19999957	5.950000044	16.70000013	16.70000013	1.183333337	924	120	40	35.5754793	335	124	124	258	24.09.2018	5.518194675	-0.565023363	LUCAS
Lucas0858	48363340	99.8309021	1.297508856	0	320.4705882	9	35.55142975	16.11960554	9.155354952	40.73840101	0.493874694	64.39738654	0.007669173	4.734911637	Lucas0858	CL_annual	Cropland	U111	U111	0-20	5	2	93	5	5.93	7.93	3.3	0	55.4	0.4	76.1	1.043519788	7	0.723772705	continental	1	8.25	Autumn	3085	8.274999986	8.299999734	29.32862126	766.5759131	23.89999962	-4.400000095	28.29999971	17.68333324	-0.149999996	17.68333324	-1.24999996	535	76	24	34.3121318	200	85	200	94	25.09.2018	14.39996624	-0.008187284	LUCAS
Lucas0859	34503420	144.5232849	1.069810718	5.126400082	24	10	69.63230896	9.506368637	10.3716774	70.76067352	2.938892062	439.9068469	0.006680715	25.42589438	Lucas0859	GL_managed	Grassland	U111	U111	0-20	9	21	42	38	7.14	21.99	24.4	9	15.6	2.2	112.7	1.0191547	7	1.638161791	continental	3	11.09090909	Autumn	1210	8.841666659	7.366666555	38.97707251	425.2476997	19.39999962	0.5	18.89999962	6.849999984	12.76666649	14.3166666	4.049999992	819	89	54	17.36267283	250	173	188	208	15.10.2018	17.03680038	-0.972443521	LUCAS
Lucas0860	42763084	335.5377197	1.708472945	14.5337469	255.5294118	9	55.65190125	14.50750065	9.364473493	60.56162182	0.460791117	79.16007402	0.005821004	4.300182633	Lucas0860	WL_broadleaved	Woodland	U120	U120	0-20	5	9	67	24	4.3	6.35	21.4	0	16.5	1.3	54.1	1.188834118	7	1.171433994	continental	2	16.46153846	Autumn	1435	8.224999948	8.383333238	33.26719627	635.5652419	22.29999924	-2.900000095	25.19999933	14.66666675	1.483333326	16.18333324	0.583333294	707	72	42	14.57523026	211	146	203	155	22.09.2018	3.65816164	-0.889213085	LUCAS
Lucas0861	44444080	133.7820892	0.012667233	5.126400082	333.1764706	10	53.44616318	5.849765182	5.353367856	60.9028246	1.718472708	69.25965761	0.02481203	47.80350877	Lucas0861	WL_coniferous	Woodland	U120	U120	0-20	7	29	10	61	4.32	12.26	62.4	0	14.3	3.8	98.4	0.731243019	7	1.375713931	continental	2	16.42105263	Autumn	679	4.974999992	8.433333352	28.78270844	769.977865	21.29999924	-8	29.29999924	9.816666742	-0.450000008	14.73333343	-4.283333331	768	83	39	26.31378492	246	129	235	154	18.10.2018	23.13179016	0.319581509	LUCAS
Lucas0862	54401804	170.3240051	1.872315092	5.126400082	262.5882353	10	22.86977196	17.72171116	15.79031262	42.07820651	0.872848948	289.8704908	0.003011169	12.83333333	Lucas0862	CL_permanent	Cropland	U111	U111	0-20	19	18	52	30	8.2	9.96	10.5	6	1.4	1.3	117.3	1.388308502	7	0.450887232	continental	1	8.076923077	Autumn	1074	15.84999997	10.50000018	36.58536642	689.2749806	32	3.299999952	28.70000005	9.283333262	24.63333321	24.63333321	7.883333405	607	99	10	58.16688633	254	43	43	244	09.10.2018	23.39069748	1.976210713	LUCAS
Lucas0863	45464154	396.6660156	0.075808579	5.126400082	352.9411765	10	44.30674362	4.501340508	3.827970015	54.35876967	17.76193948	1920.992587	0.00924623	53.75927175	Lucas0863	WL_coniferous	Woodland	U120	U120	0-20	13	6	48	46	4.28	13.9	133.6	0	14	5.3	138.9	0.681359999	6	1.181470929	boreal	2	25.20754717	Autumn	805	3.23333335	9.550000129	29.93730394	805.727609	20.70000076	-11.19999981	31.90000057	13.45000013	-2.399999956	13.45000013	-6.466666698	795	90	38	27.31680967	269	132	269	151	09.10.2018	24.58911324	0.556327879	LUCAS
Lucas0864	42683096	250.6158905	2.046880277	7.252246865	196.2352941	9	51.56862259	15.12384939	9.364473493	60.56162182	0.308133648	86.93103836	0.003544576	1.952349437	Lucas0864	CL_annual	Cropland	U111	U111	0-20	6	3	88	9	5.73	8.67	11.7	0	37.6	1.1	108.3	1.385625174	6	1.071581414	boreal	1	10.63636364	Autumn	1597	8.566666622	8.66666655	33.72243787	637.7564812	23	-2.700000048	25.70000005	15.0333333	4.249999945	16.5666666	0.883333335	656	70	38	15.76030696	197	132	190	143	22.09.2018	4.582429409	-0.543618619	LUCAS
Lucas0865	44884094	244.2228699	0.029359598	21.87483272	81.88235294	9	82.84379578	11.28072548	5.214652513	56.81614545	1.090311987	178.5789698	0.006105489	9.300016548	Lucas0865	WL_coniferous	Woodland	U120	U120	0-20	4	2	74	24	4.43	7.25	36.8	1	27.7	1.6	86.7	0.063746303	6	1.870877111	boreal	2	23	Autumn	845	4.354166622	9.008333196	29.63267536	800.6459176	21	-9.399999619	30.39999962	12.99999992	-1.183333258	14.46666638	-5.366666615	809	90	40	25.30438178	258	138	253	158	30.09.2018	20.07324219	0.219488531	LUCAS
Lucas0866	45203698	83.54904938	1.183981387	5.126400082	343.0588235	10	75.01085663	9.137429714	8.430336651	58.22335815	4.442253521	467.5883151	0.009500352	47.2075347	Lucas0866	WL_broadleaved	Woodland	U120	U120	0-20	34	6	74	20	3.88	15.55	298	0	20.5	13.1	172.3	0.327739925	6	1.780147891	boreal	2	22.7480916	Autumn	854	7.004166683	7.37500006	30.34979454	642.0792183	20.5	-3.799999952	24.29999995	3.916666607	5.883333405	15.11666679	-0.549999972	970	102	53	20.97121436	289	178	262	246	22.10.2018	23.25277138	0.604982972	LUCAS
Lucas0867	54841800	104.2983093	0.852568254	0	256.9411765	10	21.34553528	18.60086489	16.66894315	38.12899389	0.834170854	251.7591805	0.003313368	26.27529211	Lucas0867	Other bare soil	Bareland	U111	U111	0-20	75	66	4	30	8.48	17.31	11.4	142	5.9	1.1	666.8	1.052060252	7	0.413666231	continental	Bareland	10.36363636	Autumn	1634	16.29166677	9.433333357	34.93827293	672.7009073	31.29999924	4.300000191	26.99999905	10.08333341	24.83333333	24.83333333	8.550000191	535	92	7	62.13737231	228	35	35	225	08.10.2018	19.66106415	1.991244674	LUCAS
Lucas0868	42943084	416.2846069	0.654577556	7.252246865	204.7058824	9	50.25831985	14.7348485	9.294807861	59.33944602	0.458088996	67.2722778	0.006809477	3.783604381	Lucas0868	WL_broadleaved	Woodland	U120	U120	0-20	57	13	56	31	4.28	6.07	24	1	11.6	1.2	47.3	1.117464663	7	1.052864342	continental	2	20	Autumn	1027	7.924999937	7.699999958	31.55737675	635.4508034	21.5	-2.900000095	24.4000001	14.39999994	3.533333222	15.89999994	0.333333333	785	78	52	11.52864808	224	170	215	185	22.09.2018	3.440825224	-0.83681941	LUCAS
Lucas0869	57122348	243.2013855	4.563256608	5.126400082	302.1176471	9	30.44628716	18.40279102	12.7879721	43.59315762	0.857842248	472.3851315	0.001815981	8.479920345	Lucas0869	WL_broadleaved	Woodland	U120	U120	0-20	21.68978102	3	53	44	5	4.69	17.4	1	3.5	1.4	154.1	1.215611723	7	0.592308055	continental	2	12.42857143	Autumn	1662	11.00833329	9.183333303	31.44977205	750.1721961	26.39999962	-2.799999952	29.19999957	14.61666671	19.61666648	20.13333321	1.783333302	570	60	37	15.41698595	169	123	140	133	23.09.2018	6.27477932	0.700278163	LUCAS
Lucas0870	53242382	317.1707458	2.622817768	0	2.823529412	7	60.4823494	21.75799894	11.22274881	51.1002919	0.454322386	165.3002391	0.002748468	12.55982835	Lucas0870	GL_unmanaged	Grassland	U420	U420	0-20	21.68978102	37	28	35	6.33	5.45	20.3	1E-05	14.9	1.9	182.7	1.346810761	6	1.104539073	boreal	3	10.68421053	Summer	2483	10.16666666	10.75000022	34.56591669	785.3584367	27.10000038	-4	31.10000038	14.69999997	1.883333389	19.74999984	0.449999968	626	74	38	20.3026052	200	124	174	127	11.07.2018	16.78163719	1.466806531	LUCAS
Lucas0871	64061610	407.7929382	4.876446843	8.88512427	59.29411765	10	33.06756592	21.96580029	17.31552987	26.13614228	0	432.2982976	0	4.383333333	Lucas0871	D20	Shrubland	U420	U420	0-20	16	31	29	40	8.08	18.17	25.9	556	8.3	2.5	424.6	0.823050828	9	0.601602556	mediterranean	Shrubland	10.36	Autumn	870	17.70833323	10.83333321	40.57428416	615.8395241	32.09999847	5.400000095	26.69999838	10.50000008	25.24999968	25.24999968	10.50000008	519	117	1	94.67587884	308	8	8	308	04.10.2018	10.4619034	-0.0561357	LUCAS
Lucas0872	50963150	312.3453674	0.879553944	0	262.5882353	9	49.55686188	15.26930523	8.649518716	43.65266499	0.72425829	279.7031866	0.002589382	14.5343056	Lucas0872	Other bare soil	Bareland	U111	U111	0-20	12	3	84	6.23	4.25	3.4	12.5	1	26.5	0.7	20	1.22296875	7	1.026674439	continental	Bareland	17.85714286	Autumn	1995	7.545833408	8.57499996	29.36643793	772.5826259	23.10000038	-6.099999905	29.20000029	16.91666698	-0.966666669	16.91666698	-2.099999954	608	86	28	36.72631549	236	95	236	101	26.09.2018	11.11743736	0.065552697	LUCAS
Lucas0874	45743608	66.95288849	0.315078177	0	245.6470588	9	33.73043442	14.45208788	8.726757903	43.1409365	0.486414491	86.25750311	0.005639098	6.709741551	Lucas0874	CL_annual	Cropland	U111	U111	0-20	3	4	87	9	7.24	17.91	8.7	1	122.1	1	95.7	1.502536877	7	0.710831408	continental	1	8.7	Autumn	993	7.670833384	6.875000109	28.88655427	634.9497491	21.20000076	-2.599999905	23.80000067	8.416666706	2.566666663	15.76666689	0.316666683	670	72	39	21.5606441	213	128	163	165	25.09.2018	10.4619034	-0.0561357	LUCAS
Lucas0875	55482542	205.6702118	1.676819093	0	26.82352941	10	16.79227257	12.92670226	11.34627182	55.05493295	0.39565678	220.8839454	0.001791243	6.42656534	Lucas0875	CL_annual	Cropland	U111	U111	0-20	21.68978102	39	36	25	6.42	8.87	13.6	1	49.3	1.6	248.3	1.067405006	7	0.365632012	continental	1	8.5	Autumn	2570	9.779166679	10.95833337	32.90790831	859.2053856	26.89999962	-6.400000095	33.29999971	18.39999994	0.50000003	19.94999981	-1.116666714	561	78	27	40.01664281	224	85	211	85	18.10.2018	4.029401302	-1.071565032	LUCAS
Lucas0876	56682316	139.8244171	0.493476613	0	214.5882353	9	32.49480438	20.43858528	12.75240702	46.73251544	0.506659267	253.2068073	0.00200097	10.60029767	Lucas0876	CL_annual	Cropland	U111	NA	0-20	80	31	30	39	7.87	15.42	19.2	13	20.1	2	312.5	1.067405006	9	0.608077557	mediterranean	1	9.6	Autumn	2371	12.62499997	10.76666662	33.43685331	805.3330725	29.89999962	-2.299999952	32.19999957	16.58333341	21.86666648	22.5666666	2.733333305	579	62	39	16.67909667	175	123	146	133	23.09.2018	2.472000599	-0.219250873	LUCAS
Lucas0877	57122330	304.1837158	1.587355084	0	328.9411765	9	32.4474144	19.41644239	13.27134363	44.31217184	0.316903853	250.3348374	0.00126592	4.301611028	Lucas0877	GL_managed	Grassland	U111	U111	0-20	21.68978102	10	41	49	5.83	5.14	17	1E-05	7.2	1.8	157.5	1.27178553	7	0.619031222	continental	3	9.444444444	Autumn	2138	11.38750008	10.10833336	33.03376951	771.0297827	27.89999962	-2.700000048	30.59999967	14.95000005	20.36666663	20.83333333	2.01666671	579	60	37	16.20033448	170	120	138	137	23.09.2018	3.946398973	0.35446468	LUCAS
Lucas0878	55362256	198.9214172	2.491243768	0	170.8235294	9	27.9825592	19.97905827	12.97339259	56.6557571	0.218191377	67.06718075	0.003253326	6.135877611	Lucas0878	CL_annual	Cropland	U111	NA	0-20	21.68978102	10	59	31	7.87	17.3	43.3	40	17.8	4.2	491.3	1.287194658	7	0.528181514	continental	1	10.30952381	Autumn	2254	11.95416667	11.64166661	34.44280067	829.6643902	30	-3.799999952	33.79999995	20.2833333	17.66666667	22.08333349	1.649999956	523	63	33	22.29611756	173	104	146	116	24.09.2018	3.136772871	-0.23153539	LUCAS
Lucas0879	45743828	276.2835693	0.040037621	5.126400082	302.1176471	9	66.92263794	11.91154146	6.584093847	59.00637657	1.434406913	161.8706468	0.008861439	15.37310952	Lucas0879	WL_coniferous	Woodland	U120	NA	0-20	25	8	64	28	4.62	5.17	42.6	0	21.1	1.8	38.5	0.967921929	6	1.490098887	boreal	2	23.66666667	Autumn	763	5.450000048	8.350000124	30.8118076	681.4023047	20.70000076	-6.400000095	27.10000086	5.74999998	0.18333331	14.16666691	-2.533333319	826	90	47	20.12043971	248	152	224	196	25.09.2018	23.10273361	0.779887915	LUCAS
Lucas0880	51363072	194.5804749	0.999713116	0	43.76470588	10	41.55187225	11.08233833	9.373020975	52.24485899	0.87416016	228.5175232	0.003825353	9.125412541	Lucas0880	WL_broadleaved	Woodland	U120	U120	0-20	10	57	33	6.19	5.98	12.85	10.1	0	24.8	1.2	130	0.972494424	1	0.942596827	alpine	2	8.416666667	Autumn	2103	8.225000026	8.733333404	30.01145509	768.8642705	23.5	-5.599999905	29.0999999	17.46666654	-0.133333276	17.46666654	-1.49999994	619	90	25	43.37747371	250	84	250	89	09.10.2018	13.33684349	-1.021028519	LUCAS
Lucas0881	49203450	72.80715179	1.327445954	0	22.58823529	7	103.0569077	19.75009775	8.622652104	44.84822042	0.46102849	110.7658126	0.004162191	7.246135948	Lucas0881	CL_annual	Cropland	U111	U111	0-20	7	9	69	23	7.43	72.2	115.1	178	43.1	13.4	108.4	1.478715757	6	1.953681833	boreal	1	8.589552239	Summer	2026	7.579166745	7.525000205	27.76752755	731.1400188	22.20000076	-4.900000095	27.10000086	16.48333343	-0.566666683	16.48333343	-1.466666639	630	82	28	33.82844278	230	97	230	111	27.07.2018	15.43399239	0.686539352	LUCAS
Lucas0882	51483142	205.7612915	1.214205755	0	33.88235294	8	56.57914352	20.68206072	9.512963847	45.84486148	0.796545106	193.5179782	0.00411613	12.31908448	Lucas0882	CL_permanent	Cropland	U111	U111	NA	4	30	3	67	5.9	12.96	10.8	1	64.3	1.4	12.2	0.839466201	6	1.053967429	boreal	1	7.714285714	Summer	2400	7.820833151	8.024999938	27.96167244	783.9221109	22.89999962	-5.800000191	28.69999981	17.29999955	-0.74999997	17.29999955	-1.933333347	543	80	22	43.72337872	219	72	219	76	31.08.2018	10.78094482	0.732930541	LUCAS
Lucas0883	36962806	130.9643097	0.99871452	90	0	8	28.95553017	20.97878027	11.6384835	49.73017964	0.16000701	518.4808973	0.000308607	5.545439497	Lucas0883	CL_annual	Cropland	U111	U111	0-20	76	37	12	51	7.84	17.49	20.8	107	16.2	2.4	513	1.148622495	9	0.536424314	mediterranean	1	8.666666667	Summer	2336	10.82083344	9.241666873	37.72108809	569.4672995	25.20000076	0.699999988	24.50000077	7.499999921	6.933333427	17.96666702	4.100000024	623	62	43	9.785000146	167	139	148	156	12.08.2018	4.299379349	-0.172434598	LUCAS
Lucas0884	47462830	193.3340607	0.500613085	0	101.6470588	5	52.87565613	17.87769938	10.42749781	46.31843165	1.02647343	457.9140741	0.002241629	14.70248887	Lucas0884	CL_annual	Cropland	U111	U111	0-20	13	33	22	45	8.19	21.3	17	26	40.9	1.7	437.9	1.219355573	7	1.039269794	continental	1	10	Spring	1976	9.591666639	9.683333397	32.60381531	756.4625564	25.70000076	-4	29.70000076	18.89999994	0.266666691	18.89999994	0.266666691	516	80	19	47.30728235	216	66	216	66	24.05.2018	7.573310852	-0.757267416	LUCAS
Lucas0885	49063030	213.4516907	3.686099648	0	118.5882353	6	76.29910278	18.40984821	9.461419507	53.38855282	0.564418305	171.7763891	0.003285773	9.842584921	Lucas0885	CL_annual	Cropland	U111	U120	0-20	8	19	5	77	6.4	21.4	20.8	1	57.7	1.9	257.7	1.079021046	6	1.484133983	boreal	1	10.94736842	Summer	2261	8.575000132	8.766666899	31.42174451	721.7545017	23.70000076	-4.199999809	27.90000057	17.36666695	0.7666667	17.36666695	-0.399999956	621	95	26	42.92698341	250	86	250	88	07.06.2018	8.858469009	-0.466917396	LUCAS
